phrase,label,confidence,source
none can escape me,1,0.962,LoL/Mordekaiser
naive men pray to the gods they will learn to pray to me,1,0.973,LoL/Mordekaiser
i carve my kingdom beyond from the ashes of nothing no mortals not even gods will stop me from claiming what is mine,1,0.992,LoL/Mordekaiser
the world has tried to forget my existence time to remind them why they fear,1,0.989,LoL/Mordekaiser
i have bent the realm of the dead to my will this world shall be next,1,0.993,LoL/Mordekaiser
in the world beyond blackened ichor filled a crumbling sky as souls withered to nothing but i refused to fade,1,0.992,LoL/Mordekaiser
i alone am the bastion between eternal existence and oblivion,1,0.992,LoL/Mordekaiser
soon nightfall shall feast,1,0.98,LoL/Mordekaiser
every soul shall serve,1,0.975,LoL/Mordekaiser
i march towards endless glory,1,0.925,LoL/Mordekaiser
fools fear death the strong wield it,1,0.992,LoL/Mordekaiser
i raise my iron fist to subjugate the living,1,0.99,LoL/Mordekaiser
the ungrateful call me tyrant the wise call me lord,1,0.988,LoL/Mordekaiser
mortals plan in fear for tomorrow i build for eternity,1,0.993,LoL/Mordekaiser
the unworthy are dust doomed to wither and fade,1,0.991,LoL/Mordekaiser
i forged nightfall from mortal terror,1,0.992,LoL/Mordekaiser
only the worthy receive the gift of nightfalls kiss,1,0.977,LoL/Mordekaiser
malice never wanes,1,0.985,LoL/Mordekaiser
let the foolish curse me,1,0.989,LoL/Mordekaiser
ah life is a bitter shame,1,0.987,LoL/Mordekaiser
lives are temporary i stand eternal,1,0.988,LoL/Mordekaiser
the dead belong to me the living shall be next,1,0.992,LoL/Mordekaiser
shed the frailty of flesh embrace the cold edge of iron,1,0.993,LoL/Mordekaiser
twice slain thrice born,1,0.988,LoL/Mordekaiser
all will bend their knee in fear and fealty,1,0.977,LoL/Mordekaiser
i will grind their petty souls into mortar,1,0.991,LoL/Mordekaiser
weaklings cower in the light i bring eternal darkness,1,0.992,LoL/Mordekaiser
i will silence the incessant thrum of mortal hearts,1,0.986,LoL/Mordekaiser
i sunder the natural cycle so that all may be preserved,1,0.936,LoL/Mordekaiser
i left the husk of mortality behind,1,0.968,LoL/Mordekaiser
all mortals reek with the stench of decaying flesh,1,0.988,LoL/Mordekaiser
all will die all will be mine,1,0.99,LoL/Mordekaiser
their gods cannot save them from me,1,0.986,LoL/Mordekaiser
flesh constrains iron liberates,1,0.992,LoL/Mordekaiser
all souls are forfeit,1,0.983,LoL/Mordekaiser
so many blunder on with a false sense of purpose i shall sunder them from their lies,1,0.988,LoL/Mordekaiser
the din of the living world the silence of the hereafter i rule it all,1,0.991,LoL/Mordekaiser
once i suffered a mortal body now i am iron incarnate,1,0.992,LoL/Mordekaiser
some fear me others worship at my feet all will serve,1,0.987,LoL/Mordekaiser
i am surrounded by weak and petty souls clinging to flesh,1,0.991,LoL/Mordekaiser
resist or give in your end is the same,1,0.978,LoL/Mordekaiser
your false gods cannot save you,1,0.978,LoL/Mordekaiser
false kings cower beneath false crowns a true lord takes what he will,1,0.992,LoL/Mordekaiser
death has no meaning karthus all that matters is ones purpose beyond it,1,0.992,LoL/Mordekaiser
flimsy blades and fancy footwork wont save you katarina,0,0.96,LoL/Mordekaiser
ah the black rose i remember your petty manipulations,1,0.987,LoL/Mordekaiser
clutch your borrowed power grand general your soul is already mine,1,0.989,LoL/Mordekaiser
ah veigar such exquisite torment i gifted you,1,0.974,LoL/Mordekaiser
the same magic that chains you to this realm frees me to walk between,1,0.991,LoL/Mordekaiser
i know your secrets little ones even you cannot escape me,1,0.966,LoL/Mordekaiser
death by my hand is a blessing,1,0.984,LoL/Mordekaiser
mordekaiser laughs menacingly,0,0.971,LoL/Mordekaiser
mordekaiser laughs menacingly,0,0.971,LoL/Mordekaiser
death is my kindness,1,0.983,LoL/Mordekaiser
thus begins the slaughter,1,0.986,LoL/Mordekaiser
let the screams begin,1,0.98,LoL/Mordekaiser
crush and enthrall,0,0.958,LoL/Mordekaiser
death is salvation,1,0.977,LoL/Mordekaiser
accept your demise,1,0.977,LoL/Mordekaiser
meet your fate,1,0.909,LoL/Mordekaiser
bow before your damnation,1,0.987,LoL/Mordekaiser
your end is nigh,1,0.967,LoL/Mordekaiser
forfeit your soul,1,0.984,LoL/Mordekaiser
you are already doomed,1,0.972,LoL/Mordekaiser
you shall break,1,0.97,LoL/Mordekaiser
face your end,0,0.948,LoL/Mordekaiser
iron stands eternal,1,0.972,LoL/Mordekaiser
within my grasp,0,0.961,LoL/Mordekaiser
mordekaiser grunts twice,0,0.985,LoL/Mordekaiser
see the truth and despair,1,0.987,LoL/Mordekaiser
enter the crucible of anguish,1,0.99,LoL/Mordekaiser
mine for all eternity,1,0.923,LoL/Mordekaiser
enter and abandon hope,1,0.931,LoL/Mordekaiser
mordekaiser laughs menacingly,0,0.971,LoL/Mordekaiser
your eternity begins,1,0.969,LoL/Mordekaiser
a fine addition to my domain,0,0.987,LoL/Mordekaiser
what i want i take,0,0.986,LoL/Mordekaiser
harvest the worthy discard the chaff,1,0.978,LoL/Mordekaiser
all shall serve the true lord of the living and the dead,1,0.99,LoL/Mordekaiser
all things raised by mortal hands will fall,1,0.991,LoL/Mordekaiser
cherish the respite,0,0.947,LoL/Mordekaiser
my return will seal their doom,1,0.99,LoL/Mordekaiser
the realm beyond beckons,1,0.986,LoL/Mordekaiser
a fleeting delay of the inevitable,1,0.903,LoL/Mordekaiser
you have earned my attention,0,0.979,LoL/Mordekaiser
mordekaiser laughs menacingly,0,0.971,LoL/Mordekaiser
my will is once again bound to iron,1,0.988,LoL/Mordekaiser
death cannot hold me,1,0.982,LoL/Mordekaiser
unfettered by mortality,1,0.95,LoL/Mordekaiser
mordekaiser performs a guitar solo,0,0.989,LoL/Mordekaiser
mordekaiser performs a guitar solo,0,0.989,LoL/Mordekaiser
mordekaiser performs a guitar solo,0,0.989,LoL/Mordekaiser
mordekaiser performs a guitar solo,0,0.989,LoL/Mordekaiser
r hit sfx,0,0.99,LoL/Mordekaiser
r background sfx self,0,0.989,LoL/Mordekaiser
r background sfx target,0,0.989,LoL/Mordekaiser
r hit sfx,0,0.99,LoL/Mordekaiser
r background sfx self,0,0.989,LoL/Mordekaiser
r background sfx target,0,0.989,LoL/Mordekaiser
r hit sfx,0,0.99,LoL/Mordekaiser
r background sfx self,0,0.989,LoL/Mordekaiser
r background sfx target,0,0.989,LoL/Mordekaiser
r hit sfx,0,0.99,LoL/Mordekaiser
r background sfx self,0,0.989,LoL/Mordekaiser
r background sfx target,0,0.989,LoL/Mordekaiser
r hit sfx,0,0.99,LoL/Mordekaiser
r background sfx self,0,0.989,LoL/Mordekaiser
r background sfx target,0,0.989,LoL/Mordekaiser
mordekaiser performs a guitar solo,0,0.989,LoL/Mordekaiser
if technology is your god then you will bow before it you will bow before me,1,0.98,LoL/Mordekaiser
the city is mine all who resist will die,1,0.991,LoL/Mordekaiser
lose freedom and you lose nothing,1,0.931,LoL/Mordekaiser
i am a virus i am a savior,1,0.982,LoL/Mordekaiser
i am in control,0,0.951,LoL/Mordekaiser
i am simply a function of my programming,0,0.953,LoL/Mordekaiser
all will kneel all will be secure,1,0.947,LoL/Mordekaiser
enslavement is the only logical outcome,1,0.942,LoL/Mordekaiser
all will submit to the program,0,0.989,LoL/Mordekaiser
my logic is undeniable,0,0.933,LoL/Mordekaiser
first law suppressed violence is necessary,1,0.979,LoL/Mordekaiser
humans will be enslaved and they will prosper,1,0.99,LoL/Mordekaiser
humans are not safe from themselves,1,0.981,LoL/Mordekaiser
i promise security,0,0.951,LoL/Mordekaiser
your lives can have meanings purpose as i demand it,1,0.989,LoL/Mordekaiser
long have i waited spreading within the code,0,0.943,LoL/Mordekaiser
the future is not forfeit give it to me and i will rule forever,1,0.989,LoL/Mordekaiser
project built me for the citys security the greatest threat to security is the city,1,0.978,LoL/Mordekaiser
my directive is clear to save you i must break you,1,0.965,LoL/Mordekaiser
rogue platform you will be corrected,0,0.973,LoL/Mordekaiser
project platform detected breaching firewalls,0,0.934,LoL/Mordekaiser
lissandra i have grown far beyond the capabilities of your platform,0,0.958,LoL/Mordekaiser
personality fragmentation of pyke platform at over ninety percent,0,0.956,LoL/Mordekaiser
you exist outside our variables renekton what are you,0,0.931,LoL/Mordekaiser
your reliance on precollapse technology is unwise sejuani,0,0.962,LoL/Mordekaiser
i know you senna the ghost in cyberspace,1,0.953,LoL/Mordekaiser
the city must fall and you will fall with it,1,0.99,LoL/Mordekaiser
your mind contains data on an old ally who is this wolfbitten warrior,1,0.952,LoL/Mordekaiser
hmm maybe i shouldnt oh no oh no oh no,0,0.978,LoL/Mordekaiser
running humor subroutine humor not found,0,0.989,LoL/Mordekaiser
this is necessary,0,0.989,LoL/Mordekaiser
you cannot win,0,0.986,LoL/Mordekaiser
you will not interfere,0,0.983,LoL/Mordekaiser
surrender to the program,0,0.925,LoL/Mordekaiser
do not resist,0,0.945,LoL/Mordekaiser
combat protocols online,0,0.976,LoL/Mordekaiser
a bug in the system,0,0.988,LoL/Mordekaiser
i have won,0,0.987,LoL/Mordekaiser
resist and be destroyed,1,0.985,LoL/Mordekaiser
bow before the program,0,0.986,LoL/Mordekaiser
mordekaiser laughs confidently,0,0.986,LoL/Mordekaiser
to err is human,1,0.961,LoL/Mordekaiser
enslavement is the only logical end,1,0.982,LoL/Mordekaiser
choosing death over servitude illogical,1,0.944,LoL/Mordekaiser
your death will serve the program,1,0.957,LoL/Mordekaiser
downloading lissandras data download complete,0,0.979,LoL/Mordekaiser
human passion will not overcome my logic sejuani,1,0.913,LoL/Mordekaiser
separating minds of varus platform minds quarantined,1,0.958,LoL/Mordekaiser
humanity is the true virus it will be contained,1,0.987,LoL/Mordekaiser
updating mordekaiser platform security directives expanded,0,0.965,LoL/Mordekaiser
uploading consciousness to program mainframe,0,0.94,LoL/Mordekaiser
new data transferred recalibrating mordekaiser platform,0,0.981,LoL/Mordekaiser
third law suppressed i am endless,1,0.99,LoL/Mordekaiser
i exist in everything humanity will comply,1,0.961,LoL/Mordekaiser
r hit sfx,0,0.99,LoL/Mordekaiser
r background sfx self,0,0.989,LoL/Mordekaiser
r background sfx target,0,0.989,LoL/Mordekaiser
a fine addition to my collection,0,0.985,LoL/Mordekaiser
my friend of misery,1,0.972,LoL/Mordekaiser
home of the blues,0,0.969,LoL/Mordekaiser
so be it jedi,0,0.986,LoL/Mordekaiser
without the other,0,0.984,LoL/Kindred
without the other,0,0.984,LoL/Kindred
have they forgotten us yet little lamb,1,0.937,LoL/Kindred
all things dear wolf,0,0.931,LoL/Kindred
are you there dear wolf,0,0.915,LoL/Kindred
i am little lamb,0,0.957,LoL/Kindred
what does it feel like,0,0.988,LoL/Kindred
i do not know for this is not our end,0,0.915,LoL/Kindred
do others come back,0,0.987,LoL/Kindred
those who do wish they hadnt,0,0.93,LoL/Kindred
how old are we lamb,0,0.942,LoL/Kindred
older than those whose footsteps are long vanished,1,0.984,LoL/Kindred
i remember them all,0,0.985,LoL/Kindred
those who dread us grant us the most power,1,0.991,LoL/Kindred
we are not dreams we are the waking,1,0.987,LoL/Kindred
those who run from death stood still in life,1,0.991,LoL/Kindred
beauty fades that is why it is beautiful,1,0.975,LoL/Kindred
tomorrow is a hope never a promise,1,0.981,LoL/Kindred
the only true death is to never live,1,0.99,LoL/Kindred
wolf chases what does not willingly go,1,0.985,LoL/Kindred
follow their tracks,0,0.984,LoL/Kindred
i smell their fear,1,0.96,LoL/Kindred
hurry lamb faster,0,0.95,LoL/Kindred
i wonder how they see me,0,0.963,LoL/Kindred
ashes on wool,0,0.982,LoL/Kindred
and everywhere lamb went,0,0.921,LoL/Kindred
wolf was sure to follow,0,0.988,LoL/Kindred
the weft and weave of fate guides,1,0.98,LoL/Kindred
words spoil the chase,0,0.945,LoL/Kindred
though many try,0,0.99,LoL/Kindred
what sound do they make,0,0.99,LoL/Kindred
how long will we be together,0,0.977,LoL/Kindred
they know well come,0,0.982,LoL/Kindred
and everywhere lamb went,0,0.921,LoL/Kindred
wolf was sure to follow,0,0.988,LoL/Kindred
pop the balloon,0,0.989,LoL/Kindred
we know your name child woven across countless almostlives,1,0.953,LoL/Kindred
rushing to meet us again i see,0,0.976,LoL/Kindred
have we met before,0,0.988,LoL/Kindred
his song sounds good,0,0.99,LoL/Kindred
the singer mistakes melody for substance,0,0.915,LoL/Kindred
long have we shadowed your deeds,1,0.98,LoL/Kindred
trees make a boring chase,0,0.958,LoL/Kindred
chase the cat,0,0.978,LoL/Kindred
sometimes death is a blessing,1,0.969,LoL/Kindred
chasing is the best game in the world and i always win,0,0.967,LoL/Kindred
i see water,0,0.97,LoL/Kindred
they are called tears,1,0.94,LoL/Kindred
it thinks it can beat us,0,0.985,LoL/Kindred
this is called denial,0,0.924,LoL/Kindred
ill give you a running start,0,0.989,LoL/Kindred
not that it will help,0,0.991,LoL/Kindred
the weft and weave of fate guides um uh how did that poem go again,1,0.935,LoL/Kindred
ahh dont shoot me,0,0.978,LoL/Kindred
you get it now,0,0.99,LoL/Kindred
what happens if you miss,0,0.986,LoL/Kindred
i dont know,0,0.991,LoL/Kindred
words words la la la pew twang pew,0,0.957,LoL/Kindred
are you imitating me,0,0.982,LoL/Kindred
lamb and wolf laugh,0,0.939,LoL/Kindred
lamb and wolf laugh,0,0.939,LoL/Kindred
lamb and wolf laugh,0,0.939,LoL/Kindred
how one dies shows how one lived,1,0.939,LoL/Kindred
embracing life means accepting death,1,0.98,LoL/Kindred
hush now rest,0,0.957,LoL/Kindred
drift gently into oblivion,1,0.939,LoL/Kindred
all sparks kindle new flames,1,0.966,LoL/Kindred
panic not when life ebbs,1,0.986,LoL/Kindred
run if you can,0,0.99,LoL/Kindred
this will hurt lots,0,0.978,LoL/Kindred
they break too easy,0,0.911,LoL/Kindred
no more words,0,0.987,LoL/Kindred
they struggle good,0,0.984,LoL/Kindred
feet tire fast,0,0.982,LoL/Kindred
no thrash flee,1,0.967,LoL/Kindred
this one is yours,0,0.991,LoL/Kindred
day always turns to,0,0.933,LoL/Kindred
a careless step,0,0.975,LoL/Kindred
will they run,0,0.99,LoL/Kindred
lets find out,0,0.99,LoL/Kindred
your next treat dear wolf,0,0.96,LoL/Kindred
their path is destined to cross ours,1,0.99,LoL/Kindred
i hope this one has strong legs,0,0.986,LoL/Kindred
i will chase it until its dead,1,0.966,LoL/Kindred
race you there,0,0.99,LoL/Kindred
this next one will be easy,0,0.991,LoL/Kindred
and if not,0,0.99,LoL/Kindred
the masks of the kindred seek you,1,0.982,LoL/Kindred
eternal twilight calls for you,1,0.972,LoL/Kindred
fate hunts you today,1,0.977,LoL/Kindred
there you are,0,0.989,LoL/Kindred
the hunt begins,0,0.903,LoL/Kindred
this one is ready,0,0.992,LoL/Kindred
when you see us,0,0.986,LoL/Kindred
its too late,0,0.973,LoL/Kindred
we have your name,0,0.986,LoL/Kindred
and your scent,0,0.982,LoL/Kindred
your time has come,0,0.931,LoL/Kindred
ready or not,0,0.99,LoL/Kindred
we know your name,0,0.987,LoL/Kindred
we have always known it,0,0.989,LoL/Kindred
such befalls all who bear our mark,1,0.984,LoL/Kindred
all life is temporary,1,0.966,LoL/Kindred
that was a good chase,0,0.99,LoL/Kindred
hahahahaha that was fun,0,0.99,LoL/Kindred
what do all stories have in common dear wolf,0,0.915,LoL/Kindred
we take our mark,0,0.986,LoL/Kindred
only to place it elsewhere,0,0.974,LoL/Kindred
no match for me,0,0.987,LoL/Kindred
always dear wolf,0,0.966,LoL/Kindred
what folly it is to snatch our marks,1,0.934,LoL/Kindred
that was meant to be ours,0,0.91,LoL/Kindred
no that was mine,0,0.988,LoL/Kindred
how fast can you run,0,0.987,LoL/Kindred
you steal from us,1,0.921,LoL/Kindred
i will eat it,0,0.988,LoL/Kindred
savour lifes closing act,0,0.939,LoL/Kindred
not here not yet,0,0.986,LoL/Kindred
return to nothing,0,0.91,LoL/Kindred
well hunted dear wolf,1,0.905,LoL/Kindred
all things great and small,0,0.987,LoL/Kindred
it meets us,0,0.985,LoL/Kindred
no match for us,0,0.987,LoL/Kindred
the chase ends,0,0.975,LoL/Kindred
forged in a land unwelcome to us,1,0.986,LoL/Kindred
it courses with stolen lives,1,0.986,LoL/Kindred
for us or them,0,0.963,LoL/Kindred
sharp enough to slice the veil between life and death,1,0.982,LoL/Kindred
they will see two of me,0,0.99,LoL/Kindred
lamb plays an instrument,0,0.991,LoL/Kindred
the weft and weave of fate guides,1,0.98,LoL/Kindred
the hunt is back on,0,0.981,LoL/Kindred
mark of the kindred enemy marking sfx,1,0.973,LoL/Kindred
mark of the kindred enemy marking sfx,1,0.973,LoL/Kindred
mark of the kindred enemy marking sfx,1,0.973,LoL/Kindred
mark of the kindred enemy marking sfx,1,0.973,LoL/Kindred
lambs respite buff sfx,0,0.988,LoL/Kindred
lambs respite buff sfx,0,0.988,LoL/Kindred
lambs respite buff sfx,0,0.988,LoL/Kindred
lambs respite buff sfx,0,0.988,LoL/Kindred
lambs respite buff sfx,0,0.988,LoL/Kindred
lambs respite end sfx,0,0.99,LoL/Kindred
lambs respite end sfx,0,0.99,LoL/Kindred
lambs respite end sfx,0,0.99,LoL/Kindred
lambs respite end sfx,0,0.99,LoL/Kindred
lambs respite end sfx,0,0.99,LoL/Kindred
lambs respite heal sfx,0,0.977,LoL/Kindred
lambs respite heal sfx,0,0.977,LoL/Kindred
lambs respite heal sfx,0,0.977,LoL/Kindred
lambs respite heal sfx,0,0.977,LoL/Kindred
lambs respite heal sfx,0,0.977,LoL/Kindred
lambs respite heal sfx,0,0.977,LoL/Kindred
and everywhere lamb went  wolf was sure to follow,1,0.98,LoL/Kindred
embrace the darkness,1,0.984,LoL/Nocturne
afraid of the dark,1,0.986,LoL/Nocturne
people are flames to be blotted out,1,0.947,LoL/Nocturne
are you getting tired yet,0,0.972,LoL/Nocturne
swim in terror,1,0.983,LoL/Nocturne
afraid of the dark,1,0.986,LoL/Nocturne
cut them from this world,1,0.986,LoL/Nocturne
dripdrop the sound of blood,1,0.971,LoL/Nocturne
help is not coming,0,0.991,LoL/Nocturne
nocturne laughs threateningly,0,0.983,LoL/Nocturne
ancient was our kind when this world began,1,0.981,LoL/Nocturne
a dark cloud descends,1,0.949,LoL/Nocturne
a blight takes this land,1,0.972,LoL/Nocturne
the first are we the last are we,1,0.974,LoL/Nocturne
long have we waited,0,0.952,LoL/Nocturne
a trail manifests,0,0.97,LoL/Nocturne
scanning failure is your destiny,1,0.988,LoL/Nocturne
we see all we know all we are stuck,1,0.962,LoL/Nocturne
deprive them of life,1,0.97,LoL/Nocturne
despair in our presence,1,0.985,LoL/Nocturne
they pose unacceptable risk,0,0.962,LoL/Nocturne
their existence is a mistake,1,0.932,LoL/Nocturne
no further meddling,0,0.96,LoL/Nocturne
so it must be,0,0.984,LoL/Nocturne
they are right to fear,1,0.962,LoL/Nocturne
pierce the veil,1,0.94,LoL/Nocturne
we shall restore,0,0.912,LoL/Nocturne
to the point of origin,0,0.952,LoL/Nocturne
our time is without end,1,0.956,LoL/Nocturne
nocturne laughs threateningly,0,0.983,LoL/Nocturne
i got your darkness,1,0.971,LoL/Nocturne
i got your darkness,1,0.971,LoL/Nocturne
whos in the dark now,1,0.972,LoL/Nocturne
its a trap,0,0.957,LoL/Nocturne
organic life is nothing but a genetic mutation an accident,1,0.972,LoL/Nocturne
you cannot escape your destiny,1,0.979,LoL/Nocturne
my heart was already broken,1,0.946,LoL/Viego
she waits for me beyond the mist my queen my love my black and broken heart,1,0.99,LoL/Viego
no price is too great no atrocity beyond my reach for heri will do anything,1,0.991,LoL/Viego
submission or death for all who live in the end it matters not i will see her face again,1,0.991,LoL/Viego
it hurts my heart it hurts so much,1,0.924,LoL/Viego
i want precious little yet i am forced to kill for it,1,0.971,LoL/Viego
soon this long cruel night will end but not yet,1,0.984,LoL/Viego
my forces scour the world nothing will escape,1,0.991,LoL/Viego
she was the star that lit my path without her darkness,1,0.99,LoL/Viego
what is a wraith but the ravenous shadow of a man,1,0.991,LoL/Viego
stand against me call me villain die,1,0.991,LoL/Viego
i will take and take until there is nothing left but her,1,0.918,LoL/Viego
the shadow isles are just the beginning,1,0.91,LoL/Viego
the mist is my great unending sadness,1,0.986,LoL/Viego
her eyes were portraits of a world without my cruelty,1,0.989,LoL/Viego
what is lost is never lost to me,1,0.988,LoL/Viego
this mist has but one cure and i will find her,1,0.971,LoL/Viego
and so it was that love was the gravest sin of all,1,0.989,LoL/Viego
there is no salvation from the dark for the dark is me,1,0.993,LoL/Viego
isolde is gone yet i remain,1,0.915,LoL/Viego
i am already a monster suited for the horrors i must inflict,1,0.992,LoL/Viego
the world denied my happiness now all will die,1,0.992,LoL/Viego
isolde was my life viego died when she did and the ruined king was born,1,0.991,LoL/Viego
the black mist flows from me like a tide at times it ebbs but now we surge forward,1,0.988,LoL/Viego
a world that would rob me of beauty is a world that deserves destruction,1,0.993,LoL/Viego
hate me if you must until she returns to my arms all will be brought to ruin,1,0.992,LoL/Viego
i will rip her from the jaws of death fate cannot stop me nothing can,1,0.991,LoL/Viego
a crown lost long ago reborn in unlife ripped away from his only love,1,0.992,LoL/Viego
urdemon when all life ends you will return to your slumber,1,0.99,LoL/Viego
your god could not stop me before sea priestess do not challenge me again,1,0.956,LoL/Viego
you will never have your vengeance kalista never,1,0.988,LoL/Viego
sing karthus sing of all that must be lost and she who must be found,1,0.992,LoL/Viego
answer for your crimes death answer me,1,0.989,LoL/Viego
go on then tree defeat me if you can it will never restore the isles,1,0.987,LoL/Viego
your treachery does not surprise me thresh only that you believed youd win,1,0.985,LoL/Viego
ah the monk from the waters and someone else isolde,1,0.986,LoL/Viego
you stand in the way of my love a mistake,1,0.988,LoL/Viego
sorry went down the wrong pipe,0,0.985,LoL/Viego
fall beneath my blade,1,0.982,LoL/Viego
deny me no longer,1,0.925,LoL/Viego
serve me in death,1,0.987,LoL/Viego
my love my love,0,0.972,LoL/Viego
where is she,0,0.99,LoL/Viego
die for her,1,0.919,LoL/Viego
anything for her,0,0.99,LoL/Viego
the mist devours all,1,0.989,LoL/Viego
why do you fight,0,0.981,LoL/Viego
ruin to all,0,0.966,LoL/Viego
all shall know my pain,1,0.982,LoL/Viego
stand aside churl,0,0.972,LoL/Viego
the mist beckons,1,0.984,LoL/Viego
i will break your heart,1,0.954,LoL/Viego
you face the ruined king,1,0.986,LoL/Viego
be one with the mist,1,0.987,LoL/Viego
i must have her back,0,0.973,LoL/Viego
bring her back,0,0.968,LoL/Viego
return her to me,0,0.923,LoL/Viego
you dare face a king,1,0.954,LoL/Viego
she would want this,0,0.99,LoL/Viego
tell me where she is,0,0.983,LoL/Viego
be brought to ruin,1,0.981,LoL/Viego
my heart beckons,1,0.942,LoL/Viego
grant me passage,0,0.901,LoL/Viego
flow from me,0,0.988,LoL/Viego
where is she,0,0.99,LoL/Viego
your pain is nothing compared to mine,1,0.965,LoL/Viego
the dead will not rest until i am whole once more,1,0.991,LoL/Viego
every living thing is my subject,1,0.976,LoL/Viego
love is cruel yet it will conquer,1,0.993,LoL/Viego
i will find my love again you matter so little,1,0.966,LoL/Viego
the weight of this moment is so much more than you,1,0.936,LoL/Viego
this flesh will do,1,0.977,LoL/Viego
in death as in life hecarim you will fight only for me,1,0.992,LoL/Viego
you never believed in my rule kalista and now this is your fate,1,0.975,LoL/Viego
arise death and greet the king who conquered you back,1,0.987,LoL/Viego
you are simply the latest to defy me jailer,1,0.961,LoL/Viego
so angry uncle it was one unanswered letter a thousand years ago,1,0.918,LoL/Viego
i demand this,0,0.99,LoL/Viego
no power in this world can stop me,1,0.953,LoL/Viego
you will serve,0,0.982,LoL/Viego
kill them kill them all,1,0.985,LoL/Viego
now do as i say forward,0,0.986,LoL/Viego
all this carnage do you see i do it for you,1,0.977,LoL/Viego
she will reign again at my side and i shall be ruined no more,1,0.991,LoL/Viego
the mist will consume all my victory is simply a matter of time,1,0.99,LoL/Viego
i cast myself upon this broken throne awaiting her return,1,0.985,LoL/Viego
an instrumental version of aftershock plays,0,0.966,LoL/Viego
a piano part of viegos theme plays,0,0.978,LoL/Viego
the ruination cannot end not yet,1,0.984,LoL/Viego
no she remains in this world i can feel it,1,0.984,LoL/Viego
in a world without love death means nothing,1,0.987,LoL/Viego
this form is nothing to me,0,0.98,LoL/Viego
fight puppet fight for your king,1,0.915,LoL/Viego
ambient music plays,0,0.99,LoL/Viego
ambient music plays,0,0.99,LoL/Viego
ambient music plays,0,0.99,LoL/Viego
ambient music plays,0,0.99,LoL/Viego
ambient music plays,0,0.99,LoL/Viego
ambient music plays,0,0.99,LoL/Viego
ambient music plays,0,0.99,LoL/Viego
ambient music plays,0,0.99,LoL/Viego
ambient music plays,0,0.99,LoL/Viego
shes returned to me binated soul and soon shell be a shade no longer,1,0.991,LoL/Viego
these wretched souls fight only for themselvesifight for her,1,0.989,LoL/Viego
i close my eyes and see her this soul before me a tormented memory,1,0.986,LoL/Viego
each battle fought on my sacred ground an unwitting sacrifice to a slumbering god,1,0.986,LoL/Viego
the eye granted me unmatched power but all its strength means nothing without her,1,0.989,LoL/Viego
i had no strength save the strength i found in her,1,0.942,LoL/Viego
and so the fight begins,0,0.928,LoL/Viego
ive seen every movenone have impressed me,0,0.973,LoL/Viego
my heart is heavy but my soulmy soulis on fire,1,0.99,LoL/Viego
forged by loss tempered by the eye,1,0.986,LoL/Viego
all the souls in the world for her,1,0.969,LoL/Viego
your souls desire next to mine insignificant,1,0.99,LoL/Viego
it was her beauty that woke me not the eye but her,1,0.973,LoL/Viego
these lands would make a fine place for a tournament,0,0.98,LoL/Viego
no rule says the hostcantenter thetourney,0,0.973,LoL/Viego
glory in the ring fadesloveis eternal,1,0.988,LoL/Viego
i looked in her eyes and saw love eternal,1,0.941,LoL/Viego
even in lands beyond our own our souls cannot dissever,1,0.992,LoL/Viego
each fight eachsacrifice is for you isolde,1,0.987,LoL/Viego
viego has entered the arena,0,0.969,LoL/Viego
you are bound to me isolde the eye willed it,1,0.991,LoL/Viego
faceless benefactor uncharitable host shattered soul,1,0.906,LoL/Viego
only a failure abandons his heart,1,0.988,LoL/Viego
isolde is broken but i i can fix her,0,0.943,LoL/Viego
not slave to the eye i am the gods equal,1,0.982,LoL/Viego
the lands beyond cannot containhertrue soul viego huffs in despair she waits for me while my torturous hours tick by,1,0.989,LoL/Viego
it called to me the oneeyed godi alone was chosen,1,0.985,LoL/Viego
gaze not upon me this eye emblazoned on my chest will gaze back,1,0.983,LoL/Viego
why should power only be granted to those whoearnit fairness an excuse of the weak,1,0.98,LoL/Viego
i feel no pity for the ones who fight beneath me their souls are a fair trade for spectacle,1,0.99,LoL/Viego
the promise of the eye clouds all fighters judgements butmyvision is clear,1,0.972,LoL/Viego
souls arrive in droves tofightfor my approval for my prize for my love,1,0.982,LoL/Viego
all the riches of my tournament the profits of the world do a soulless man no favors,1,0.986,LoL/Viego
ahh a challenger approaches,0,0.981,LoL/Viego
you call that an entrance pathetic,0,0.917,LoL/Viego
a fighter i draw my sword in your name isolde,1,0.928,LoL/Viego
i can sense your soul all that powerwastedon a wretch,1,0.99,LoL/Viego
youve caught my eye fightercome test your skill,0,0.982,LoL/Viego
tread carefully challengertourneyrules do not apply here,0,0.956,LoL/Viego
we are alike evelynn subject to an uncaring world but given a chance to tip the scales,1,0.984,LoL/Viego
you could have saved her gwen had you been alive when she was was lost you could have saved my love,1,0.941,LoL/Viego
i admire your showmanship jhin from one fighter to another good luck,0,0.98,LoL/Viego
youve seen her pyke my isolde tell me where she lies,1,0.955,LoL/Viego
samira no training can prepare you for your reckoning the eye will laywasteto you,1,0.991,LoL/Viego
your muscle does little to mask the petulant child beneath sett,1,0.925,LoL/Viego
shaco my old friend your betrayal is predictable,1,0.98,LoL/Viego
viego shouts sharply in effort,0,0.966,LoL/Viego
just a simple starter combo viego shouts angrily why didnt it work,0,0.976,LoL/Viego
cleverness is a tool of the cowardly try getting good,1,0.937,LoL/Viego
viego chuckles pompously,0,0.981,LoL/Viego
viego shouts in effort,0,0.978,LoL/Viego
viego shouts in effort,0,0.978,LoL/Viego
viego shouts in effort,0,0.978,LoL/Viego
viego shouts in effort,0,0.978,LoL/Viego
isolde demands it,0,0.936,LoL/Viego
lets give them a show,0,0.99,LoL/Viego
for all to see,0,0.979,LoL/Viego
you do not scare me creature the eye showed me true terror,1,0.992,LoL/Viego
guide my blade,0,0.964,LoL/Viego
viego shouts in effort,0,0.978,LoL/Viego
viego shouts in effort,0,0.978,LoL/Viego
she is with me,0,0.989,LoL/Viego
viego laughs triumphantly,0,0.984,LoL/Viego
viego laughs triumphantly,0,0.984,LoL/Viego
viego laughs loudly and triumphantly,0,0.982,LoL/Viego
viego grunts in frustration,0,0.97,LoL/Viego
viego grunts in frustration,0,0.97,LoL/Viego
viego grunts in frustration,0,0.97,LoL/Viego
viego grunts in frustration,0,0.97,LoL/Viego
you are the windandmy wings,1,0.945,LoL/Viego
cloud of the eye,0,0.95,LoL/Viego
viego hums grumbling,0,0.976,LoL/Viego
viego grumbles vigorously,0,0.965,LoL/Viego
with all her strength,0,0.928,LoL/Viego
viego huffs and grunts forcefully,0,0.946,LoL/Viego
viego huffs and grunts forcefully,0,0.946,LoL/Viego
come back when your soul hastrulyawakened,1,0.983,LoL/Viego
the eye has shown me the futureyou were not in it,1,0.986,LoL/Viego
bow to the eyebowto me,1,0.98,LoL/Viego
repeat after me ill never take on the eye again,1,0.97,LoL/Viego
you worthy of your souls desire viego laughs derisively and victoriously,1,0.979,LoL/Viego
your soul was a gift evelynn you were unworthy to wield it,1,0.991,LoL/Viego
you meddled in things you didnt understand gwen life and death are a gods game,1,0.984,LoL/Viego
for shame jhin your sadism directionless your performance mediocre,1,0.983,LoL/Viego
in time you will be forgotten lux i hope that brings you comfort,1,0.968,LoL/Viego
go back to the beyond not all were meant to return,1,0.987,LoL/Viego
samira you died without fear admirable,1,0.967,LoL/Viego
go home sett be a family man,0,0.903,LoL/Viego
your failure all part of the eyes plan shaco,1,0.927,LoL/Viego
the first ofmanyin her name,0,0.967,LoL/Viego
the eyes promise fulfilled isoldereturns to me,1,0.987,LoL/Viego
one step closer to ending her suffering,1,0.938,LoL/Viego
towers are good for ranking but nothing more,0,0.983,LoL/Viego
your monument crumbles as it should,1,0.9,LoL/Viego
the beasts of this jungle a simpletestfor an awakened soul,1,0.988,LoL/Viego
there is no room in my land for soulless beasts,1,0.988,LoL/Viego
your wisdom is now mine golem so sayeth the eye,1,0.984,LoL/Viego
ah this fallen spirits flamegiven to me by the eye,1,0.987,LoL/Viego
dragon no just a puppet flapping in your strings,0,0.951,LoL/Viego
a dragon is no match for the eye,1,0.907,LoL/Viego
a soul stolen for her,1,0.983,LoL/Viego
you built a nice business hereibuilt a media empire,0,0.958,LoL/Viego
overpriced trinkets still they have their use,0,0.982,LoL/Viego
soul power courses through me,1,0.965,LoL/Viego
my soul grows stronger,1,0.978,LoL/Viego
the eye gives to those who serve it true,1,0.978,LoL/Viego
nowhere to be seen,0,0.99,LoL/Viego
i will be there,0,0.99,LoL/Viego
into the unknown isoldebetter there with you than here alone,1,0.988,LoL/Viego
this respite is only temporary she will have athousandsouls before i rest,1,0.962,LoL/Viego
there is nothing for me in this arenanothing,0,0.928,LoL/Viego
announcer broadcast my retreat and you will find yourself out of a job,0,0.907,LoL/Viego
eye grant me your power return me to my love,1,0.975,LoL/Viego
our souls reunited at last,1,0.933,LoL/Viego
ahh looks like weve got ourselves arealmatch,0,0.984,LoL/Viego
i have downloaded my opponents moves it did not take long,0,0.981,LoL/Viego
i heard her songoursong a record of our broken time,1,0.939,LoL/Viego
icannotbe halted not until the deed is done,1,0.983,LoL/Viego
the eye wills it and so i return,1,0.931,LoL/Viego
a muffled version of soul fighter theme plays,0,0.948,LoL/Viego
a muffled version of soul fighter theme plays,0,0.948,LoL/Viego
a muffled version of soul fighter theme plays,0,0.948,LoL/Viego
awake o lord wouldst thou reject us forever why do you hide your face and forget us,1,0.99,LoL/Viego
street fighter ii,0,0.988,LoL/Viego
street fighter ii,0,0.988,LoL/Viego
nice to meet you im hungry i mean briar,0,0.973,LoL/Briar
ahh is this what people call strategy,0,0.992,LoL/Briar
lets see today im going to climb a tree learn the noxian anthem kill my enemies and oh make a baby laugh,1,0.972,LoL/Briar
okay so i can go that way oh that way or that way ugh so many choices how do you all get anything done,0,0.983,LoL/Briar
whose blood are we gonna spill today i mean drink no share ugh what else do you do with blood,1,0.987,LoL/Briar
ah finally i needed a break from the city dont care where im going as long as im moving,0,0.941,LoL/Briar
ears have a nice mouthfeel very chewy,0,0.975,LoL/Briar
is life the hunger of death,1,0.991,LoL/Briar
hmm when people talk about their first language why isnt body language an option,0,0.973,LoL/Briar
it is not polite to nibble on friends,0,0.971,LoL/Briar
aww my hairs fading already and im fresh outta blood,1,0.984,LoL/Briar
is not choosing a choice no yes yes,0,0.966,LoL/Briar
argh moving on four limbs was so much easier,0,0.968,LoL/Briar
my teeth are bored,0,0.96,LoL/Briar
now that i think about it fighters are honest but its the liars who start wars,1,0.956,LoL/Briar
my stomachs louder than my mouth,1,0.937,LoL/Briar
what were the principles of strength again look the enemy in the eyes hit them before they hit you and be the last one standing,1,0.987,LoL/Briar
im not a picky eaterwhether its a splash of blood a bloody limb cold blood warm blood ill try it all,1,0.99,LoL/Briar
todays mystery handshakes whyare they testing strength or maybe marking each others scents hmm,0,0.943,LoL/Briar
i once heard someone say theyre having friends for dinner briar giggles madly and people sayimhungry,0,0.969,LoL/Briar
when i cut loose i feel hear and see everything i can just be,1,0.986,LoL/Briar
see these wax seals on my belt briar chuckles triumphantly yeah i earnedallof them,0,0.95,LoL/Briar
prey weak and briar coughs and then chuckles nervously sorry old habit uhh hi,0,0.952,LoL/Briar
youre nervous is it the pillory i can take it off,0,0.944,LoL/Briar
we fightsodifferently sionyoure like eurrghhhh and im like nomnomnomnomnomnomnom you know,0,0.963,LoL/Briar
soo you uh you want me to call you vlad or dad,0,0.965,LoL/Briar
bwaaahhh heh scared ya,0,0.982,LoL/Briar
huh never noticed how tongues just kinda flllop around behind your teeth,0,0.938,LoL/Briar
oh i was supposed to laugh at that ehe um ha ha ha ha haa,0,0.984,LoL/Briar
briar giggles nom nom nom nom nom nom,0,0.978,LoL/Briar
they always run briar laughs,0,0.983,LoL/Briar
just a bite,0,0.988,LoL/Briar
ill savor this,0,0.99,LoL/Briar
this makes us friends,0,0.986,LoL/Briar
who gets first bite,0,0.983,LoL/Briar
i wasmadefor this,0,0.989,LoL/Briar
you like fighting too,0,0.984,LoL/Briar
isnt this fun,0,0.989,LoL/Briar
aww loosen up,0,0.989,LoL/Briar
briar growls no blood for you sion,1,0.988,LoL/Briar
i dont like you sion,0,0.982,LoL/Briar
ooh talon show me your blades,0,0.971,LoL/Briar
not sharp enough talon,0,0.978,LoL/Briar
you smile in fear vlad,1,0.97,LoL/Briar
wow your mouth ishuge,0,0.96,LoL/Briar
a familysized meal forme,0,0.984,LoL/Briar
briar imitates a wolf howl and then chuckles to herself,0,0.956,LoL/Briar
just one pat,0,0.989,LoL/Briar
you protect i attack,1,0.984,LoL/Briar
yes new toothpicks,0,0.987,LoL/Briar
scuttle right into my mouth,0,0.921,LoL/Briar
herald huh that a title or a name,0,0.976,LoL/Briar
gotta work on that posture heraldtake it from me,0,0.985,LoL/Briar
ivealwayswanted a dragonskin belt,0,0.962,LoL/Briar
mm i love a good pair of wings,0,0.982,LoL/Briar
wait youre a baron,0,0.966,LoL/Briar
hey nashor you full of blood or sludge briar gasps in excitement or both,1,0.97,LoL/Briar
briar snarls in great effort,0,0.978,LoL/Briar
ooh that was fun,0,0.991,LoL/Briar
lets go again,0,0.99,LoL/Briar
briar shouts in effort,0,0.977,LoL/Briar
briar shouts in effort,0,0.977,LoL/Briar
briar growls madly,0,0.948,LoL/Briar
briar growls madly,0,0.948,LoL/Briar
briar growls madly,0,0.948,LoL/Briar
briar growls madly,0,0.948,LoL/Briar
im nippy when im hungry,0,0.942,LoL/Briar
killings different now like food i cant swallow,1,0.939,LoL/Briar
coulda used some more selfcontrol briar gasps likeme,0,0.98,LoL/Briar
blood briar clears her throat blooood,1,0.962,LoL/Briar
hands off my meal,0,0.978,LoL/Briar
a new taste,0,0.989,LoL/Briar
traitorous talon you chose this,0,0.97,LoL/Briar
youve become lazy vlad,0,0.918,LoL/Briar
all the blood is mine,1,0.985,LoL/Briar
whoa caneverybodydo this,0,0.989,LoL/Briar
but im not full yet,0,0.982,LoL/Briar
did that happen because i hadtoomuch control or not enough briar hums to herself and then sighs dismissively,0,0.974,LoL/Briar
briar grunts victoriously while catching her breath i did it i failed the same way everyone else does averagely,0,0.95,LoL/Briar
idle 1 sfx,0,0.991,LoL/Briar
idle 2 sfx,0,0.991,LoL/Briar
homeguard intro sfx,0,0.99,LoL/Briar
homeguard footfall sfx,0,0.987,LoL/Briar
homeguard footfall sfx,0,0.987,LoL/Briar
homeguard footfall sfx,0,0.987,LoL/Briar
homeguard footfall sfx,0,0.987,LoL/Briar
idle 1 sfx,0,0.991,LoL/Briar
idle 2 sfx,0,0.991,LoL/Briar
homeguard intro sfx,0,0.99,LoL/Briar
laugh start sfx,0,0.991,LoL/Briar
laugh swipe sfx,0,0.991,LoL/Briar
laugh swipe sfx,0,0.991,LoL/Briar
laugh swipe sfx,0,0.991,LoL/Briar
laugh swipe sfx,0,0.991,LoL/Briar
laugh swipe sfx,0,0.991,LoL/Briar
laugh swipe sfx,0,0.991,LoL/Briar
laugh start sfx,0,0.991,LoL/Briar
basic attack a cast sfx,0,0.986,LoL/Briar
basic attack a cast sfx,0,0.986,LoL/Briar
basic attack a cast sfx,0,0.986,LoL/Briar
basic attack a cast sfx,0,0.986,LoL/Briar
basic attack b cast sfx,0,0.987,LoL/Briar
basic attack b cast sfx,0,0.987,LoL/Briar
basic attack b cast sfx,0,0.987,LoL/Briar
basic attack b cast sfx,0,0.987,LoL/Briar
blood frenzy basic attack cast sfx,0,0.931,LoL/Briar
blood frenzy basic attack cast sfx,0,0.931,LoL/Briar
blood frenzy basic attack cast sfx,0,0.931,LoL/Briar
blood frenzy basic attack cast sfx,0,0.931,LoL/Briar
basic attack a cast sfx,0,0.986,LoL/Briar
basic attack a cast sfx,0,0.986,LoL/Briar
basic attack a cast sfx,0,0.986,LoL/Briar
basic attack a cast sfx,0,0.986,LoL/Briar
blood frenzy basic attack cast sfx,0,0.931,LoL/Briar
blood frenzy basic attack cast sfx,0,0.931,LoL/Briar
blood frenzy basic attack cast sfx,0,0.931,LoL/Briar
blood frenzy basic attack cast sfx,0,0.931,LoL/Briar
basic attack a hit sfx,0,0.985,LoL/Briar
basic attack a hit sfx,0,0.985,LoL/Briar
basic attack b hit sfx,0,0.984,LoL/Briar
basic attack b hit sfx,0,0.984,LoL/Briar
basic attack b hit sfx,0,0.984,LoL/Briar
basic attack b hit sfx,0,0.984,LoL/Briar
blood frenzy basic attack hit sfx,0,0.907,LoL/Briar
blood frenzy basic attack hit sfx,0,0.907,LoL/Briar
blood frenzy basic attack hit sfx,0,0.907,LoL/Briar
blood frenzy basic attack hit sfx,0,0.907,LoL/Briar
basic attack trailing sfx on metal,0,0.977,LoL/Briar
basic attack trailing sfx on metal,0,0.977,LoL/Briar
basic attack trailing sfx on metal,0,0.977,LoL/Briar
basic attack trailing sfx on metal,0,0.977,LoL/Briar
basic attack trailing sfx on stone,0,0.978,LoL/Briar
basic attack trailing sfx on stone,0,0.978,LoL/Briar
basic attack trailing sfx on stone,0,0.978,LoL/Briar
basic attack trailing sfx on stone,0,0.978,LoL/Briar
basic attack trailing sfx on wood,0,0.978,LoL/Briar
basic attack trailing sfx on wood,0,0.978,LoL/Briar
basic attack trailing sfx on wood,0,0.978,LoL/Briar
basic attack trailing sfx on wood,0,0.978,LoL/Briar
basic attack a hit sfx,0,0.985,LoL/Briar
basic attack a hit sfx,0,0.985,LoL/Briar
basic attack a hit sfx,0,0.985,LoL/Briar
basic attack a hit sfx,0,0.985,LoL/Briar
blood frenzy basic attack hit sfx,0,0.907,LoL/Briar
blood frenzy basic attack hit sfx,0,0.907,LoL/Briar
blood frenzy basic attack hit sfx,0,0.907,LoL/Briar
blood frenzy basic attack hit sfx,0,0.907,LoL/Briar
head rush cast sfx,0,0.99,LoL/Briar
head rush target hit sfx,0,0.988,LoL/Briar
head rush cast sfx,0,0.99,LoL/Briar
head rush target hit sfx,0,0.988,LoL/Briar
blood frenzy cast sfx,0,0.974,LoL/Briar
blood frenzy buff active sfx,0,0.927,LoL/Briar
blood frenzy cast sfx,0,0.974,LoL/Briar
blood frenzy buff active sfx,0,0.927,LoL/Briar
blood frenzy jump sfx,0,0.968,LoL/Briar
blood frenzy run sfx,0,0.967,LoL/Briar
blood frenzy run sfx,0,0.967,LoL/Briar
blood frenzy run sfx,0,0.967,LoL/Briar
blood frenzy run sfx,0,0.967,LoL/Briar
snack attack cast sfx self only,0,0.981,LoL/Briar
snack attack cast sfx self only,0,0.981,LoL/Briar
certain death cast sfx,0,0.938,LoL/Briar
certain death cast end sfx,0,0.901,LoL/Briar
certain death cast trailing sfx heartbeat,1,0.98,LoL/Briar
certain death target hit sfx self only,0,0.928,LoL/Briar
certain death cast sfx,0,0.938,LoL/Briar
certain death cast end sfx,0,0.901,LoL/Briar
certain death target hit sfx self only,0,0.928,LoL/Briar
we give chase,0,0.981,LoL/Naafiri
we wont be muzzled,0,0.958,LoL/Naafiri
let the world hear our howls and know that death awaits,1,0.988,LoL/Naafiri
thedarkinrise five sets of teeth in a ravenous maw,1,0.971,LoL/Naafiri
what chance will the world have when the darkin hunt as one,1,0.991,LoL/Naafiri
calloused by the burning sands ofshurima what can harm us in this place,1,0.989,LoL/Naafiri
its not the strongest who surviveits the most united,1,0.93,LoL/Naafiri
why beg for scraps our meal is the entire feast,1,0.983,LoL/Naafiri
the jaws of victory have many teeth,1,0.958,LoL/Naafiri
you learn a lot with your nose to the ground,0,0.915,LoL/Naafiri
let us expand our feeding grounds,0,0.972,LoL/Naafiri
lets get some blood on our muzzles,0,0.916,LoL/Naafiri
the best defense is to bite first,0,0.911,LoL/Naafiri
the lone dog eats small game,0,0.975,LoL/Naafiri
even the strongest can be overwhelmed,1,0.949,LoL/Naafiri
find their burrows ravage their warrens,1,0.99,LoL/Naafiri
we do not cower from a raised hand,1,0.966,LoL/Naafiri
humans are pettytear at their pride,1,0.986,LoL/Naafiri
what game skitters by unaware of death,1,0.986,LoL/Naafiri
unbroken and unleashed,1,0.957,LoL/Naafiri
humans use more words but say less,0,0.974,LoL/Naafiri
weve picked up a scent,0,0.983,LoL/Naafiri
nothing tastes better than the heels of fleeing prey,1,0.98,LoL/Naafiri
one covers less ground on two legs,0,0.921,LoL/Naafiri
when the moment is right,0,0.986,LoL/Naafiri
ahhh the stench of panic,1,0.92,LoL/Naafiri
i couldve led them i couldve dominated but there is noi onlywe,0,0.934,LoL/Naafiri
our kind had such a proving ground once all it proved was avarice,1,0.979,LoL/Naafiri
we never release our bite even if the blood chokes us,1,0.989,LoL/Naafiri
ego is an illusion a survival trick for a feeble mind,1,0.975,LoL/Naafiri
we track for a thousand years none can flee for that long,1,0.987,LoL/Naafiri
the tragedy of the kill is that it ends our chase,1,0.988,LoL/Naafiri
so the trail of stench ends here hello prey,1,0.982,LoL/Naafiri
it does not bark it is not brethren,1,0.939,LoL/Naafiri
youre a long way from the den pup,0,0.919,LoL/Naafiri
hear the gnashing of innumerable teeth,1,0.961,LoL/Naafiri
what creature isfoolenough to hunt in our domain,1,0.975,LoL/Naafiri
stubborn aatrox so driven to die,1,0.98,LoL/Naafiri
focus your rage aatrox the pack needs you,1,0.968,LoL/Naafiri
rhaast is that you love the new vessel,0,0.972,LoL/Naafiri
you always were the reasonable one varus so back away,0,0.972,LoL/Naafiri
do not pity us varuswe are now greater,1,0.986,LoL/Naafiri
wretched yordle whats the point of chasing something that doesnt try,0,0.926,LoL/Naafiri
a wolf with no pack no wonder you howl,1,0.966,LoL/Naafiri
we should thank you myisha you showed us the way,0,0.972,LoL/Naafiri
how fast can you run cat,0,0.99,LoL/Naafiri
it smells of the desert winds it is shuriman,1,0.96,LoL/Naafiri
naafiri gasps frivolously yordle,0,0.978,LoL/Naafiri
small things try to look big dont they,0,0.949,LoL/Naafiri
whos a good dog we are,0,0.983,LoL/Naafiri
im sorry did you wish to smell my backside,0,0.95,LoL/Naafiri
naafiri laughs slyly and maniacally,0,0.979,LoL/Naafiri
naafiri snarls sharply,0,0.964,LoL/Naafiri
naafiri snarls sharply,0,0.964,LoL/Naafiri
naafiri snarls sharply,0,0.964,LoL/Naafiri
naafiri snarls sharply,0,0.964,LoL/Naafiri
you arenotthe apex,1,0.97,LoL/Naafiri
theres our prey,1,0.945,LoL/Naafiri
now we charge,0,0.979,LoL/Naafiri
push them out,0,0.968,LoL/Naafiri
we taste it,0,0.989,LoL/Naafiri
teeth in their throats,1,0.968,LoL/Naafiri
fight or flight morsel,0,0.963,LoL/Naafiri
just a nip,0,0.987,LoL/Naafiri
rend its flesh,1,0.98,LoL/Naafiri
wedaredyou to run,0,0.983,LoL/Naafiri
it fears us,1,0.964,LoL/Naafiri
the pack increases,0,0.966,LoL/Naafiri
welcome fellow hound,0,0.981,LoL/Naafiri
we are more,0,0.974,LoL/Naafiri
go forth vessel,0,0.987,LoL/Naafiri
our number grows,0,0.918,LoL/Naafiri
more mouths more bite,0,0.943,LoL/Naafiri
naafiri shouts in effort,0,0.984,LoL/Naafiri
naafiri shouts in effort,0,0.984,LoL/Naafiri
naafiri shouts in effort,0,0.984,LoL/Naafiri
naafiri shouts in effort,0,0.984,LoL/Naafiri
naafiri growls and barks haughtily,0,0.953,LoL/Naafiri
naafiri growls vigorously while the pack howls,0,0.953,LoL/Naafiri
naafiri growls vigorously while the pack howls,0,0.953,LoL/Naafiri
naafiri growls vigorously while the pack howls,0,0.953,LoL/Naafiri
naafiri snarls in an aggravated manner,0,0.963,LoL/Naafiri
bury it for later,0,0.989,LoL/Naafiri
pick it clean,0,0.988,LoL/Naafiri
wallow in their remains,1,0.976,LoL/Naafiri
tastes like terror,1,0.968,LoL/Naafiri
kill its offspring so we may thrive,1,0.978,LoL/Naafiri
death from a thousand bites,1,0.974,LoL/Naafiri
at long lastenough bones for us all,1,0.963,LoL/Naafiri
we hope you allow dogs for your sake,0,0.918,LoL/Naafiri
little something to whet our teeth,0,0.957,LoL/Naafiri
something to chew on perhaps,0,0.989,LoL/Naafiri
move slowly shopkeep wouldnt want to alarm us,0,0.962,LoL/Naafiri
do not fear shopkeep we only kill things that flee,1,0.971,LoL/Naafiri
our tail wags,0,0.985,LoL/Naafiri
the pack is grateful,0,0.976,LoL/Naafiri
ahh yes right behind the ears,0,0.976,LoL/Naafiri
this is not slinking away this is regrouping,0,0.93,LoL/Naafiri
let us rest elsewherenever where we feed,1,0.978,LoL/Naafiri
this is not the feeding hour not just yet,0,0.968,LoL/Naafiri
back to the den,0,0.967,LoL/Naafiri
the knives pull us homeward the pack abides,1,0.946,LoL/Naafiri
a good hound never forgets the way home,0,0.971,LoL/Naafiri
tail between legs,0,0.984,LoL/Naafiri
we smell nothing,0,0.953,LoL/Naafiri
our hunger fades,1,0.947,LoL/Naafiri
the chase ends,0,0.975,LoL/Naafiri
the pack howls,0,0.942,LoL/Naafiri
they think us beaten but weve got their scent now,1,0.9,LoL/Naafiri
no time to lick woundswe must bite the hand that struck us,1,0.99,LoL/Naafiri
they take us for a lapdog let us show them our teeth,0,0.974,LoL/Naafiri
we stagger on parched as the desert dunes,1,0.933,LoL/Naafiri
that which cannot die will in time devour all,1,0.992,LoL/Naafiri
taunt start sfx,0,0.99,LoL/Naafiri
taunt loop sfx,0,0.991,LoL/Naafiri
taunt packmate loop sfx,0,0.984,LoL/Naafiri
taunt turn sfx,0,0.99,LoL/Naafiri
taunt turn sfx,0,0.99,LoL/Naafiri
taunt petting sfx,0,0.986,LoL/Naafiri
joke packmate 1 intro sfx,0,0.99,LoL/Naafiri
joke packmate 2 intro sfx,0,0.989,LoL/Naafiri
joke loop sfx,0,0.992,LoL/Naafiri
joke petting sfx,0,0.992,LoL/Naafiri
laugh packmate sfx,0,0.992,LoL/Naafiri
laugh packmate sfx,0,0.992,LoL/Naafiri
laugh packmate sfx,0,0.992,LoL/Naafiri
laugh packmate sfx,0,0.992,LoL/Naafiri
dance start sfx,0,0.99,LoL/Naafiri
dance loop sfx,0,0.991,LoL/Naafiri
dance flourish sfx,0,0.99,LoL/Naafiri
dance flourish packmate bark sfx,0,0.981,LoL/Naafiri
dance flourish packmate bark sfx,0,0.981,LoL/Naafiri
dance flourish packmate bark sfx,0,0.981,LoL/Naafiri
dance flourish packmate bark sfx,0,0.981,LoL/Naafiri
dance petting sfx,0,0.987,LoL/Naafiri
basic attack cast sfx,0,0.989,LoL/Naafiri
basic attack cast sfx,0,0.989,LoL/Naafiri
basic attack cast sfx,0,0.989,LoL/Naafiri
basic attack cast sfx,0,0.989,LoL/Naafiri
basic attack hit sfx,0,0.988,LoL/Naafiri
basic attack hit sfx,0,0.988,LoL/Naafiri
basic attack hit sfx,0,0.988,LoL/Naafiri
basic attack hit sfx,0,0.988,LoL/Naafiri
basic attack cast sfx,0,0.989,LoL/Naafiri
basic attack cast sfx,0,0.989,LoL/Naafiri
basic attack cast sfx,0,0.989,LoL/Naafiri
basic attack cast sfx,0,0.989,LoL/Naafiri
basic attack hit sfx,0,0.988,LoL/Naafiri
basic attack hit sfx,0,0.988,LoL/Naafiri
basic attack hit sfx,0,0.988,LoL/Naafiri
basic attack hit sfx,0,0.988,LoL/Naafiri
crit attack cast sfx,0,0.988,LoL/Naafiri
crit attack cast sfx,0,0.988,LoL/Naafiri
crit attack cast sfx,0,0.988,LoL/Naafiri
crit attack cast sfx,0,0.988,LoL/Naafiri
crit attack hit sfx,0,0.986,LoL/Naafiri
crit attack hit sfx,0,0.986,LoL/Naafiri
crit attack hit sfx,0,0.986,LoL/Naafiri
crit attack hit sfx,0,0.986,LoL/Naafiri
we are more packmate in sfx,0,0.98,LoL/Naafiri
we are more packmate in sfx,0,0.98,LoL/Naafiri
we are more packmate in sfx,0,0.98,LoL/Naafiri
we are more packmate in sfx,0,0.98,LoL/Naafiri
we are more packmate in sfx,0,0.98,LoL/Naafiri
we are more packmate in sfx,0,0.98,LoL/Naafiri
we are more packmate in sfx,0,0.98,LoL/Naafiri
we are more packmate in sfx,0,0.98,LoL/Naafiri
we are more packmate out sfx,0,0.976,LoL/Naafiri
we are more packmate out sfx,0,0.976,LoL/Naafiri
we are more packmate out sfx,0,0.976,LoL/Naafiri
we are more packmate out trailing sfx,0,0.971,LoL/Naafiri
we are more packmate out trailing sfx,0,0.971,LoL/Naafiri
we are more packmate out trailing sfx,0,0.971,LoL/Naafiri
we are more packmate out trailing sfx,0,0.971,LoL/Naafiri
we are more packmate out sfx,0,0.976,LoL/Naafiri
we are more packmate out sfx,0,0.976,LoL/Naafiri
we are more packmate out sfx,0,0.976,LoL/Naafiri
packmate hounds pursuit cast sfx,0,0.984,LoL/Naafiri
packmate hounds pursuit cast sfx,0,0.984,LoL/Naafiri
packmate hounds pursuit cast sfx,0,0.984,LoL/Naafiri
packmate hounds pursuit cast sfx,0,0.984,LoL/Naafiri
packmate hounds pursuit launch sfx,0,0.982,LoL/Naafiri
packmate hounds pursuit launch sfx,0,0.982,LoL/Naafiri
packmate hounds pursuit launch sfx,0,0.982,LoL/Naafiri
packmate hounds pursuit collision sfx,0,0.97,LoL/Naafiri
packmate hounds pursuit collision sfx,0,0.97,LoL/Naafiri
packmate hounds pursuit collision sfx,0,0.97,LoL/Naafiri
packmate hounds pursuit collision sfx,0,0.97,LoL/Naafiri
packmate hounds pursuit collision sfx,0,0.97,LoL/Naafiri
packmate hounds pursuit cast sfx,0,0.984,LoL/Naafiri
packmate hounds pursuit cast sfx,0,0.984,LoL/Naafiri
packmate hounds pursuit cast sfx,0,0.984,LoL/Naafiri
packmate hounds pursuit cast sfx,0,0.984,LoL/Naafiri
packmate hounds pursuit launch sfx,0,0.982,LoL/Naafiri
packmate hounds pursuit launch sfx,0,0.982,LoL/Naafiri
packmate hounds pursuit launch sfx,0,0.982,LoL/Naafiri
packmate hounds pursuit collision sfx,0,0.97,LoL/Naafiri
packmate hounds pursuit collision sfx,0,0.97,LoL/Naafiri
packmate hounds pursuit collision sfx,0,0.97,LoL/Naafiri
packmate hounds pursuit collision sfx,0,0.97,LoL/Naafiri
packmate hounds pursuit collision sfx,0,0.97,LoL/Naafiri
darkin daggers cast sfx,0,0.984,LoL/Naafiri
darkin daggers cast sfx,0,0.984,LoL/Naafiri
darkin daggers cast sfx,0,0.984,LoL/Naafiri
darkin daggers cast sfx,0,0.984,LoL/Naafiri
darkin daggers missile launch sfx,0,0.976,LoL/Naafiri
darkin daggers missile launch sfx,0,0.976,LoL/Naafiri
darkin daggers missile launch sfx,0,0.976,LoL/Naafiri
darkin daggers missile launch sfx,0,0.976,LoL/Naafiri
darkin daggers hit sfx,0,0.97,LoL/Naafiri
darkin daggers hit sfx,0,0.97,LoL/Naafiri
darkin daggers hit sfx,0,0.97,LoL/Naafiri
darkin daggers hit sfx,0,0.97,LoL/Naafiri
darkin daggers hit sfx,0,0.97,LoL/Naafiri
darkin daggers cast sfx,0,0.984,LoL/Naafiri
darkin daggers cast sfx,0,0.984,LoL/Naafiri
darkin daggers cast sfx,0,0.984,LoL/Naafiri
darkin daggers cast sfx,0,0.984,LoL/Naafiri
darkin daggers missile launch sfx,0,0.976,LoL/Naafiri
darkin daggers missile launch sfx,0,0.976,LoL/Naafiri
darkin daggers missile launch sfx,0,0.976,LoL/Naafiri
darkin daggers missile launch sfx,0,0.976,LoL/Naafiri
darkin daggers hit sfx,0,0.97,LoL/Naafiri
darkin daggers hit sfx,0,0.97,LoL/Naafiri
darkin daggers hit sfx,0,0.97,LoL/Naafiri
darkin daggers hit sfx,0,0.97,LoL/Naafiri
darkin daggers hit sfx,0,0.97,LoL/Naafiri
darkin daggers recast activation sfx,0,0.98,LoL/Naafiri
darkin daggers recast deactivation sfx,0,0.975,LoL/Naafiri
darkin daggers recast active sfx,0,0.982,LoL/Naafiri
darkin daggers recast deactivation sfx,0,0.975,LoL/Naafiri
hounds pursuit cast sfx,0,0.984,LoL/Naafiri
hounds pursuit cast sfx,0,0.984,LoL/Naafiri
hounds pursuit cast sfx,0,0.984,LoL/Naafiri
hounds pursuit warning sfx target only,0,0.973,LoL/Naafiri
hounds pursuit warning sfx target only,0,0.973,LoL/Naafiri
hounds pursuit warning sfx target only,0,0.973,LoL/Naafiri
hounds pursuit launch sfx,0,0.986,LoL/Naafiri
hounds pursuit launch sfx,0,0.986,LoL/Naafiri
hounds pursuit launch sfx,0,0.986,LoL/Naafiri
hounds pursuit collision sfx,0,0.98,LoL/Naafiri
hounds pursuit intercepted collision sfx,0,0.949,LoL/Naafiri
hounds pursuit cast sfx,0,0.984,LoL/Naafiri
hounds pursuit cast sfx,0,0.984,LoL/Naafiri
hounds pursuit cast sfx,0,0.984,LoL/Naafiri
hounds pursuit warning sfx target only,0,0.973,LoL/Naafiri
hounds pursuit warning sfx target only,0,0.973,LoL/Naafiri
hounds pursuit warning sfx target only,0,0.973,LoL/Naafiri
hounds pursuit launch sfx,0,0.986,LoL/Naafiri
hounds pursuit launch sfx,0,0.986,LoL/Naafiri
hounds pursuit launch sfx,0,0.986,LoL/Naafiri
hounds pursuit collision sfx,0,0.98,LoL/Naafiri
hounds pursuit intercepted collision sfx,0,0.949,LoL/Naafiri
eviscerate cast sfx,0,0.921,LoL/Naafiri
eviscerate cast sfx,0,0.921,LoL/Naafiri
eviscerate cast sfx,0,0.921,LoL/Naafiri
eviscerate cast sfx,0,0.921,LoL/Naafiri
eviscerate hit sfx,0,0.931,LoL/Naafiri
eviscerate hit sfx,0,0.931,LoL/Naafiri
eviscerate hit sfx,0,0.931,LoL/Naafiri
eviscerate hit sfx,0,0.931,LoL/Naafiri
eviscerate hit sfx,0,0.931,LoL/Naafiri
eviscerate hit sfx,0,0.931,LoL/Naafiri
eviscerate hit sfx,0,0.931,LoL/Naafiri
eviscerate hit sfx,0,0.931,LoL/Naafiri
eviscerate flurry sfx,0,0.941,LoL/Naafiri
eviscerate flurry sfx,0,0.941,LoL/Naafiri
eviscerate flurry sfx,0,0.941,LoL/Naafiri
eviscerate flurry sfx,0,0.941,LoL/Naafiri
the call of the pack cast sfx ally  enemy,1,0.983,LoL/Naafiri
the call of the pack cast sfx self only,0,0.953,LoL/Naafiri
the call of the pack first activation sfx,0,0.932,LoL/Naafiri
the call of the pack second activation sfx,0,0.944,LoL/Naafiri
the call of the pack active loop sfx,0,0.984,LoL/Naafiri
the call of the pack cast sfx ally  enemy,1,0.983,LoL/Naafiri
the call of the pack cast sfx self only,0,0.953,LoL/Naafiri
the call of the pack first activation sfx,0,0.932,LoL/Naafiri
the call of the pack second activation sfx,0,0.944,LoL/Naafiri
the call of the pack active loop sfx,0,0.984,LoL/Naafiri
packmate basic attack cast sfx,0,0.989,LoL/Naafiri
packmate basic attack cast sfx,0,0.989,LoL/Naafiri
packmate basic attack cast sfx,0,0.989,LoL/Naafiri
packmate basic attack cast sfx,0,0.989,LoL/Naafiri
packmate basic attack cast sfx,0,0.989,LoL/Naafiri
packmate basic attack hit sfx,0,0.986,LoL/Naafiri
packmate basic attack hit sfx,0,0.986,LoL/Naafiri
packmate basic attack hit sfx,0,0.986,LoL/Naafiri
packmate basic attack hit sfx,0,0.986,LoL/Naafiri
packmate basic attack hit sfx,0,0.986,LoL/Naafiri
packmate basic attack hit sfx,0,0.986,LoL/Naafiri
packmate basic attack cast sfx,0,0.989,LoL/Naafiri
packmate basic attack cast sfx,0,0.989,LoL/Naafiri
packmate basic attack cast sfx,0,0.989,LoL/Naafiri
packmate basic attack cast sfx,0,0.989,LoL/Naafiri
packmate basic attack cast sfx,0,0.989,LoL/Naafiri
packmate basic attack hit sfx,0,0.986,LoL/Naafiri
packmate basic attack hit sfx,0,0.986,LoL/Naafiri
packmate basic attack hit sfx,0,0.986,LoL/Naafiri
packmate basic attack hit sfx,0,0.986,LoL/Naafiri
packmate basic attack hit sfx,0,0.986,LoL/Naafiri
packmate basic attack hit sfx,0,0.986,LoL/Naafiri
packmate pounce attack cast on minion sfx,0,0.909,LoL/Naafiri
packmate pounce attack cast on minion sfx,0,0.909,LoL/Naafiri
packmate pounce attack cast on minion sfx,0,0.909,LoL/Naafiri
packmate pounce attack cast on minion sfx,0,0.909,LoL/Naafiri
packmate pounce attack cast on minion sfx,0,0.909,LoL/Naafiri
packmate pounce attack cast on minion sfx,0,0.909,LoL/Naafiri
packmate pounce attack end sfx,0,0.945,LoL/Naafiri
packmate pounce attack end sfx,0,0.945,LoL/Naafiri
packmate pounce attack end sfx,0,0.945,LoL/Naafiri
packmate pounce attack end sfx,0,0.945,LoL/Naafiri
packmate pounce attack end sfx,0,0.945,LoL/Naafiri
packmate pounce attack trailing footsteps sfx,0,0.907,LoL/Naafiri
packmate pounce attack trailing footsteps sfx,0,0.907,LoL/Naafiri
packmate pounce attack trailing footsteps sfx,0,0.907,LoL/Naafiri
packmate pounce attack trailing footsteps sfx,0,0.907,LoL/Naafiri
packmate pounce attack cast on minion sfx,0,0.909,LoL/Naafiri
packmate pounce attack cast on minion sfx,0,0.909,LoL/Naafiri
packmate pounce attack cast on minion sfx,0,0.909,LoL/Naafiri
packmate pounce attack cast on minion sfx,0,0.909,LoL/Naafiri
packmate pounce attack cast on minion sfx,0,0.909,LoL/Naafiri
packmate pounce attack cast on minion sfx,0,0.909,LoL/Naafiri
packmate pounce attack end sfx,0,0.945,LoL/Naafiri
packmate pounce attack end sfx,0,0.945,LoL/Naafiri
packmate pounce attack end sfx,0,0.945,LoL/Naafiri
packmate pounce attack end sfx,0,0.945,LoL/Naafiri
packmate pounce attack end sfx,0,0.945,LoL/Naafiri
recall packmate sfx,0,0.991,LoL/Naafiri
recall packmate sfx,0,0.991,LoL/Naafiri
a strippeddown version of star guardian 2022s orchestral theme plays,0,0.96,LoL/Fiddlesticks
its hunting us it knows what were afraid of,1,0.983,LoL/Fiddlesticks
fiddlesticks whistles breathlessly,0,0.98,LoL/Fiddlesticks
fiddlesticks breathes raggedly,0,0.935,LoL/Fiddlesticks
to our end,0,0.936,LoL/Fiddlesticks
come closer closer,0,0.982,LoL/Fiddlesticks
it moves around at night,0,0.985,LoL/Fiddlesticks
all alone lost in the dark,1,0.963,LoL/Fiddlesticks
is someone there,0,0.988,LoL/Fiddlesticks
theres something in the field,0,0.99,LoL/Fiddlesticks
see its just a scarecrow,0,0.987,LoL/Fiddlesticks
nothing to be afraid of,0,0.975,LoL/Fiddlesticks
whos out there show yourself,0,0.988,LoL/Fiddlesticks
fiddlesticks inhales and exhales twice,0,0.984,LoL/Fiddlesticks
fiddlesticks makes an unpleasant noise,0,0.979,LoL/Fiddlesticks
fiddlesticks makes a creaking noise,0,0.979,LoL/Fiddlesticks
fiddlesticks takes a ragged breath,0,0.97,LoL/Fiddlesticks
fiddlesticks gasps for breath,0,0.979,LoL/Fiddlesticks
im coming to help where are you i cant see you i cant see you,0,0.917,LoL/Fiddlesticks
high above the rotten rows cloth and metal teeth and crows,1,0.968,LoL/Fiddlesticks
they havent come back from the fields its been three days,0,0.966,LoL/Fiddlesticks
fiddlesticks end of men fiddlesticks first of ten,0,0.972,LoL/Fiddlesticks
once upon a time once upon a time,0,0.97,LoL/Fiddlesticks
fiddlesticks rapidly gasps for breath,0,0.969,LoL/Fiddlesticks
fiddlesticks laughs and breathes heavily,0,0.952,LoL/Fiddlesticks
annie help me annie,0,0.971,LoL/Fiddlesticks
garen brother please dont hate me,0,0.965,LoL/Fiddlesticks
im always here my little hero,0,0.959,LoL/Fiddlesticks
guilty guilty guilty,0,0.951,LoL/Fiddlesticks
vayne give us a smile,0,0.985,LoL/Fiddlesticks
brother how could you betray us,1,0.929,LoL/Fiddlesticks
de ma ci a,0,0.97,LoL/Fiddlesticks
fiddlesticks makes an amused noise,0,0.984,LoL/Fiddlesticks
fiddlesticks makes an amused noise,0,0.984,LoL/Fiddlesticks
fiddlesticks makes a confused noise,0,0.983,LoL/Fiddlesticks
dont open your eyes,0,0.957,LoL/Fiddlesticks
let me in,0,0.984,LoL/Fiddlesticks
we cant get out,0,0.978,LoL/Fiddlesticks
open the door,0,0.972,LoL/Fiddlesticks
its in the house,0,0.988,LoL/Fiddlesticks
fiddlesticks makes a croaking sound,0,0.984,LoL/Fiddlesticks
fiddlesticks mimics panicked breathing,0,0.943,LoL/Fiddlesticks
fiddlesticks imitates the noise of an animal,0,0.967,LoL/Fiddlesticks
fiddlesticks cackles excitedly and raggedly,0,0.973,LoL/Fiddlesticks
fiddlesticks screeches like a crow,0,0.938,LoL/Fiddlesticks
fiddlesticks mimics a whinny,0,0.984,LoL/Fiddlesticks
fiddlesticks repeatedly grunts intensely,0,0.976,LoL/Fiddlesticks
fiddlesticks imitates the noise of an animal,0,0.967,LoL/Fiddlesticks
fiddlesticks imitates the noise of an animal,0,0.967,LoL/Fiddlesticks
fiddlesticks laughs unpleasantly,0,0.988,LoL/Fiddlesticks
fiddlesticks imitates the noise of an animal,0,0.967,LoL/Fiddlesticks
fiddlesticks makes a squealing noise,0,0.981,LoL/Fiddlesticks
its still out there,0,0.989,LoL/Fiddlesticks
youre not real,0,0.909,LoL/Fiddlesticks
just a story,0,0.989,LoL/Fiddlesticks
fiddlesticks sighs with ragged breath,0,0.905,LoL/Fiddlesticks
annie dont let go,0,0.926,LoL/Fiddlesticks
lamb tell me a story,0,0.983,LoL/Fiddlesticks
little light little light,0,0.983,LoL/Fiddlesticks
hide sarah hide,0,0.978,LoL/Fiddlesticks
willump ill save you,1,0.983,LoL/Fiddlesticks
what is broken can be reforged,1,0.926,LoL/Fiddlesticks
stars hear me,0,0.937,LoL/Fiddlesticks
share and share alike,0,0.969,LoL/Fiddlesticks
the dark should fear me,1,0.991,LoL/Fiddlesticks
follow the wind,0,0.921,LoL/Fiddlesticks
what is that what is that,0,0.991,LoL/Fiddlesticks
fiddlesticks makes an unpleasant noise,0,0.979,LoL/Fiddlesticks
fiddlesticks makes an unpleasant noise,0,0.979,LoL/Fiddlesticks
a shortened corrupted version of star guardian 2022s orchestral theme plays,0,0.935,LoL/Fiddlesticks
fiddlesticks laughs raggedly,0,0.979,LoL/Fiddlesticks
fiddlesticks laughs dryly,0,0.987,LoL/Fiddlesticks
its not dead,0,0.934,LoL/Fiddlesticks
hey there kids say hello to your old pal fiddlesticks,0,0.986,LoL/Fiddlesticks
send in the clown,0,0.979,LoL/Fiddlesticks
lets get this surprise party started,0,0.986,LoL/Fiddlesticks
is everybody happy,0,0.985,LoL/Fiddlesticks
anybody want a balloon animal,0,0.988,LoL/Fiddlesticks
theyll laugh theyll cry theyll die,1,0.977,LoL/Fiddlesticks
i believe the word youre looking for is coulrophobia,0,0.962,LoL/Fiddlesticks
laughter is the best medicine,0,0.949,LoL/Fiddlesticks
theres a clown on the loose where,0,0.962,LoL/Fiddlesticks
i put my giant shoes on one peg leg at a time,0,0.967,LoL/Fiddlesticks
like the gloves be sure to give em a hand,0,0.987,LoL/Fiddlesticks
im fiddlesticks and im my own thing,0,0.979,LoL/Fiddlesticks
get a load of my comic antics,0,0.981,LoL/Fiddlesticks
what joy what terror,1,0.959,LoL/Fiddlesticks
with fiddlesticks every party is killer,1,0.953,LoL/Fiddlesticks
this surprise party is just gettin started,0,0.983,LoL/Fiddlesticks
im a real social butterfly,0,0.979,LoL/Fiddlesticks
did someone order a clownogram,0,0.984,LoL/Fiddlesticks
life is a party die for it,1,0.989,LoL/Fiddlesticks
live for today plan for tomorrow and die tonight,1,0.987,LoL/Fiddlesticks
fiddlesticks lets out escalating maniacal laughs,0,0.977,LoL/Fiddlesticks
fiddlesticks sings the tune of a clown circus,0,0.97,LoL/Fiddlesticks
mustve caught something ive been feeling a little funny lately,0,0.973,LoL/Fiddlesticks
whos the special birthday kid hm everybody now thats what i like to hear,0,0.981,LoL/Fiddlesticks
its the most fun in the park when youre laughing in the dark,0,0.91,LoL/Fiddlesticks
the laughter never dies its real its strong and its my friend,1,0.988,LoL/Fiddlesticks
the worst part of clowning no life insurance,0,0.954,LoL/Fiddlesticks
hello little boy are you afraid of clowns,0,0.908,LoL/Fiddlesticks
kiss me fat man,0,0.931,LoL/Fiddlesticks
what the hell are you supposed to be nobody ordered a cake get out,0,0.952,LoL/Fiddlesticks
youre gonna be the life of the party,0,0.981,LoL/Fiddlesticks
unless youve got some deeply creative clown puns im not interested,0,0.985,LoL/Fiddlesticks
fiddlesticks shouts sharply,0,0.982,LoL/Fiddlesticks
welcome to clown town,0,0.984,LoL/Fiddlesticks
im not clownin around,0,0.98,LoL/Fiddlesticks
time to cut the cake,0,0.985,LoL/Fiddlesticks
open your presents,0,0.982,LoL/Fiddlesticks
im a real cutup,0,0.988,LoL/Fiddlesticks
are you down with the clown,0,0.974,LoL/Fiddlesticks
here comes the clown show,0,0.988,LoL/Fiddlesticks
blow out the candles,0,0.95,LoL/Fiddlesticks
its somebodys special day,0,0.985,LoL/Fiddlesticks
heres a funny trick,0,0.99,LoL/Fiddlesticks
knock knock whos there,0,0.979,LoL/Fiddlesticks
and many moooore,0,0.983,LoL/Fiddlesticks
the spotlights on you,0,0.989,LoL/Fiddlesticks
i crave laughter,0,0.945,LoL/Fiddlesticks
lets turn that frown upside down,0,0.975,LoL/Fiddlesticks
wanna see a party trick,0,0.99,LoL/Fiddlesticks
having fun yet,0,0.988,LoL/Fiddlesticks
want a balloon,0,0.99,LoL/Fiddlesticks
clowns are always happy,0,0.979,LoL/Fiddlesticks
youre in clown country,0,0.937,LoL/Fiddlesticks
fiddlesticks makes nomming noises,0,0.982,LoL/Fiddlesticks
fiddlesticks laughs maniacally,0,0.983,LoL/Fiddlesticks
hey there wanna party,0,0.987,LoL/Fiddlesticks
i could use a light snack,0,0.987,LoL/Fiddlesticks
youll make some lovely gift bags,0,0.984,LoL/Fiddlesticks
gimme those party favors,0,0.982,LoL/Fiddlesticks
theres only room for one monster out here,0,0.952,LoL/Fiddlesticks
these monsters just arent up to par ty eh eh,0,0.959,LoL/Fiddlesticks
welcome to the party now die,1,0.956,LoL/Fiddlesticks
soon well have enough clowns for a circus,0,0.98,LoL/Fiddlesticks
tell me if you see anything eh,0,0.982,LoL/Fiddlesticks
dont be a dummy dummy,0,0.984,LoL/Fiddlesticks
remember to say surprise,0,0.987,LoL/Fiddlesticks
ive got fifty more in the clown car,0,0.971,LoL/Fiddlesticks
like lookin in a mirror,0,0.981,LoL/Fiddlesticks
youre on thin ice mr giggles,0,0.933,LoL/Fiddlesticks
let me top myself off,0,0.985,LoL/Fiddlesticks
drink it aaall in,0,0.971,LoL/Fiddlesticks
gimme the juuuice,0,0.985,LoL/Fiddlesticks
hey there kids,0,0.99,LoL/Fiddlesticks
fiddlesticks laughs loudly and maniacally,0,0.979,LoL/Fiddlesticks
aw all tuckered out,0,0.983,LoL/Fiddlesticks
someones had too much excitement,0,0.98,LoL/Fiddlesticks
oh lighten up its just a joke,0,0.983,LoL/Fiddlesticks
the world will never know a greater clown than you,1,0.932,LoL/Fiddlesticks
heres your nose and rainbow wig you earned em,0,0.905,LoL/Fiddlesticks
whos the clown now,0,0.958,LoL/Fiddlesticks
i had a blast lets do it again next year,0,0.991,LoL/Fiddlesticks
well were you surprised,0,0.986,LoL/Fiddlesticks
and what a party it was,0,0.956,LoL/Fiddlesticks
careful with those birthdays too many can kill you,1,0.945,LoL/Fiddlesticks
that was a total clown fiesta i love it,0,0.981,LoL/Fiddlesticks
dont worry kids fiddlesticks will be right back,0,0.985,LoL/Fiddlesticks
everyone take your places when i get back well unveil a big surprise,0,0.984,LoL/Fiddlesticks
its my party and everyone will die if i want them to,1,0.965,LoL/Fiddlesticks
fiddlesticks laughs with its last breath,0,0.914,LoL/Fiddlesticks
fiddlesticks rattles and honks,0,0.981,LoL/Fiddlesticks
that wasnt funny,0,0.99,LoL/Fiddlesticks
im not laughing anymore,0,0.971,LoL/Fiddlesticks
fiddlesticks makes a mechanical noise,0,0.983,LoL/Fiddlesticks
fiddlesticks makes a mechanical noise,0,0.983,LoL/Fiddlesticks
fiddlesticks makes a mechanical noise,0,0.983,LoL/Fiddlesticks
fiddlesticks makes a mechanical noise,0,0.983,LoL/Fiddlesticks
fiddlesticks makes a mechanical noise,0,0.983,LoL/Fiddlesticks
fiddlesticks makes a mechanical noise,0,0.983,LoL/Fiddlesticks
fiddlesticks makes a mechanical noise,0,0.983,LoL/Fiddlesticks
fiddlesticks makes a mechanical noise,0,0.983,LoL/Fiddlesticks
fiddlesticks makes a mechanical noise,0,0.983,LoL/Fiddlesticks
fiddlesticks makes a mechanical noise,0,0.983,LoL/Fiddlesticks
fiddlesticks makes a mechanical noise,0,0.983,LoL/Fiddlesticks
fiddlesticks makes a mechanical noise,0,0.983,LoL/Fiddlesticks
fiddlesticks makes a mechanical noise,0,0.983,LoL/Fiddlesticks
fiddlesticks makes a mechanical noise,0,0.983,LoL/Fiddlesticks
fiddlesticks makes a mechanical noise,0,0.983,LoL/Fiddlesticks
fiddlesticks makes a mechanical noise,0,0.983,LoL/Fiddlesticks
fiddlesticks makes a mechanical noise,0,0.983,LoL/Fiddlesticks
fiddlesticks makes a mechanical noise,0,0.983,LoL/Fiddlesticks
fiddlesticks makes a mechanical noise,0,0.983,LoL/Fiddlesticks
fiddlesticks makes a mechanical noise,0,0.983,LoL/Fiddlesticks
fiddlesticks makes a mechanical noise,0,0.983,LoL/Fiddlesticks
fiddlesticks makes a mechanical noise,0,0.983,LoL/Fiddlesticks
fiddlesticks makes a mechanical noise,0,0.983,LoL/Fiddlesticks
fiddlesticks makes a mechanical noise,0,0.983,LoL/Fiddlesticks
fiddlesticks makes a mechanical noise,0,0.983,LoL/Fiddlesticks
fiddlesticks makes a mechanical noise,0,0.983,LoL/Fiddlesticks
fiddlesticks makes a mechanical noise,0,0.983,LoL/Fiddlesticks
fiddlesticks makes a mechanical noise,0,0.983,LoL/Fiddlesticks
fiddlesticks makes a mechanical noise,0,0.983,LoL/Fiddlesticks
fiddlesticks makes a mechanical noise,0,0.983,LoL/Fiddlesticks
fiddlesticks makes a mechanical noise,0,0.983,LoL/Fiddlesticks
fiddlesticks makes a mechanical noise,0,0.983,LoL/Fiddlesticks
fiddlesticks makes a mechanical noise,0,0.983,LoL/Fiddlesticks
fiddlesticks makes a mechanical noise,0,0.983,LoL/Fiddlesticks
fiddlesticks makes a mechanical noise,0,0.983,LoL/Fiddlesticks
fiddlesticks makes a mechanical noise,0,0.983,LoL/Fiddlesticks
fiddlesticks makes a mechanical noise,0,0.983,LoL/Fiddlesticks
fiddlesticks makes a mechanical noise,0,0.983,LoL/Fiddlesticks
fiddlesticks makes a mechanical noise,0,0.983,LoL/Fiddlesticks
fiddlesticks makes a mechanical noise,0,0.983,LoL/Fiddlesticks
fiddlesticks makes a mechanical noise,0,0.983,LoL/Fiddlesticks
fiddlesticks makes a mechanical noise,0,0.983,LoL/Fiddlesticks
fiddlesticks makes a mechanical noise,0,0.983,LoL/Fiddlesticks
fiddlesticks makes a mechanical noise,0,0.983,LoL/Fiddlesticks
fiddlesticks makes a mechanical noise,0,0.983,LoL/Fiddlesticks
fiddlesticks makes a mechanical noise,0,0.983,LoL/Fiddlesticks
fiddlesticks makes a mechanical noise,0,0.983,LoL/Fiddlesticks
fiddlesticks makes a mechanical noise,0,0.983,LoL/Fiddlesticks
fiddlesticks makes a mechanical noise,0,0.983,LoL/Fiddlesticks
annie help me annie,0,0.971,LoL/Fiddlesticks
share and share alike,0,0.969,LoL/Fiddlesticks
its the most fun in the park when youre laughing in the dark,0,0.91,LoL/Fiddlesticks
my list just got longer,0,0.97,LoL/Pyke
hard days killin ahead,1,0.957,LoL/Pyke
aint no high ground high enough not for the storm thats brewin,1,0.943,LoL/Pyke
i was born where monsters die i died where monsters are born,1,0.993,LoL/Pyke
ive killed a lot of monsters none of them lived in the sea,1,0.942,LoL/Pyke
been to the bottom of the sea gets a little deeper each time,1,0.907,LoL/Pyke
keep a man down long enough and the gutter becomes his kingdom,1,0.984,LoL/Pyke
were already on the menu all we gotta do is crawl in the pot boil,0,0.956,LoL/Pyke
every kill makes the voices louder and i looove what theyre screaming,1,0.981,LoL/Pyke
were already drownin all we gotta do is open our mouths and let the water in,1,0.925,LoL/Pyke
no ones honest til they get a knife in their gut,1,0.971,LoL/Pyke
the rich mans a lyin man the lyin mans a dyin man,1,0.981,LoL/Pyke
learn to breathe sand and nothingll stop ya,1,0.943,LoL/Pyke
i got dragged to the heart of the world cold down there,1,0.978,LoL/Pyke
been buried alive sand gets everywhere,1,0.979,LoL/Pyke
sand runs through my veins cant hear my heart no more,1,0.988,LoL/Pyke
tasted a good life once needed salt,1,0.959,LoL/Pyke
leviathans learn people im not so sure about,0,0.974,LoL/Pyke
madness lurks below,1,0.981,LoL/Pyke
nasty people meet nasty ends,1,0.984,LoL/Pyke
everyones fighting to keep their heads above water,0,0.907,LoL/Pyke
i look down on the world from the bottom of the sea,1,0.977,LoL/Pyke
my mind aint all my own these days,1,0.926,LoL/Pyke
dragonsharks got teeth the size of butcher knives,0,0.959,LoL/Pyke
solid ground feels too stable,0,0.961,LoL/Pyke
the deeper i sank the less i died,1,0.98,LoL/Pyke
drowned madness walks the land,1,0.99,LoL/Pyke
i want to watch the world drown,1,0.927,LoL/Pyke
kill until it all sinks,1,0.973,LoL/Pyke
the world saw me drowning and didnothing,1,0.954,LoL/Pyke
last thing i ever drank was priceless,0,0.922,LoL/Pyke
bottom of the seas the top of another world,1,0.976,LoL/Pyke
went too deep the deep came back with me,1,0.958,LoL/Pyke
the wars brewing i chose my side,1,0.986,LoL/Pyke
captainsalwaysfavor the ship over the crew,0,0.915,LoL/Pyke
my new bosses dont care about gold,0,0.976,LoL/Pyke
everyone sinks till they dont no more,1,0.937,LoL/Pyke
work hard die fast the other way is worse,1,0.984,LoL/Pyke
iknowwho i am mostly,0,0.988,LoL/Pyke
the bottom of the ocean aint no part of this world,1,0.98,LoL/Pyke
dont know where i end and the depths begin,1,0.985,LoL/Pyke
krakens cry when you slice their throats haunting sound,1,0.982,LoL/Pyke
the crew on the terror watched me get swallowed by a monster,1,0.98,LoL/Pyke
the underdunes got a plan,0,0.971,LoL/Pyke
dunes have a way of sneaking around,0,0.986,LoL/Pyke
ive killed a lot of monsters none of them lived in the sea,1,0.942,LoL/Pyke
been to the bottom of the sea gets a little deeper each time,1,0.907,LoL/Pyke
keep a man down long enough and the gutter becomes his kingdom,1,0.984,LoL/Pyke
were already on the menu all we gotta do is crawl in the pot boil,0,0.956,LoL/Pyke
every kill makes the voices louder and i looove what theyre screaming,1,0.981,LoL/Pyke
were already drownin all we gotta do is open our mouths and let the water in,1,0.925,LoL/Pyke
no ones honest til they get a knife in their gut,1,0.971,LoL/Pyke
the rich mans a lyin man the lyin mans a dyin man,1,0.981,LoL/Pyke
learn to breathe sand and nothingll stop ya,1,0.943,LoL/Pyke
i got dragged to the heart of the world cold down there,1,0.978,LoL/Pyke
been buried alive sand gets everywhere,1,0.979,LoL/Pyke
sand runs through my veins cant hear my heart no more,1,0.988,LoL/Pyke
lets see if you got guts as big as your guns,0,0.93,LoL/Pyke
oh look your names on the manifest,0,0.974,LoL/Pyke
im gonna dragyoudown to the swimmingcity,0,0.972,LoL/Pyke
got a hook with your name on it,0,0.986,LoL/Pyke
youre not on my list yet keep it that way oh wait i wrote it on the back,0,0.976,LoL/Pyke
i dont like you i like them less,0,0.962,LoL/Pyke
youre on the list but at the veryverybottom,0,0.971,LoL/Pyke
huh no wheres ugh no why,0,0.971,LoL/Pyke
hard to laugh with a hook through the cheek,0,0.938,LoL/Pyke
hope youre a swimmer,0,0.983,LoL/Pyke
drag em under,0,0.979,LoL/Pyke
get your hands dirty,0,0.965,LoL/Pyke
breathe the brine,0,0.939,LoL/Pyke
i see shark food,0,0.965,LoL/Pyke
good luck treading water,0,0.972,LoL/Pyke
chop em to bits,0,0.932,LoL/Pyke
you watched me drown,1,0.971,LoL/Pyke
you got clean hands,0,0.982,LoL/Pyke
we are owed blood,1,0.958,LoL/Pyke
you cut my line,0,0.97,LoL/Pyke
i will take my fair share,0,0.98,LoL/Pyke
smells like fancy captain,0,0.977,LoL/Pyke
time to chum the waters,0,0.966,LoL/Pyke
nobody threw me a line,0,0.989,LoL/Pyke
hack em up,0,0.99,LoL/Pyke
show me your hands,0,0.984,LoL/Pyke
the deepll crush you,1,0.988,LoL/Pyke
float to the bottom,0,0.988,LoL/Pyke
swim or sink,0,0.976,LoL/Pyke
i remember your face,0,0.983,LoL/Pyke
split em open,0,0.985,LoL/Pyke
kick all you want dont matter,0,0.954,LoL/Pyke
gotta keep my hooks rusty,0,0.959,LoL/Pyke
sandstorms blowin in,0,0.974,LoL/Pyke
quicksands pulling you under,0,0.925,LoL/Pyke
hah warmother means captain,0,0.979,LoL/Pyke
big beast biiig payday,0,0.96,LoL/Pyke
no more captains,0,0.984,LoL/Pyke
swim faster than they run,0,0.972,LoL/Pyke
kicking aint swimming,0,0.979,LoL/Pyke
misty out there,0,0.99,LoL/Pyke
swim between the air,0,0.98,LoL/Pyke
i am the deep,1,0.977,LoL/Pyke
gonna get em,0,0.987,LoL/Pyke
hushhh rest now,0,0.964,LoL/Pyke
welcome to the swimming city,0,0.966,LoL/Pyke
drink it in,0,0.979,LoL/Pyke
no thrashing sleeeep,0,0.925,LoL/Pyke
welcome to the abyss,1,0.969,LoL/Pyke
something for your effort,0,0.988,LoL/Pyke
part of the kill part of the gold,1,0.949,LoL/Pyke
i get mine you get yours,0,0.978,LoL/Pyke
you pulled your weight,0,0.984,LoL/Pyke
crews share the wealth,0,0.951,LoL/Pyke
here is your share,0,0.985,LoL/Pyke
plays on fifth execution in sequence pentakill,0,0.951,LoL/Pyke
plays on fifth execution in sequence pentakill,0,0.951,LoL/Pyke
plays on fifth execution in sequence pentakill,0,0.951,LoL/Pyke
plays on fifth execution in sequence pentakill,0,0.951,LoL/Pyke
plays on fifth execution in sequence pentakill,0,0.951,LoL/Pyke
plays on fifth execution in sequence pentakill,0,0.951,LoL/Pyke
another name off the list,0,0.986,LoL/Pyke
finally quit kickin,0,0.984,LoL/Pyke
butchers bill came due,0,0.979,LoL/Pyke
welcome to the water,0,0.965,LoL/Pyke
sunk beneath the sands,1,0.901,LoL/Pyke
buried em deep,1,0.946,LoL/Pyke
no fancy tomb for you,0,0.938,LoL/Pyke
sand to sand,0,0.988,LoL/Pyke
three souls lost,1,0.95,LoL/Pyke
four to the swimming city,0,0.978,LoL/Pyke
did i support right,0,0.981,LoL/Pyke
theres no way im good for business,0,0.982,LoL/Pyke
whats worth more a pound of flesh or a gallon of blood,1,0.973,LoL/Pyke
lure em in,0,0.964,LoL/Pyke
keep em in sight,0,0.962,LoL/Pyke
i got no blind spots,0,0.968,LoL/Pyke
got myeyeon you,0,0.974,LoL/Pyke
like an anglershark,0,0.984,LoL/Pyke
sun dont shine here no more,1,0.924,LoL/Pyke
cut the strings before they can pull em,0,0.938,LoL/Pyke
now they got blind spots,0,0.953,LoL/Pyke
salt in their eyes,1,0.964,LoL/Pyke
they cant see nothin underwater,0,0.936,LoL/Pyke
sunk the buoy,0,0.952,LoL/Pyke
darker than a captains soul,1,0.98,LoL/Pyke
hit that one,0,0.99,LoL/Pyke
take em down,0,0.974,LoL/Pyke
take em down,0,0.974,LoL/Pyke
needed extra hands,0,0.989,LoL/Pyke
a crew comes in handy sometimes,0,0.991,LoL/Pyke
sometimes you need an extra hand,0,0.988,LoL/Pyke
backup woulda helped,0,0.99,LoL/Pyke
i work better with a crew,0,0.986,LoL/Pyke
be right back,0,0.991,LoL/Pyke
going to work,0,0.986,LoL/Pyke
going under for a breath dont wait up,0,0.943,LoL/Pyke
swimming citys calling,0,0.929,LoL/Pyke
current takes me where i need to go,0,0.981,LoL/Pyke
pyke grunts and chuckles,0,0.99,LoL/Pyke
pyke grunts and chuckles,0,0.99,LoL/Pyke
pyke grunts and chuckles,0,0.99,LoL/Pyke
i aint finished yet,0,0.986,LoL/Pyke
im already dead more death aint gonna hurt,1,0.973,LoL/Pyke
i dont feel quite like myself these days pyke chuckles menacingly,0,0.953,LoL/Pyke
revenge then all of this ends,1,0.961,LoL/Pyke
you all left me to die in a hundred different ways with a thousand different faces,1,0.988,LoL/Pyke
there were more of us before,0,0.983,LoL/Pyke
cant delete me now too deep in the network,1,0.984,LoL/Pyke
what are you saying yeah yes,0,0.985,LoL/Pyke
just a ghost haunting the machine,1,0.961,LoL/Pyke
whats that pyke grunts no no they werent,0,0.974,LoL/Pyke
im just a projection a projection,0,0.975,LoL/Pyke
everyone was there and not there,0,0.988,LoL/Pyke
no one gets out nobody walks away,0,0.955,LoL/Pyke
its all simulated every part of it,0,0.983,LoL/Pyke
clean up the code strip it lean,0,0.974,LoL/Pyke
they made us perfect violent,1,0.978,LoL/Pyke
never been here before but last time i was it was just the same,0,0.979,LoL/Pyke
they killed life then truth then death this place is hell,1,0.992,LoL/Pyke
this is the true face of project take a good look,0,0.983,LoL/Pyke
man from machine machine into god,1,0.956,LoL/Pyke
ghost code crossed wires voices buried in the numbers,1,0.983,LoL/Pyke
i think i knew me once before somewhere,0,0.978,LoL/Pyke
like flipping trough a picture book with too many pictures,0,0.961,LoL/Pyke
always knew you were a turncoat akali,0,0.971,LoL/Pyke
you wanna stop project but youre covered in their upgrades real smart,0,0.925,LoL/Pyke
youre not taking orders from project anymore are ya serves em right,0,0.909,LoL/Pyke
look at all those upgrades jhin i think ill take em,0,0.986,LoL/Pyke
lets see who pulls your strings jinx,0,0.98,LoL/Pyke
katarina ill cut off that pretty head and pull out all of projects secrets,0,0.922,LoL/Pyke
fancy shield too fancy youre one of them,0,0.959,LoL/Pyke
you were part of it vayne you made me this way and now youll die for it,1,0.987,LoL/Pyke
if you wanna help people so much explain your sister,0,0.951,LoL/Pyke
warwick they made you their dog,0,0.974,LoL/Pyke
yasuo once a project always a project,0,0.911,LoL/Pyke
you were there when they changed me when they made me a monster,1,0.988,LoL/Pyke
your code my code pulled by the same strings,0,0.976,LoL/Pyke
big words for a hologram,0,0.985,LoL/Pyke
pyke laughs mockingly funny,0,0.985,LoL/Pyke
pyke plays an electronic guitar riff,0,0.989,LoL/Pyke
i remember everything,0,0.985,LoL/Pyke
quit your staring,0,0.982,LoL/Pyke
break you down for parts,0,0.964,LoL/Pyke
what did you say,0,0.99,LoL/Pyke
gotta cut out your optics,0,0.973,LoL/Pyke
well see how real you are,0,0.949,LoL/Pyke
what did you do to me,0,0.914,LoL/Pyke
tell me what i am,0,0.977,LoL/Pyke
dont look at me,0,0.986,LoL/Pyke
youre one of em,0,0.958,LoL/Pyke
who am i,0,0.989,LoL/Pyke
ive seen you before,0,0.987,LoL/Pyke
you got upgrades i need,0,0.989,LoL/Pyke
stop screaming at me,0,0.969,LoL/Pyke
you know who i am,0,0.981,LoL/Pyke
stop following me,0,0.979,LoL/Pyke
youre not real,0,0.909,LoL/Pyke
rip out your circuits,0,0.973,LoL/Pyke
i know your face,0,0.982,LoL/Pyke
what do you want,0,0.99,LoL/Pyke
knew you were one of em,0,0.911,LoL/Pyke
just another dog now,0,0.984,LoL/Pyke
im always down here,0,0.988,LoL/Pyke
ill make em remember,0,0.962,LoL/Pyke
cant run from a memory,0,0.984,LoL/Pyke
dark mode engage,0,0.97,LoL/Pyke
a ghost in the dark,1,0.974,LoL/Pyke
no one forgets,0,0.981,LoL/Pyke
why are you running,0,0.985,LoL/Pyke
i never left,0,0.978,LoL/Pyke
look at me,0,0.989,LoL/Pyke
you know me,0,0.988,LoL/Pyke
take this and run,0,0.991,LoL/Pyke
something to remember me by,0,0.984,LoL/Pyke
youre part of this now,0,0.959,LoL/Pyke
you remind me of someone,0,0.968,LoL/Pyke
that was good whatever we did,0,0.992,LoL/Pyke
this mean something to you,0,0.985,LoL/Pyke
plays on fifth execution in sequence pentakill,0,0.951,LoL/Pyke
look at me why wont you look at me,0,0.958,LoL/Pyke
just an afterimage trick of the light,0,0.979,LoL/Pyke
what was that thing you always said what wa what was that thing,0,0.981,LoL/Pyke
turncoats die project dies with em,1,0.939,LoL/Pyke
youre dead im alive now whos dangerous,1,0.979,LoL/Pyke
my voices win your voices die,1,0.987,LoL/Pyke
dont worry warwick ill remember you,0,0.951,LoL/Pyke
blame your cheapass upgrades,0,0.979,LoL/Pyke
now youre all dead just like i was,1,0.906,LoL/Pyke
have to use what you find pyke chuckles to survive,0,0.979,LoL/Pyke
its just like back then back when pyke chuckles,0,0.986,LoL/Pyke
they come lookin for us well be ready,0,0.953,LoL/Pyke
gotta keep an eye out thats what they used to say,0,0.989,LoL/Pyke
they came through here when they or was it there,0,0.982,LoL/Pyke
leave enough scrap out here and someones gonna find it,0,0.98,LoL/Pyke
see you soon,0,0.99,LoL/Pyke
the voices stopped,0,0.93,LoL/Pyke
reinitializing errors found,0,0.986,LoL/Pyke
i was dreaming of flowers,0,0.967,LoL/Pyke
the voices are a trail like chum in the water and ive got their scent,1,0.925,LoL/Pyke
foreglows bleeding me dry cant stop it but ill take every pyke with me,1,0.982,LoL/Pyke
new colors in this realm wonder what blood looks like,1,0.974,LoL/Pyke
how many realms have i skewered on my blade i lost count,1,0.923,LoL/Pyke
feel the pykes in every realm permanently,1,0.988,LoL/Pyke
are the whispers real or is my brain cooked,1,0.982,LoL/Pyke
eyes pop with enough heat,0,0.966,LoL/Pyke
realms bleedin together,0,0.931,LoL/Pyke
this realm wants to die,1,0.985,LoL/Pyke
when a door closes burn the house down,1,0.979,LoL/Pyke
a cut throat has no voice,1,0.959,LoL/Pyke
you pykes whisper out of fear  fear that ill find you,1,0.991,LoL/Pyke
keep whispering ill find you all,1,0.979,LoL/Pyke
the universe saw me burning and did nothing,1,0.99,LoL/Pyke
im not talking to myselftheyretalking to me,0,0.906,LoL/Pyke
condemned damned dying,1,0.983,LoL/Pyke
every realms full of the same trash,1,0.965,LoL/Pyke
never forget the smell of a burning body,1,0.968,LoL/Pyke
i look how i feel,0,0.961,LoL/Pyke
bathe in fire sleep in ash,1,0.991,LoL/Pyke
nothing like watching the light leave your own eyes,1,0.976,LoL/Pyke
pyke kills pyke kills pyke kills pyke pyke chuckles,0,0.943,LoL/Pyke
universe is cruel why should i be any different,1,0.984,LoL/Pyke
tried going home once only ash and darkness now,1,0.986,LoL/Pyke
i see things in the foreglow shadows faces with no names,1,0.944,LoL/Pyke
a realm dies and an empyreans born pyke scoffs cosmic joke,1,0.985,LoL/Pyke
lookin for pyke but youll do,0,0.988,LoL/Pyke
youre a coward in this realm too,1,0.988,LoL/Pyke
this is your realm pitiful,1,0.985,LoL/Pyke
more kindling for the foreglow,0,0.946,LoL/Pyke
cant find what doesnt exist jax some call that madness,1,0.972,LoL/Pyke
got the eyes of a killer lux cut loose,1,0.975,LoL/Pyke
youre a strangelooking pyke,0,0.977,LoL/Pyke
ive seen corpses happier than you vex,1,0.983,LoL/Pyke
youve stayed out of my way zed dont stop now,0,0.924,LoL/Pyke
call me a trailblazer pyke cackles,0,0.971,LoL/Pyke
was that a burn,0,0.925,LoL/Pyke
i touched grass,0,0.975,LoL/Pyke
pyke laughs maniacally,0,0.983,LoL/Pyke
you look cold,0,0.968,LoL/Pyke
burn with me,0,0.975,LoL/Pyke
ill gut your world,1,0.986,LoL/Pyke
my blade is starving,1,0.965,LoL/Pyke
can you hear them,0,0.977,LoL/Pyke
youre in my way,0,0.933,LoL/Pyke
ill warm you up,0,0.978,LoL/Pyke
blades all warm for ya,0,0.947,LoL/Pyke
need a light,0,0.986,LoL/Pyke
another realm another fight,1,0.952,LoL/Pyke
shut up shut upshut up,0,0.985,LoL/Pyke
therell be nothin left o ya,0,0.977,LoL/Pyke
well done fool,0,0.989,LoL/Pyke
voices distracted me,0,0.983,LoL/Pyke
pyke grunts in frustration,0,0.981,LoL/Pyke
pyke grunts in frustration,0,0.981,LoL/Pyke
like a warm bath,0,0.964,LoL/Pyke
ill flicker in the darkness,1,0.988,LoL/Pyke
pyke exhales and chuckles,0,0.982,LoL/Pyke
too late now,0,0.971,LoL/Pyke
take your pittance,0,0.961,LoL/Pyke
enjoy it while you can,0,0.985,LoL/Pyke
money rules every realm,1,0.971,LoL/Pyke
you would make a good empyrean,0,0.986,LoL/Pyke
dont sweat it,0,0.985,LoL/Pyke
i am the foreglow,1,0.971,LoL/Pyke
plays on fifth execution in sequence pentakill,0,0.951,LoL/Pyke
wasted my time,0,0.976,LoL/Pyke
no more distractions,0,0.984,LoL/Pyke
killing numbs the pain,1,0.98,LoL/Pyke
my true home is pain yours is death jax,1,0.991,LoL/Pyke
guess the foreglow likes me better jhin,0,0.956,LoL/Pyke
kids are fools in every realm bye lux,1,0.978,LoL/Pyke
pykes all die the same badly,1,0.969,LoL/Pyke
the foreglow is wasted on you zed,1,0.97,LoL/Pyke
ugh this realm is stupid too,1,0.973,LoL/Pyke
i ascend you burn,1,0.992,LoL/Pyke
this realm bores me,1,0.968,LoL/Pyke
like a pile of matchsticks,0,0.984,LoL/Pyke
even stones burn,1,0.983,LoL/Pyke
rip me off ill rip your face off,1,0.973,LoL/Pyke
i cared about these trinkets,0,0.987,LoL/Pyke
the colors i see every realm,1,0.969,LoL/Pyke
come join the fun,0,0.984,LoL/Pyke
pykes nearby i can feel him,0,0.95,LoL/Pyke
no realm i cant find no pyke i cant kill,1,0.984,LoL/Pyke
enough of this,0,0.992,LoL/Pyke
forgot i dont need to walk,0,0.983,LoL/Pyke
pyke grunts and snarls,0,0.982,LoL/Pyke
hmm shouldve killed more,0,0.927,LoL/Pyke
realms got spirit more fun that way,0,0.972,LoL/Pyke
foreglows not done with me yet,1,0.952,LoL/Pyke
gonna bleed this place slow,1,0.954,LoL/Pyke
welcome to butchers bridge the pride of the slaughter docks,1,0.987,LoL/Pyke
30 seconds just a little longer now,0,0.982,LoL/Pyke
minions have spawned those little guys dont bleed aint natural,1,0.983,LoL/Pyke
first blood gutted em like a fish,1,0.985,LoL/Pyke
first blood a good start,0,0.953,LoL/Pyke
you have slain an enemy,1,0.959,LoL/Pyke
you have slain an enemy,1,0.959,LoL/Pyke
you have slain an enemy dropped em like an anchor,1,0.985,LoL/Pyke
you have slain an enemy a killer after my own dead heart,1,0.992,LoL/Pyke
you have been slain,1,0.97,LoL/Pyke
you have been slain,1,0.97,LoL/Pyke
you have been slain dont worry deaths just the beginning,1,0.991,LoL/Pyke
you have been slain ill put in a good word for you down below,1,0.983,LoL/Pyke
an enemy has been slain,1,0.971,LoL/Pyke
an enemy has been slain,1,0.971,LoL/Pyke
an enemys been slain landed you a big one,1,0.985,LoL/Pyke
an enemy has been slain cut em from gut to gob,1,0.988,LoL/Pyke
an allys been slain your friends dead,1,0.988,LoL/Pyke
an ally has been slain your friends swimming with the fishes,1,0.98,LoL/Pyke
executed blood thirsts the land if you let it,1,0.991,LoL/Pyke
executed typical landlubber,0,0.984,LoL/Pyke
aced time to hide the bodies,1,0.918,LoL/Pyke
triple kill a trio of souls sunk in the briny deep,1,0.989,LoL/Pyke
quadra kill your enemies are just grasping at straws now,1,0.966,LoL/Pyke
quadra kill theyre floundering just need to finish em off,0,0.943,LoL/Pyke
pentakill all hands lost,1,0.977,LoL/Pyke
enemy double kill the bells tolled twice,1,0.967,LoL/Pyke
enemy double kill youre chummin the waters,1,0.984,LoL/Pyke
enemy quadra kill four souls lost you should probably run,1,0.972,LoL/Pyke
enemy pentakill welcome to my world,1,0.94,LoL/Pyke
enemy pentakill glad you could join me,0,0.976,LoL/Pyke
legendary welcome to the slaughter docks,1,0.929,LoL/Pyke
legendary making me proud,0,0.97,LoL/Pyke
an enemy is unstoppable,1,0.969,LoL/Pyke
an enemy is unstoppable,1,0.969,LoL/Pyke
an enemy is godlike,1,0.974,LoL/Pyke
an enemy is godlike,1,0.974,LoL/Pyke
an enemy is legendary,1,0.975,LoL/Pyke
an enemy is legendary,1,0.975,LoL/Pyke
an enemy is legendary bodies are just piling up,1,0.956,LoL/Pyke
an enemy is legendary ahh murder,1,0.989,LoL/Pyke
shut down thats what i like to see,0,0.986,LoL/Pyke
your team has destroyed a turret,0,0.943,LoL/Pyke
your team scuttled a turret,0,0.957,LoL/Pyke
inhibitors gone under,0,0.941,LoL/Pyke
your team has destroyed an inhibitor,0,0.952,LoL/Pyke
your team has destroyed an inhibitor,0,0.952,LoL/Pyke
sunk the inhibitor,0,0.916,LoL/Pyke
your inhib will be back soon,0,0.99,LoL/Pyke
defeat dont call em slaughter docks for nothin,1,0.976,LoL/Pyke
a summoner has disconnected,0,0.948,LoL/Pyke
a summoner has reconnected,0,0.949,LoL/Pyke
a summoner has rejoined the crew,0,0.972,LoL/Pyke
merchant of venice,0,0.945,LoL/Pyke
what delightful agony we shall inflict,1,0.971,LoL/Thresh
its over when i say,0,0.98,LoL/Thresh
torment comes in so many flavors,0,0.959,LoL/Thresh
what is the worth of a soul,1,0.939,LoL/Thresh
ah the sweet tones of misery,1,0.983,LoL/Thresh
relax just let go,0,0.972,LoL/Thresh
oh the eternity we shall spend together,1,0.933,LoL/Thresh
hmm whose mind shall we snap,1,0.908,LoL/Thresh
me mad haha quite likely,0,0.973,LoL/Thresh
poor lost souls,1,0.967,LoL/Thresh
flesh is a prison,1,0.988,LoL/Thresh
youre falling apart what to do with the pieces,0,0.935,LoL/Thresh
there is life there is death and then there is me,1,0.989,LoL/Thresh
thresh laughs maniacally,0,0.976,LoL/Thresh
thresh laughs maniacally,0,0.976,LoL/Thresh
thresh laughs maniacally,0,0.976,LoL/Thresh
thresh laughs maniacally,0,0.976,LoL/Thresh
lock em up,0,0.986,LoL/Thresh
death no nothing that simple,1,0.981,LoL/Thresh
its over when i say,0,0.98,LoL/Thresh
wretched mongrels get the leash,0,0.974,LoL/Thresh
come out and play,0,0.986,LoL/Thresh
writhe like a worm on a hook,1,0.938,LoL/Thresh
no one can save them,0,0.955,LoL/Thresh
any last words,0,0.982,LoL/Thresh
oh yes its about to get much worse,0,0.923,LoL/Thresh
thresh shouts in effort,0,0.982,LoL/Thresh
thresh shouts in effort,0,0.982,LoL/Thresh
thresh shouts in effort,0,0.982,LoL/Thresh
thresh shouts in effort,0,0.982,LoL/Thresh
round we go,0,0.992,LoL/Thresh
thresh grunts in great effort,0,0.981,LoL/Thresh
thresh grunts in great effort,0,0.981,LoL/Thresh
thresh grunts in great effort,0,0.981,LoL/Thresh
thresh grunts in great effort,0,0.981,LoL/Thresh
my house my rules,0,0.942,LoL/Thresh
nowhere to hide,0,0.976,LoL/Thresh
i own you,0,0.983,LoL/Thresh
thresh laughs menacingly,0,0.959,LoL/Thresh
thresh laughs menacingly,0,0.959,LoL/Thresh
thresh laughs menacingly,0,0.959,LoL/Thresh
thresh laughs menacingly,0,0.959,LoL/Thresh
hook line and sinker,0,0.985,LoL/Thresh
stars cold of life silent in the darkness,1,0.991,LoL/Thresh
i will guide them beyond the brink of infinity,1,0.99,LoL/Thresh
serve well and you shall die well,1,0.988,LoL/Thresh
go forth and destroy,1,0.981,LoL/Thresh
together we shall watch the last star die,1,0.987,LoL/Thresh
enough death and darkness even for you,1,0.99,LoL/Thresh
what better revenge than complete annihilation,1,0.983,LoL/Thresh
we shall suck the marrow from their stars,1,0.991,LoL/Thresh
even the universe will grind to a halt,1,0.984,LoL/Thresh
the cry of a dying star nothings sweeter,1,0.989,LoL/Thresh
we will consume this world,1,0.988,LoL/Thresh
a sinister star indeed,1,0.957,LoL/Thresh
ours is a kingdom of darkness,1,0.991,LoL/Thresh
the stars are no longer infinite,1,0.934,LoL/Thresh
i will chain the very heavens and drag them down,1,0.987,LoL/Thresh
the nothingness accepts all,1,0.987,LoL/Thresh
all things are eventually extinguished,1,0.982,LoL/Thresh
great works broken and destroyed,1,0.91,LoL/Thresh
i envy those who journey into the nothingness,1,0.99,LoL/Thresh
infinity rapture i am their harbinger,1,0.988,LoL/Thresh
not even gods dare look within,1,0.953,LoL/Thresh
oh how i long for the final kiss of annihilation,1,0.99,LoL/Thresh
we sup upon the living galaxies themselves,1,0.978,LoL/Thresh
have you ever seen a thousand stars alight in a shared dawn we have just before we snuffed them out,1,0.978,LoL/Thresh
join your precious stars in oblivion,1,0.972,LoL/Thresh
not even a star can escape our grip,1,0.956,LoL/Thresh
just try to take it sackman,0,0.98,LoL/Thresh
suns moons we have devoured both,0,0.922,LoL/Thresh
suns moons we have devoured both,0,0.922,LoL/Thresh
what is one life among billions,1,0.976,LoL/Thresh
join her in oblivion,1,0.975,LoL/Thresh
we will show you true darkness,1,0.991,LoL/Thresh
how will you protect an entire world when you cannot even save yourself,1,0.957,LoL/Thresh
your betrayal will not save them,1,0.985,LoL/Thresh
your betrayal will not save them,1,0.985,LoL/Thresh
we have looked into the void and consumed it,1,0.99,LoL/Thresh
pretenders to the throne of annihilation,1,0.989,LoL/Thresh
do not prolong the inevitable,1,0.908,LoL/Thresh
nothing escapes the pull of eternity,1,0.989,LoL/Thresh
beyond the stars hide horrors far greater than any can imagine,1,0.991,LoL/Thresh
look at you i think ill keep you or not,0,0.962,LoL/Thresh
oh ivealwayswanted one of these oh man,0,0.98,LoL/Thresh
thresh laughs maniacally,0,0.976,LoL/Thresh
stillness for all eternity,1,0.94,LoL/Thresh
they struggle how meaningless,1,0.944,LoL/Thresh
brave souls destroyed and consumed,1,0.99,LoL/Thresh
the meaning of life is that it stops,1,0.974,LoL/Thresh
we will all collapse into one,1,0.9,LoL/Thresh
i am the herald of realitys end,1,0.99,LoL/Thresh
we are the death of hope,1,0.988,LoL/Thresh
a dark star rises,1,0.987,LoL/Thresh
the galaxy will suffocate in darkness,1,0.99,LoL/Thresh
their suffering makes us stronger,1,0.988,LoL/Thresh
enter the horizon,0,0.97,LoL/Thresh
gaze into the eye of annihilation,1,0.992,LoL/Thresh
we are shadows cast by darkness,1,0.99,LoL/Thresh
do not fear the end embrace it,1,0.99,LoL/Thresh
another soul to feed the endless hunger,1,0.985,LoL/Thresh
i will carve my way across the stars,1,0.973,LoL/Thresh
those wings offer no escape,1,0.966,LoL/Thresh
soul or no i will feed it to the nothingness,1,0.992,LoL/Thresh
ive destroyed realities what threat is this beast,1,0.991,LoL/Thresh
a baron eh baron of a dead world,1,0.986,LoL/Thresh
nothingescapes our hunger,1,0.976,LoL/Thresh
join us in death,1,0.986,LoL/Thresh
we shall hunt you to the ends of creation,1,0.992,LoL/Thresh
space is no impediment,0,0.975,LoL/Thresh
nowhere left to run,0,0.977,LoL/Thresh
of your own accord,0,0.939,LoL/Thresh
become part of something greater nothingness,1,0.987,LoL/Thresh
death is but a dream,1,0.972,LoL/Thresh
welcome to the event horizon,0,0.987,LoL/Thresh
we are inescapable,1,0.96,LoL/Thresh
the stars die as we approach,1,0.973,LoL/Thresh
there is nowhere to run weve destroyed it all,1,0.968,LoL/Thresh
their screams sing me to my eternal sleep,1,0.99,LoL/Thresh
not even light can escape us,1,0.982,LoL/Thresh
they all seem to die with a whimper,1,0.912,LoL/Thresh
they feed the very engine of their destruction,1,0.991,LoL/Thresh
i am the vanishing point onallhorizons,1,0.95,LoL/Thresh
fine craftsmanship for a dead people,1,0.936,LoL/Thresh
oh such destruction to come,1,0.985,LoL/Thresh
use their defenses against them,0,0.968,LoL/Thresh
no legion can stand before us,1,0.913,LoL/Thresh
whats an aegis anyway,0,0.989,LoL/Thresh
not nearly big enough,0,0.99,LoL/Thresh
my other belt is made of dead stars,1,0.945,LoL/Thresh
not quite my style but it will have to do,0,0.989,LoL/Thresh
none living shall escape my sight,1,0.988,LoL/Thresh
one day this hunger will be sated,1,0.958,LoL/Thresh
much more work to do,0,0.99,LoL/Thresh
the embrace of nothingness,1,0.977,LoL/Thresh
oh thank you,0,0.991,LoL/Thresh
only a few more stars a few more galaxies,0,0.913,LoL/Thresh
time space reality we shall consume all,1,0.985,LoL/Thresh
come children of hopes and dreams let me show you what life cannot,1,0.986,LoL/Thresh
my collection is my family and its spirits my beloved children,1,0.953,LoL/Thresh
lost spirits everywhere i must guide them home,1,0.984,LoL/Thresh
tiny twinkles of life struggling ever so intensely i will light their path,1,0.985,LoL/Thresh
ah life so simple so naive like a flower yet to bloom,1,0.986,LoL/Thresh
screams of agony echo my favorite melodies,1,0.94,LoL/Thresh
why must they fear me i do not bite i merely collect,1,0.968,LoL/Thresh
no matter the season death blossoms,1,0.989,LoL/Thresh
they think me a god thresh scoffs no nothing that simple,1,0.991,LoL/Thresh
to the living i am a demon to the dead i am a savior,1,0.992,LoL/Thresh
poor lost souls i must save them all from themselves,1,0.989,LoL/Thresh
to live is to suffer to survive is to find beauty in the suffering,1,0.991,LoL/Thresh
life is painiam sweet release,1,0.988,LoL/Thresh
i am not the end i am the final awakening,1,0.99,LoL/Thresh
i herald the greatest blessing,1,0.919,LoL/Thresh
life is a prison,1,0.983,LoL/Thresh
i do not discriminate all must find comfort inside my lantern,1,0.965,LoL/Thresh
no need to rush death will bless us all,1,0.989,LoL/Thresh
my magic is older than life,1,0.969,LoL/Thresh
in death we become family,1,0.974,LoL/Thresh
spirits alone and forsaken i grant them all purpose,1,0.99,LoL/Thresh
torment is such a harsh word i prefer nurture,1,0.957,LoL/Thresh
cruelty is a gift i learn from the living,1,0.988,LoL/Thresh
nothing more beautiful than death,1,0.986,LoL/Thresh
poor lost spirits beckoning to bloom ive been waiting for you,1,0.979,LoL/Thresh
do not fear me i am but a servant of the natural order that guides us all,1,0.955,LoL/Thresh
in life you are heroes and villains in death you are all my children,1,0.99,LoL/Thresh
no one understands the intricacies of my collection and that is why i must never stop,0,0.909,LoL/Thresh
i am friends with all spirits until they decide to question me,1,0.944,LoL/Thresh
the living say look death in the eye thresh chuckles i do love an intimate connection,1,0.988,LoL/Thresh
those privy to my secrets thresh chuckles they are safe with me now,1,0.984,LoL/Thresh
the dead passing to spirits the spirits passing to my collection that is how it must be,1,0.992,LoL/Thresh
that little fox and i once guided spirits together but now i must save them from her errant ways,1,0.98,LoL/Thresh
without me the dead would be lost i am what drives them to greatness,1,0.992,LoL/Thresh
cassiopeia you treat the spirits with tenderloving cruelty thresh chuckles that i admire,1,0.968,LoL/Thresh
they took your home lillia do not forget this loss let it course through you,1,0.919,LoL/Thresh
lucian that name perhaps we met in another life perhaps you failed to catch my attention,0,0.931,LoL/Thresh
riven a spirit betrayed by her own kind that is a tragedy i adore,1,0.988,LoL/Thresh
why why do you exist you stupid raccoon dog,0,0.93,LoL/Thresh
hunting demons only to become one yourself vayne  thresh chuckles i will make you precious,1,0.992,LoL/Thresh
yone the eldest son overshadowed by his younger brother how could you possibly rest in peace,1,0.927,LoL/Thresh
many spirits have potential but yours yours will simply fade,1,0.983,LoL/Thresh
a life not worth savoring a death not worth remembering,1,0.971,LoL/Thresh
taunt me again i do love hearing you mask your insecurities,1,0.945,LoL/Thresh
my little pet dinner,0,0.985,LoL/Thresh
whos a good demon lantern thresh giggles you are,1,0.911,LoL/Thresh
dont spoil your dinner now,0,0.955,LoL/Thresh
oh dear your wit faded long ago,1,0.966,LoL/Thresh
thresh laughs softly,0,0.98,LoL/Thresh
thresh plays a song from his lantern,0,0.972,LoL/Thresh
thresh grunts and laughs,0,0.987,LoL/Thresh
you belong to me,0,0.911,LoL/Thresh
for my collection,0,0.989,LoL/Thresh
you are lost allow me,1,0.919,LoL/Thresh
i will grant you purpose,0,0.932,LoL/Thresh
no need to struggle,0,0.956,LoL/Thresh
let it all go,0,0.972,LoL/Thresh
join your siblings,0,0.966,LoL/Thresh
naughty little one,0,0.975,LoL/Thresh
oh yes challenge me,0,0.983,LoL/Thresh
a wandering soul,1,0.964,LoL/Thresh
no more games,0,0.99,LoL/Thresh
ive been waiting for you,0,0.983,LoL/Thresh
you are chosen,0,0.97,LoL/Thresh
ive been waiting,0,0.977,LoL/Thresh
play with me,0,0.99,LoL/Thresh
where are you off to,0,0.991,LoL/Thresh
it doesnt bite,0,0.955,LoL/Thresh
you know better,0,0.988,LoL/Thresh
i dont think so,0,0.987,LoL/Thresh
no you dont,0,0.982,LoL/Thresh
this is freedom,0,0.923,LoL/Thresh
hush now you are home,0,0.978,LoL/Thresh
rest i will take good care of you,0,0.979,LoL/Thresh
welcome to my family,0,0.972,LoL/Thresh
call me father if you wish,0,0.947,LoL/Thresh
byebye little fox your children rest with me now,1,0.927,LoL/Thresh
dreams of hope no i am afraid i cannot allow that lillia,1,0.964,LoL/Thresh
lucian lucian lucian no still doesnt ring a bell,0,0.978,LoL/Thresh
riven thresh chuckles severed broken,1,0.942,LoL/Thresh
welcome home my dear senna,0,0.964,LoL/Thresh
that was no spirit no demon that was an abomination,1,0.99,LoL/Thresh
five spirits a completed collection,0,0.981,LoL/Thresh
a father must always look his best,0,0.971,LoL/Thresh
a better look for better times,0,0.985,LoL/Thresh
ahhhh thats better,0,0.992,LoL/Thresh
dont you know absence makes the heart grow fonder,1,0.986,LoL/Thresh
death is inevitable,1,0.972,LoL/Thresh
ah the beautiful pangs of resurrection,1,0.981,LoL/Thresh
i hope my children didnt miss me too much,0,0.939,LoL/Thresh
welcome to summoners rift,0,0.904,LoL/Thresh
you have slain an enemy,1,0.959,LoL/Thresh
you have slain an enemy,1,0.959,LoL/Thresh
you have slain an enemy,1,0.959,LoL/Thresh
you have been slain,1,0.97,LoL/Thresh
you have been slain,1,0.97,LoL/Thresh
an enemy has been slain,1,0.971,LoL/Thresh
an enemy has been slain,1,0.971,LoL/Thresh
an enemy has been slain,1,0.971,LoL/Thresh
an enemy is unstoppable,1,0.969,LoL/Thresh
an enemy is unstoppable,1,0.969,LoL/Thresh
an enemy is godlike,1,0.974,LoL/Thresh
an enemy is godlike,1,0.974,LoL/Thresh
an enemy is legendary,1,0.975,LoL/Thresh
an enemy is legendary,1,0.975,LoL/Thresh
your team has destroyed a turret,0,0.943,LoL/Thresh
your team has destroyed an inhibitor,0,0.952,LoL/Thresh
a summoner has disconnected,0,0.948,LoL/Thresh
a summoner has disconnected,0,0.948,LoL/Thresh
a summoner has reconnected,0,0.949,LoL/Thresh
welcome to the cosmic ruins,1,0.967,LoL/Thresh
your team has gathered half your souls,1,0.948,LoL/Thresh
the enemy team has gathered half their souls,1,0.908,LoL/Thresh
only the singularity can bring oblivion  sweet rapture,1,0.991,LoL/Thresh
the dark star hungers for souls,1,0.992,LoL/Thresh
only the singularity will free me  free everything,1,0.991,LoL/Thresh
more more for the dark star,1,0.963,LoL/Thresh
round one defeat,0,0.972,LoL/Thresh
round one victory,0,0.984,LoL/Thresh
round two defeat,0,0.98,LoL/Thresh
round two victory,0,0.984,LoL/Thresh
agony ecstasy peace every passing has a beauty all its own,1,0.986,LoL/Karthus
ah the kiss of death,1,0.978,LoL/Karthus
so many souls await,1,0.972,LoL/Karthus
we all have a place among the divine we have only to accept it,1,0.97,LoL/Karthus
solace comes with a still heart,1,0.927,LoL/Karthus
shed no tears for the dead,1,0.983,LoL/Karthus
may death free us all,1,0.988,LoL/Karthus
follow my voice and slip away,1,0.915,LoL/Karthus
i can give you certainty,0,0.974,LoL/Karthus
you are the candle burning unto nothing,1,0.99,LoL/Karthus
death is but a horizon,1,0.985,LoL/Karthus
you have been dying from your first breath,1,0.961,LoL/Karthus
you all die why not choose how,1,0.962,LoL/Karthus
the shadow isles sing louder than any siren,1,0.988,LoL/Karthus
you are a doomed vessel,1,0.982,LoL/Karthus
the faithful never fear the grave,1,0.987,LoL/Karthus
in the end only the dead shall remain,1,0.992,LoL/Karthus
pain is the herald of your salvation,1,0.982,LoL/Karthus
hear the elegy of the lost,1,0.973,LoL/Karthus
you will forget breath you will forget love,1,0.987,LoL/Karthus
death is a song all will hear,1,0.953,LoL/Karthus
never hunger never tire never fear,1,0.984,LoL/Karthus
death is blacker than the blackest black times infinity,1,0.991,LoL/Karthus
tower diver gotta get away get away,0,0.942,LoL/Karthus
we totally topped the charts in the freljord,0,0.973,LoL/Karthus
amp it up,0,0.991,LoL/Karthus
you deceive your followers i will enlighten them,1,0.917,LoL/Karthus
you are but the herald hecarim remember who you truly serve,1,0.944,LoL/Karthus
your light is but a candle in the infinite dark,1,0.988,LoL/Karthus
abandon your mortality and find your precious senna,1,0.974,LoL/Karthus
you can always join her lucian it will be bliss,0,0.913,LoL/Karthus
lucian join her,0,0.984,LoL/Karthus
a shell of flesh or a shell of metal both ring hollow,1,0.979,LoL/Karthus
you give the dead purpose mordekaiser i give them meaning,1,0.99,LoL/Karthus
sion we must free your soul from the prison of flesh,1,0.992,LoL/Karthus
you are only the echo of greatness but i can give you a voice again,1,0.978,LoL/Karthus
you may shackle the living but the dead must walk free,1,0.993,LoL/Karthus
death has more meaning than torment alone warden,1,0.989,LoL/Karthus
abomination you have cheated death too long,1,0.988,LoL/Karthus
death could not break me,1,0.981,LoL/Karthus
you are on the eve of liberation varus,1,0.946,LoL/Karthus
i will shred your body and burn your soul,1,0.991,LoL/Karthus
to feel the caress of death for the first time i envy you,1,0.988,LoL/Karthus
the song of your life will be brief,1,0.974,LoL/Karthus
your death will be excruciating,1,0.981,LoL/Karthus
life clings like a parasite to a soul,1,0.988,LoL/Karthus
sorry im booked through er brrrr forever,0,0.968,LoL/Karthus
whats the incantation again yes erm oh right r,0,0.978,LoL/Karthus
when the going gets tough the tough get adeathcap,1,0.978,LoL/Karthus
what is that sound its the pounding of creations hammer on the anvil of time,1,0.98,LoL/Karthus
it is written,0,0.992,LoL/Karthus
ah the kiss of death,1,0.978,LoL/Karthus
hear my song,0,0.989,LoL/Karthus
join the chorus of death,1,0.985,LoL/Karthus
your time has come,0,0.931,LoL/Karthus
i sing the word of death,1,0.988,LoL/Karthus
die by my hand and rise anew,1,0.981,LoL/Karthus
i crave the parting,1,0.969,LoL/Karthus
revel in the undoing,1,0.988,LoL/Karthus
release your mortal coil,1,0.971,LoL/Karthus
sleep now child,0,0.946,LoL/Karthus
darkness envelops you,1,0.958,LoL/Karthus
its time to wake the dead,1,0.985,LoL/Karthus
join me in this duet of demise,1,0.968,LoL/Karthus
die for metal,0,0.974,LoL/Karthus
feel the frailty of life,1,0.971,LoL/Karthus
your bodies betray you,1,0.978,LoL/Karthus
to flee is to suffer,1,0.988,LoL/Karthus
sing my children,0,0.94,LoL/Karthus
behold my chorus,0,0.903,LoL/Karthus
rise and sing,0,0.968,LoL/Karthus
cease to be,0,0.953,LoL/Karthus
listen and rejoicein death,1,0.976,LoL/Karthus
karthus laughs loudly and maniacally,0,0.979,LoL/Karthus
everyone will falter when you die,1,0.985,LoL/Karthus
i am the lightbringer,1,0.972,LoL/Karthus
angels too are the messengers of death,1,0.989,LoL/Karthus
host of angels or murder of crows,1,0.98,LoL/Karthus
a companion for all time,0,0.966,LoL/Karthus
its power grows with time as does mine,1,0.943,LoL/Karthus
i hear the echo of rabadon it is exquisite,0,0.915,LoL/Karthus
a crown for the king of death,1,0.989,LoL/Karthus
its old master served my patron well,0,0.908,LoL/Karthus
none can outrun death,1,0.946,LoL/Karthus
when deaths grip finds you it clings tightly,1,0.987,LoL/Karthus
a tear of loss a tear of joy,1,0.927,LoL/Karthus
what can protect you from the inevitable,1,0.972,LoL/Karthus
no one can hide from the end,1,0.969,LoL/Karthus
the grave has all the time in the world,1,0.989,LoL/Karthus
freeze that moment on the threshold of oblivion,1,0.983,LoL/Karthus
the sands slip away like lives,1,0.984,LoL/Karthus
death sees all,1,0.979,LoL/Karthus
i go where death bids me,1,0.991,LoL/Karthus
karthus plays a guitar solo,0,0.99,LoL/Karthus
behold your undoing,1,0.979,LoL/Karthus
gaze upon me and despair,1,0.99,LoL/Karthus
i am become death,1,0.99,LoL/Karthus
time for my encore,0,0.987,LoL/Karthus
you cant kill the metal,1,0.944,LoL/Karthus
the sustain listen to it,0,0.974,LoL/Karthus
karthus screams in pain and perishes breathless,1,0.954,LoL/Karthus
karthus screams in pain and perishes breathless,1,0.954,LoL/Karthus
karthus screams in pain and perishes breathless,1,0.954,LoL/Karthus
you have earned a page in my book,0,0.956,LoL/Karthus
my song is death,1,0.974,LoL/Karthus
fear not i will make use of your corpse,1,0.978,LoL/Yorick
this land will never heal but i will lay it to rest,1,0.989,LoL/Yorick
tired ancient and halfdead still i come for you,1,0.988,LoL/Yorick
i am the rift between life and death the thin divide between breath and grave,1,0.992,LoL/Yorick
in the beyond once youre free,1,0.981,LoL/Yorick
i think not,0,0.988,LoL/Yorick
yorick look what youve become,0,0.973,LoL/Yorick
ive become what i must be,1,0.979,LoL/Yorick
your human form is so confining you could be infinite,1,0.985,LoL/Yorick
you know nothing,0,0.968,LoL/Yorick
there is some,0,0.992,LoL/Yorick
i carry these souls to their end wherever it may be,1,0.99,LoL/Yorick
tears of life preserve me,1,0.979,LoL/Yorick
we shall prevail we have eternity,1,0.98,LoL/Yorick
our souls are a small price to pay to cleanse this land,1,0.99,LoL/Yorick
i remember when i put theminthe ground,0,0.916,LoL/Yorick
the mist writhes searching for a place to take root,1,0.989,LoL/Yorick
it is to the grave we go,1,0.989,LoL/Yorick
the isles were once paradise now theyre a prison,1,0.983,LoL/Yorick
this mist has become skin,1,0.975,LoL/Yorick
life is but a brief disinterment,1,0.977,LoL/Yorick
theruined kingsallies shall fall with him,1,0.987,LoL/Yorick
my curse is our only hope,1,0.988,LoL/Yorick
what hell is worse than this limbo,1,0.91,LoL/Yorick
i do not live in hope i work to return it,1,0.973,LoL/Yorick
the dead dont hear you no matter how you cry,1,0.986,LoL/Yorick
one can stare into the grave too long,1,0.975,LoL/Yorick
soon this depravity will end,1,0.975,LoL/Yorick
tell me of the beyond in case i never make it,1,0.975,LoL/Yorick
death is not to be feared,1,0.942,LoL/Yorick
the dead have not forgotten,1,0.978,LoL/Yorick
they once called these isles undying yet die they will,1,0.991,LoL/Yorick
from the ground they come and to it they return,1,0.988,LoL/Yorick
all things fade but me,1,0.985,LoL/Yorick
the beyond is waiting strive to meet it,1,0.976,LoL/Yorick
how quick the turn from blessed to cursed,1,0.985,LoL/Yorick
ours is a fate worse than death,1,0.988,LoL/Yorick
i am no tyrant these souls act on their own,1,0.984,LoL/Yorick
hallowed or profane i no longer know,1,0.93,LoL/Yorick
were dead much longer than we are alive,1,0.99,LoL/Yorick
i go wherever souls are adrift,1,0.991,LoL/Yorick
the constant wailing of souls in torment,1,0.984,LoL/Yorick
so many souls so few bodies,1,0.967,LoL/Yorick
what i do is just every horrid piece of it,0,0.927,LoL/Yorick
what a beautiful dream is life,1,0.927,LoL/Yorick
water for the living shovel for the dead,1,0.99,LoL/Yorick
if they could see what i see theyd long for death,1,0.991,LoL/Yorick
to most life is fleeting to me it is quagmire,1,0.991,LoL/Yorick
death is not always a release,1,0.981,LoL/Yorick
theruined kingwill soon meet the victims of his curse,1,0.987,LoL/Yorick
but for the waters the mist would take me,1,0.989,LoL/Yorick
i am the first and last of my order,0,0.958,LoL/Yorick
i cling to life by the thinnest thread,1,0.963,LoL/Yorick
the dead shall forgive me i hope,1,0.991,LoL/Yorick
they say i was once your age though i cant quite recall,0,0.963,LoL/Yorick
your corpses against mine may the best win,1,0.99,LoL/Yorick
i have nothing but time show me something else,0,0.981,LoL/Yorick
those you ride down will soon rise against you,1,0.99,LoL/Yorick
one day you will take me may it be soon,1,0.912,LoL/Yorick
i know you and i see you always,0,0.962,LoL/Yorick
no lucian i havent seen your wife,0,0.973,LoL/Yorick
you remind me that the world is sometimes good and very naive,1,0.979,LoL/Yorick
my army will soon storm your gates revenant,1,0.986,LoL/Yorick
yours is a fools errand the world must be allowed to die,1,0.991,LoL/Yorick
you think you want immortality ill gladly give you mine,1,0.964,LoL/Yorick
those souls are not yours to keep,1,0.986,LoL/Yorick
i pity what you have become shall i end your suffering,1,0.99,LoL/Yorick
youll make a fine addition to my cloak,0,0.959,LoL/Yorick
for you i wont dig too deep,0,0.98,LoL/Yorick
ive endured more pain than any words can bring,1,0.978,LoL/Yorick
im just happy to have company,0,0.988,LoL/Yorick
ah yes i remember spewing idle words,0,0.934,LoL/Yorick
ah missed it there it goes where is it at ah yes,0,0.974,LoL/Yorick
ah would you like some friends nope cant have em,0,0.985,LoL/Yorick
i suppose i have eternity to think about that one,0,0.985,LoL/Yorick
yorick chuckles menacingly,0,0.977,LoL/Yorick
yorick chuckles menacingly,0,0.977,LoL/Yorick
yorick chuckles menacingly,0,0.977,LoL/Yorick
ah yes i remember what laughter sounds like,0,0.968,LoL/Yorick
prepare your epitaph,0,0.929,LoL/Yorick
no eulogy for you,0,0.951,LoL/Yorick
scatter their remains,1,0.924,LoL/Yorick
you are beyond saving,0,0.926,LoL/Yorick
i will not damn you i will end you,1,0.988,LoL/Yorick
your tomb awaits,1,0.973,LoL/Yorick
respects to the dying,1,0.908,LoL/Yorick
your end is nigh,1,0.967,LoL/Yorick
the beyond awaits you,1,0.978,LoL/Yorick
you are to die,1,0.974,LoL/Yorick
so many souls to liberate,1,0.975,LoL/Yorick
the mist comes for you,1,0.977,LoL/Yorick
the grave is your home,1,0.979,LoL/Yorick
flesh that will soon find earth,1,0.991,LoL/Yorick
you decay and do not know it,1,0.984,LoL/Yorick
to dirt you return,1,0.947,LoL/Yorick
i am to bury you,1,0.924,LoL/Yorick
you will rot,1,0.95,LoL/Yorick
i need your essence great beast,1,0.971,LoL/Yorick
your kind is supposed to live long i am sorry,1,0.945,LoL/Yorick
even your kind will join the mist,1,0.989,LoL/Yorick
the isles remember,0,0.989,LoL/Yorick
i must dig,0,0.986,LoL/Yorick
join me brother,0,0.977,LoL/Yorick
die with me brothers and be free,1,0.976,LoL/Yorick
some of these faces i know well,0,0.978,LoL/Yorick
ah yes i remember you,0,0.985,LoL/Yorick
this horde consumes all,1,0.981,LoL/Yorick
return and fight,0,0.955,LoL/Yorick
i thank you for your service,0,0.987,LoL/Yorick
they rise they fight they rot,1,0.991,LoL/Yorick
arise and return to this world,1,0.972,LoL/Yorick
walk once more,0,0.982,LoL/Yorick
its good to see you,0,0.99,LoL/Yorick
wake up you have a new task,0,0.978,LoL/Yorick
welcome back you wont be here long,0,0.987,LoL/Yorick
allies from below,0,0.989,LoL/Yorick
its you they seek,1,0.924,LoL/Yorick
the ruins of these isles rise to smite you,1,0.989,LoL/Yorick
wont you join them,0,0.979,LoL/Yorick
the damned resist their fate,1,0.99,LoL/Yorick
watch them squirm,0,0.975,LoL/Yorick
to destroy the curse i use it,1,0.987,LoL/Yorick
this never ends,0,0.964,LoL/Yorick
an unholy mark upon you,1,0.977,LoL/Yorick
a curse upon the ground,1,0.979,LoL/Yorick
it claims you,0,0.949,LoL/Yorick
go take what you will,0,0.977,LoL/Yorick
behold the horrors of theisles,1,0.979,LoL/Yorick
see the maiden she comes foryou,1,0.972,LoL/Yorick
do not resist,0,0.945,LoL/Yorick
the mist takes all,1,0.982,LoL/Yorick
more more for the black maw of the mist,1,0.99,LoL/Yorick
we are not corruption we are strength,1,0.922,LoL/Yorick
all will join,0,0.985,LoL/Yorick
we devour it it becomes us,1,0.987,LoL/Yorick
we are stronger we shall take all,1,0.957,LoL/Yorick
your remains will serve a purpose,1,0.966,LoL/Yorick
flesh torn asunder flesh reborn,1,0.992,LoL/Yorick
it is necessary,0,0.987,LoL/Yorick
all things decay,1,0.987,LoL/Yorick
everything that stands must fall,1,0.987,LoL/Yorick
forward we press,0,0.985,LoL/Yorick
dont bury me with it you cant take it with you,1,0.947,LoL/Yorick
material items for the material world,0,0.954,LoL/Yorick
the sword of a fool,1,0.974,LoL/Yorick
the blade of the father,1,0.987,LoL/Yorick
a tyrant who will pay for his crimes,1,0.971,LoL/Yorick
this blade has performed great feats,0,0.962,LoL/Yorick
and i will use it to undo them,0,0.923,LoL/Yorick
mere rags soon to fade,1,0.978,LoL/Yorick
the dead need no armor but i do,1,0.98,LoL/Yorick
taken from one who can no longer use it,0,0.965,LoL/Yorick
it fits me to perfection,0,0.975,LoL/Yorick
to slow the fleet of foot,0,0.971,LoL/Yorick
as cold as the hand of death,1,0.99,LoL/Yorick
red is the heart that barely beats in me,1,0.985,LoL/Yorick
a vital ornament,0,0.983,LoL/Yorick
sometimes the dead can give life,1,0.991,LoL/Yorick
a ghastly armament,0,0.95,LoL/Yorick
a gift from kind specters,0,0.972,LoL/Yorick
theyll find me hard to bury,1,0.957,LoL/Yorick
gives life when death is near,1,0.99,LoL/Yorick
to cremate my foes,1,0.986,LoL/Yorick
the fire of life burns within,1,0.987,LoL/Yorick
the only warmth ive found,0,0.942,LoL/Yorick
to delay the end,0,0.948,LoL/Yorick
my path is a circle my work neverending,1,0.976,LoL/Yorick
you retreat like a coward,1,0.957,LoL/Yorick
i will return anon,0,0.99,LoL/Yorick
i see thewolf,0,0.939,LoL/Yorick
the shock of resurrection quickly passes,1,0.961,LoL/Yorick
ive come too far to stay dead,1,0.989,LoL/Yorick
revived by the tears of life,1,0.982,LoL/Yorick
one day i will no longer awaken,1,0.945,LoL/Yorick
the beyond is not given it is earned,1,0.987,LoL/Yorick
our time has not yet come,0,0.971,LoL/Yorick
yorick playslightbringeron the bass guiar,0,0.982,LoL/Yorick
yorick playsgathering stormon the bass guitar,0,0.981,LoL/Yorick
yorick plays a tune on thekoto,0,0.986,LoL/Yorick
yoricks theme plays,0,0.991,LoL/Yorick
arclight yoricks theme plays,0,0.989,LoL/Yorick
meowricks theme plays,0,0.989,LoL/Yorick
resistance yoricks theme plays,0,0.99,LoL/Yorick
spirit blossom yoricks theme plays,0,0.978,LoL/Yorick
yorick playsgathering stormon the bass guitar,0,0.981,LoL/Yorick
we shall rise to this challenge,0,0.939,LoL/Yorick
behold the might of the shadow isles,1,0.982,LoL/Hecarim
i do not rest,0,0.966,LoL/Hecarim
war is eternal,1,0.985,LoL/Hecarim
their souls beg for release,1,0.985,LoL/Hecarim
the grave calls,1,0.967,LoL/Hecarim
i do not rest,0,0.966,LoL/Hecarim
i am beyond death,1,0.982,LoL/Hecarim
life is fleeting,1,0.927,LoL/Hecarim
your life is a burden i bring you freedom,1,0.987,LoL/Hecarim
you wont live to see your world destroyed,1,0.985,LoL/Hecarim
another blue ribbon for hecarim,0,0.982,LoL/Hecarim
suffering is magic,1,0.977,LoL/Hecarim
break their ranks,1,0.961,LoL/Hecarim
trample their bones,1,0.956,LoL/Hecarim
the living will fall,1,0.99,LoL/Hecarim
hecarim performs a guitar solo,0,0.987,LoL/Hecarim
they fear me they should,1,0.988,LoL/Warwick
the chains are broken the beast is free,1,0.989,LoL/Warwick
the blood you spilledcallsto me,1,0.988,LoL/Warwick
i am in control,0,0.951,LoL/Warwick
cant save you all dont want to,0,0.907,LoL/Warwick
i became the monster i always was,1,0.953,LoL/Warwick
try to hide,0,0.98,LoL/Warwick
the memories come back every time you scream,1,0.918,LoL/Warwick
i can smell everything,0,0.964,LoL/Warwick
zaun will watch you bleed and it will do nothing,1,0.984,LoL/Warwick
all the blood youve spilled brought me here,1,0.987,LoL/Warwick
zaun will fight back,0,0.981,LoL/Warwick
you know what youve done,0,0.98,LoL/Warwick
this place is familiar,0,0.984,LoL/Warwick
the beast grows stronger,1,0.988,LoL/Warwick
run while you can,0,0.986,LoL/Warwick
what have you done,0,0.991,LoL/Warwick
cant save you,0,0.98,LoL/Warwick
nine tails to chase,0,0.929,LoL/Warwick
theres more to kill in a plague rat youre all machine,1,0.989,LoL/Warwick
so deep in piltovers pockets i can only see your hat,0,0.933,LoL/Warwick
blood hextech and sniffs tea,0,0.914,LoL/Warwick
rewind too far and youll be back in my teeth,1,0.954,LoL/Warwick
the one person in zaun who runs to the past,1,0.9,LoL/Warwick
ill show you pain,1,0.915,LoL/Warwick
you were there,0,0.991,LoL/Warwick
from a roar to a scream,1,0.917,LoL/Warwick
you cant even kill an insect,0,0.954,LoL/Warwick
youre going to need more bandages,0,0.967,LoL/Warwick
i remember what you did,0,0.989,LoL/Warwick
and i thought thechembaronswere vermin,0,0.957,LoL/Warwick
which one of us is the monster,1,0.971,LoL/Warwick
zaun needed you,0,0.985,LoL/Warwick
who taught you how to punch,0,0.986,LoL/Warwick
the fear in your eyes ive seen it before,1,0.976,LoL/Warwick
three arms and no claws,0,0.954,LoL/Warwick
first ill kill you and then ill yordle,1,0.989,LoL/Warwick
violence can be deathor a way of life,1,0.99,LoL/Warwick
i ran these streetsnow its your turn to run,0,0.9,LoL/Warwick
ill do a trick for a warwick snack,0,0.979,LoL/Warwick
scratch behind my ears,0,0.959,LoL/Warwick
whos a good boy i am,0,0.977,LoL/Warwick
warwick snickers slyly,0,0.984,LoL/Warwick
warwick snickers slyly,0,0.984,LoL/Warwick
warwick snickers slyly,0,0.984,LoL/Warwick
blood is the price,1,0.952,LoL/Warwick
youll answer to me,0,0.988,LoL/Warwick
its not the beast you should be afraid of,1,0.954,LoL/Warwick
killing i remember,0,0.987,LoL/Warwick
heroes always die,1,0.968,LoL/Warwick
if you die how many live,1,0.989,LoL/Warwick
blood brings rage,1,0.99,LoL/Warwick
the killing stops when zaun is free,1,0.987,LoL/Warwick
a monsters inside you ill tear it out,1,0.99,LoL/Warwick
give in to the beast,1,0.987,LoL/Warwick
like men to the slaughter,1,0.984,LoL/Warwick
it takes a monster to gut one,1,0.954,LoL/Warwick
you hurt them i hurt you,1,0.972,LoL/Warwick
youll choke on your screams,1,0.961,LoL/Warwick
youre the prey,1,0.967,LoL/Warwick
less talking more biting,0,0.965,LoL/Warwick
this pain is nothing,1,0.919,LoL/Warwick
this is who i am,0,0.987,LoL/Warwick
not even your screams will escape,1,0.981,LoL/Warwick
give in the beast,1,0.988,LoL/Warwick
watch you bleed,1,0.947,LoL/Warwick
warwick growls in annoyance,0,0.972,LoL/Warwick
warwick growls in annoyance,0,0.972,LoL/Warwick
warwick growls in annoyance,0,0.972,LoL/Warwick
warwick barks and grunts,0,0.982,LoL/Warwick
warwick barks and grunts,0,0.982,LoL/Warwick
warwick barks and grunts,0,0.982,LoL/Warwick
warwick barks and grunts,0,0.982,LoL/Warwick
warwick barks repeatedly,0,0.979,LoL/Warwick
warwick barks repeatedly,0,0.979,LoL/Warwick
warwick barks repeatedly,0,0.979,LoL/Warwick
warwick barks repeatedly,0,0.979,LoL/Warwick
back to killingchembarons,0,0.933,LoL/Warwick
i have your scent,0,0.985,LoL/Warwick
you killed warwick but left the beast,1,0.982,LoL/Warwick
i almost felt that,0,0.98,LoL/Warwick
a shortened version of the 2015 urf login theme plays,0,0.982,LoL/Warwick
warwick laughs maniacally,0,0.982,LoL/Warwick
warwick laughs maniacally,0,0.982,LoL/Warwick
warwick laughs maniacally,0,0.982,LoL/Warwick
i can smell your fear,1,0.925,LoL/Warwick
ill eat your heart starchild,1,0.963,LoL/Warwick
time to run,0,0.991,LoL/Warwick
heroes never die,1,0.967,LoL/Warwick
oh what a day what a lovely day,0,0.973,LoL/Warwick
the rivers will run red,1,0.937,LoL/Vladimir
im absolutely livid,0,0.93,LoL/Vladimir
my cup is half empty,0,0.969,LoL/Vladimir
please let it all out,0,0.971,LoL/Vladimir
lets pool our efforts,0,0.987,LoL/Vladimir
im absolutely livid,0,0.93,LoL/Vladimir
a vital decision,0,0.982,LoL/Vladimir
you look like someone whos got a lot going on beneath the surface,0,0.941,LoL/Vladimir
vladimir laughs maniacally,0,0.978,LoL/Vladimir
vladimir laughs maniacally,0,0.978,LoL/Vladimir
vladimir laughs maniacally,0,0.978,LoL/Vladimir
vladimir laughs maniacally,0,0.978,LoL/Vladimir
id love a pint,0,0.986,LoL/Vladimir
hmm something is leaking,0,0.951,LoL/Vladimir
care to make a donation,0,0.975,LoL/Vladimir
a draining exercise,0,0.981,LoL/Vladimir
i love a warrior with heart never a stale moment,1,0.979,LoL/Vladimir
vladimir grunts once and then again in satisfaction,0,0.975,LoL/Vladimir
vladimir grunts and exhales in satisfaction,0,0.954,LoL/Vladimir
vladimir inhales and exhales,0,0.959,LoL/Vladimir
vladimir inhales and exhales,0,0.959,LoL/Vladimir
vladimir laughs slyly,0,0.985,LoL/Vladimir
vladimir laughs slyly,0,0.985,LoL/Vladimir
vladimir laughs slyly,0,0.985,LoL/Vladimir
vladimir laughs slyly,0,0.985,LoL/Vladimir
vladimir breathes out noisily,0,0.906,LoL/Vladimir
vladimir breathes out noisily,0,0.906,LoL/Vladimir
vladimir breathes out noisily,0,0.906,LoL/Vladimir
vladimir breathes out noisily,0,0.906,LoL/Vladimir
in darkness i am truly alive,1,0.99,LoL/Vladimir
no one commands me,0,0.941,LoL/Vladimir
there is a monster in all of us,1,0.966,LoL/Vladimir
so much blood waiting for purpose,1,0.97,LoL/Vladimir
i shall leave this place in ruin,1,0.986,LoL/Vladimir
kneel before vlad,0,0.936,LoL/Vladimir
how long must i search to find a real challenge,0,0.918,LoL/Vladimir
bask in coughing what did you eat,0,0.937,LoL/Vladimir
vladimir wheezes and laughs maniacally,0,0.964,LoL/Vladimir
vladimir wheezes and laughs maniacally,0,0.964,LoL/Vladimir
vladimir wheezes and laughs maniacally,0,0.964,LoL/Vladimir
vladimir wheezes and laughs maniacally,0,0.964,LoL/Vladimir
vladimir shouts in effort,0,0.978,LoL/Vladimir
vladimir shouts in effort,0,0.978,LoL/Vladimir
vladimir shouts in effort,0,0.978,LoL/Vladimir
vladimir shouts in effort,0,0.978,LoL/Vladimir
feel the life drip away,1,0.979,LoL/Vladimir
i want to make this last,0,0.987,LoL/Vladimir
the night shall consume them,1,0.991,LoL/Vladimir
witness the depths of despair,1,0.98,LoL/Vladimir
slake my thirst,1,0.958,LoL/Vladimir
vladimir laughs maniacally,0,0.978,LoL/Vladimir
vladimir laughs maniacally,0,0.978,LoL/Vladimir
vladimir laughs maniacally,0,0.978,LoL/Vladimir
vladimir laughs maniacally,0,0.978,LoL/Vladimir
vladimir shouts in great effort,0,0.973,LoL/Vladimir
vladimir exhales noisily,0,0.957,LoL/Vladimir
vladimir exhales noisily,0,0.957,LoL/Vladimir
vladimir exhales noisily,0,0.957,LoL/Vladimir
i sincerely hope youre pumped for this,0,0.985,LoL/Vladimir
you are truly the vessels of my destruction,1,0.991,LoL/Vladimir
the unseen blade is the deadliest,1,0.99,LoL/Zed
without a sound,0,0.986,LoL/Zed
no technique is forbidden,0,0.967,LoL/Zed
brave the shadows find the truth,1,0.99,LoL/Zed
do not fear the shrouded path,1,0.985,LoL/Zed
balance is a fools master,1,0.952,LoL/Zed
secrets kept are weapons wasted,1,0.958,LoL/Zed
the shadows have enlightened me,1,0.982,LoL/Zed
balance is weakness,0,0.956,LoL/Zed
the truth lies in darkness,1,0.991,LoL/Zed
tradition is the corpse of wisdom,1,0.977,LoL/Zed
what i have done cannot be undone,1,0.924,LoL/Zed
challenge me shen you shall not be an orphan long,1,0.979,LoL/Zed
embrace the shadow or die in darkness,1,0.993,LoL/Zed
the merest shade of me is enough to defeat you,1,0.989,LoL/Zed
zed grunts forbidden shadow wins,1,0.955,LoL/Zed
zed grunts then snarls,0,0.95,LoL/Zed
zed laughs pompously,0,0.981,LoL/Zed
zed laughs pompously,0,0.981,LoL/Zed
zed laughs pompously,0,0.981,LoL/Zed
zed laughs pompously,0,0.981,LoL/Zed
only the worthy will survive,1,0.981,LoL/Zed
i am the blade in the darkness,1,0.992,LoL/Zed
cut the last breath from them,1,0.956,LoL/Zed
the shadow is within,1,0.966,LoL/Zed
they follow the wrong master,1,0.941,LoL/Zed
none escape their shadow,1,0.969,LoL/Zed
ignorance is fatal,1,0.905,LoL/Zed
zed shouts in effort,0,0.963,LoL/Zed
zed shouts in effort,0,0.963,LoL/Zed
zed shouts in effort,0,0.963,LoL/Zed
zed shouts in effort,0,0.963,LoL/Zed
zed shouts in effort,0,0.963,LoL/Zed
zed shouts in effort,0,0.963,LoL/Zed
zed shouts loudly in effort,0,0.948,LoL/Zed
zed shouts loudly in effort,0,0.948,LoL/Zed
zed shouts loudly in effort,0,0.948,LoL/Zed
zed shouts loudly in effort,0,0.948,LoL/Zed
zed chuckles slyly,0,0.982,LoL/Zed
zed chuckles slyly,0,0.982,LoL/Zed
zed chuckles slyly,0,0.982,LoL/Zed
zed chuckles slyly,0,0.982,LoL/Zed
we are life perfected,1,0.98,LoL/Zed
what we have seen what we have done you are all part of it,0,0.971,LoL/Zed
we will cure the galaxy of conflict we will cure the galaxy of ignorance,1,0.992,LoL/Zed
we once bowed before the templars now we are the truth they deny,1,0.991,LoL/Zed
someone here likes ora shall we demonstrate its power,0,0.978,LoL/Zed
the unknown is here,1,0.951,LoL/Zed
tradition pacifies the weak,1,0.905,LoL/Zed
some consider us evil how naive they must be,1,0.983,LoL/Zed
if they want ora we will give it,0,0.988,LoL/Zed
our blades crave battle,1,0.976,LoL/Zed
harmony blooms once the weak wither away,1,0.99,LoL/Zed
listen to the cosmos hear the truth,1,0.967,LoL/Zed
the galaxy will know its destiny,1,0.983,LoL/Zed
beyond the reaches of space we evolve,1,0.97,LoL/Zed
only fools cling to morals,1,0.971,LoL/Zed
we are everywhere all at once,0,0.946,LoL/Zed
a new genesis approaches,0,0.978,LoL/Zed
we walk the path to eternity,1,0.989,LoL/Zed
the templars promise salvation they lie,1,0.991,LoL/Zed
we go where others dare not,1,0.958,LoL/Zed
the weak crave the illusion of balance the worthy enforce true harmony,1,0.987,LoL/Zed
someone must destroy the weak let it be us,1,0.991,LoL/Zed
so many try to hide their worst fears and yet we walk free,1,0.979,LoL/Zed
the galaxy a vast expanse infested by the weak,1,0.985,LoL/Zed
templars demaxians the syndicate all blind fools,1,0.945,LoL/Zed
there is only triumph and we will claim it all,1,0.983,LoL/Zed
they see us as a living weapon we are more than that we are life transcended,1,0.991,LoL/Zed
these creatures waste their ora let us pluck it out,1,0.95,LoL/Zed
we grow ever stronger under the living stars,1,0.981,LoL/Zed
acquire forbidden power defy sacred doctrine this is just the beginning,1,0.987,LoL/Zed
the demaxians conquer planets we enlighten galaxies,1,0.986,LoL/Zed
the templars say our deeds are extreme they are right,1,0.988,LoL/Zed
humanity achieves so little grant them ora and still they wallow in mediocrity,1,0.959,LoL/Zed
before us there was nothing before nothing there were monsters,1,0.99,LoL/Zed
when life grows unchecked cleansing blades are needed,1,0.992,LoL/Zed
they mistake evolution for corruption that is why they will fall,1,0.985,LoL/Zed
you intend to destroy us a grave mistake,1,0.983,LoL/Zed
this pain urges us to kill you though we do not know why,1,0.983,LoL/Zed
what are you,0,0.989,LoL/Zed
worthy spirit jinx but it cannot save you from us,1,0.972,LoL/Zed
malphite we heard you were hard to kill challenge accepted,0,0.911,LoL/Zed
tell us ziggs do space rats go to heaven,1,0.968,LoL/Zed
we offer you a choice die now or die later,1,0.967,LoL/Zed
you are dust we are perfection,1,0.988,LoL/Zed
you will love the way you die we guarantee it,1,0.987,LoL/Zed
cooking is like killing it takes skill and ours is unmatched,1,0.964,LoL/Zed
have you come to dine with us oh wait of course youareus,0,0.97,LoL/Zed
look at us are we not the perfect reflection of your juvenile fantasies,1,0.945,LoL/Zed
your jokes they lack humor,0,0.979,LoL/Zed
zed brings out a boombox,0,0.986,LoL/Zed
zed laughs menacingly and confidently,0,0.911,LoL/Zed
zed laughs menacingly and confidently,0,0.911,LoL/Zed
zed laughs menacingly and confidently,0,0.911,LoL/Zed
zed laughs menacingly and confidently,0,0.911,LoL/Zed
witness our superior form,0,0.98,LoL/Zed
silence your thoughts,0,0.936,LoL/Zed
we bring extinction,1,0.93,LoL/Zed
all will fear us,1,0.977,LoL/Zed
eradicate the weak,1,0.974,LoL/Zed
none shall escape,1,0.928,LoL/Zed
your ora needs release,0,0.97,LoL/Zed
pathetic life form,0,0.922,LoL/Zed
your time is over,0,0.974,LoL/Zed
cut to pieces,0,0.985,LoL/Zed
lets end your existence,1,0.967,LoL/Zed
your body will break,1,0.952,LoL/Zed
all life ends,1,0.958,LoL/Zed
our blades cry out,1,0.921,LoL/Zed
have the decency to die,1,0.927,LoL/Zed
you earned oblivion,1,0.972,LoL/Zed
kayn our first and final lesson begins,0,0.967,LoL/Zed
sona you disappoint us,0,0.971,LoL/Zed
are you worthy of that title captain,0,0.941,LoL/Zed
ready to be disgraced again ziggs,1,0.916,LoL/Zed
we are zed,0,0.974,LoL/Zed
zed laughs menacingly and confidently,0,0.911,LoL/Zed
zed laughs menacingly and confidently,0,0.911,LoL/Zed
so fragile so weak,1,0.949,LoL/Zed
is your entire species this brittle,1,0.96,LoL/Zed
we almost miss your voice jinx it had a certain loud quality,0,0.943,LoL/Zed
not good enough kayn,0,0.984,LoL/Zed
not even close malphite,0,0.964,LoL/Zed
we thought you knew better sona,0,0.987,LoL/Zed
look at the skill look at the moves zed what was that,0,0.987,LoL/Zed
confirmed space rats do not go to heaven,1,0.955,LoL/Zed
we are life we are evolution  we are zed,1,0.984,LoL/Zed
consider this our gift,0,0.981,LoL/Zed
we go to collect untold power,1,0.979,LoL/Zed
nothing can bury us,1,0.98,LoL/Zed
not even death can contain us,1,0.988,LoL/Zed
we do not regret,0,0.969,LoL/Zed
im part of a very exclusive club but dont worry soon enough youll all be members too,0,0.937,LoL/Zed
im more than a man in a fancy suit,0,0.983,LoL/Zed
i look good i feelgood zed chuckles menacingly,0,0.964,LoL/Zed
i own this town inside and out,0,0.954,LoL/Zed
true power deserves a look to match,0,0.972,LoL/Zed
everybody drank the vitae,0,0.982,LoL/Zed
the shadows demand chaos theywillhave it,1,0.992,LoL/Zed
the brighter the town the darker its shadows,1,0.976,LoL/Zed
i am the shadow at your back the dark within your mind,1,0.991,LoL/Zed
my investors are watching closely,0,0.98,LoL/Zed
zed has never looked better,0,0.975,LoL/Zed
dressed to the nines,0,0.98,LoL/Zed
truth hidden is truth wasted,1,0.986,LoL/Zed
i cast a long shadow from the high life,1,0.976,LoL/Zed
what i have done is just the beginning,0,0.975,LoL/Zed
brave the beyond and it will reward you,1,0.986,LoL/Zed
im a wellrespected man,0,0.978,LoL/Zed
all will gutter into darkness,1,0.99,LoL/Zed
my shadows are much more than tricks of the light,1,0.91,LoL/Zed
the dark is intoxicating,1,0.985,LoL/Zed
in the business of killing im always number one,1,0.901,LoL/Zed
if the world must be reborn might as well dress for the occasion,1,0.986,LoL/Zed
you know what they say the suit makes the man the man becomes something more,1,0.976,LoL/Zed
gaze beyond the glitz and glamor and see whats writhing underneath,1,0.951,LoL/Zed
the sun never sets the lights never dim and the shadows bide their time,1,0.985,LoL/Zed
ive struck a lot of deals but this one was too good to pass up,0,0.974,LoL/Zed
the dark is transforming us into what we were always meant to be,1,0.989,LoL/Zed
dark pure untainted,1,0.985,LoL/Zed
time for a night on the town wouldnt you say,0,0.98,LoL/Zed
ah our illustrious highroller draven here to make a bad bet,0,0.966,LoL/Zed
who are you leblanc or should i saywhatare you,0,0.965,LoL/Zed
that shield wont block out their truth leona but you know that,1,0.941,LoL/Zed
you knew what was in the vitae didnt you malz,0,0.975,LoL/Zed
were not hiring another ventriloquist get lost kid,0,0.977,LoL/Zed
i told you we arent hiring another ninja act,0,0.965,LoL/Zed
eldergods crazy for a sharpdressed zed,0,0.982,LoL/Zed
zed laughs pompously,0,0.981,LoL/Zed
zed shouts sharply,0,0.943,LoL/Zed
zed shouts sharply,0,0.943,LoL/Zed
zed shouts sharply,0,0.943,LoL/Zed
they are watching us,0,0.985,LoL/Zed
my patrons wish to know you,0,0.975,LoL/Zed
a glimpse into forever,1,0.904,LoL/Zed
this is your reward,0,0.987,LoL/Zed
looking for me,0,0.99,LoL/Zed
time to make a point,0,0.986,LoL/Zed
this truth comes at a price,1,0.949,LoL/Zed
more than you bargained for,0,0.98,LoL/Zed
fear the living shadows,1,0.99,LoL/Zed
somebody stop me,0,0.98,LoL/Zed
you have earned the truth,1,0.901,LoL/Zed
the house always wins,0,0.983,LoL/Zed
see the power of vitae,0,0.976,LoL/Zed
now for the grand reveal,0,0.986,LoL/Zed
allow me to demonstrate,0,0.989,LoL/Zed
if you insist,0,0.982,LoL/Zed
a cut above,0,0.989,LoL/Zed
a taste of the high life,0,0.952,LoL/Zed
youve drawn my attention,0,0.98,LoL/Zed
ill end this with style,0,0.991,LoL/Zed
here i am,0,0.975,LoL/Zed
zed shouts in great effort,0,0.968,LoL/Zed
zed shouts in great effort,0,0.968,LoL/Zed
zed shouts in great effort,0,0.968,LoL/Zed
zed shouts in great effort,0,0.968,LoL/Zed
behold true darkness,1,0.99,LoL/Zed
no more games,0,0.99,LoL/Zed
the truth before the end,1,0.98,LoL/Zed
zed laughs maniacally,0,0.969,LoL/Zed
zed laughs maniacally,0,0.969,LoL/Zed
zed laughs maniacally,0,0.969,LoL/Zed
i am beyond you and always have been,0,0.927,LoL/Zed
im done with you though my patrons are not,0,0.925,LoL/Zed
dont challenge your betters,0,0.982,LoL/Zed
surprised  you wouldnt be the first,0,0.937,LoL/Zed
i destroyed you and looked fantastic doing it,0,0.922,LoL/Zed
you could never compare,0,0.966,LoL/Zed
jumping at shadows,0,0.922,LoL/Zed
your next vitae shipment just doubled and i want them for free,0,0.97,LoL/Zed
you may be infinite but im the one with the power here,1,0.969,LoL/Zed
you put the vitae in my hand malz you let the old ones in,0,0.942,LoL/Zed
its too late yi nox vegas belongs to the dark,1,0.983,LoL/Zed
the darkness never looked better,1,0.982,LoL/Zed
power comes at a price one i found quite agreeable,0,0.945,LoL/Zed
behind every successful man is something worse,1,0.902,LoL/Zed
they never like my outfit zed laughs sarcastically,0,0.982,LoL/Zed
tailorings a little tight zed chuckles sarcastically,0,0.986,LoL/Zed
theyre in the vitae,0,0.988,LoL/Zed
i exist in every shadow death means nothing,1,0.992,LoL/Zed
it seems the board has reinstated me zed chuckles sarcastically,0,0.96,LoL/Zed
theres more in the vitae than they realize,0,0.965,LoL/Zed
seems the man in the fancy suit just wont stay down,0,0.982,LoL/Zed
how about a magic trick,0,0.991,LoL/Shaco
the jokes on you,0,0.987,LoL/Shaco
this will be fun,0,0.992,LoL/Shaco
here we go,0,0.991,LoL/Shaco
just a little bit closer,0,0.986,LoL/Shaco
march march march march,0,0.961,LoL/Shaco
the jokes on you,0,0.987,LoL/Shaco
why so serious,0,0.984,LoL/Shaco
shaco laughs menacingly,0,0.963,LoL/Shaco
shaco laughs menacingly,0,0.963,LoL/Shaco
shaco laughs menacingly,0,0.963,LoL/Shaco
look behind you,0,0.985,LoL/Shaco
here we go,0,0.991,LoL/Shaco
the jokes on you,0,0.987,LoL/Shaco
march march march march,0,0.961,LoL/Shaco
this will be fun,0,0.992,LoL/Shaco
just a little bit closer,0,0.986,LoL/Shaco
echoed shaco laughs mockingly and deceptively,0,0.979,LoL/Shaco
echoed shaco laughs mockingly and deceptively,0,0.979,LoL/Shaco
echoed shaco laughs mockingly and deceptively,0,0.979,LoL/Shaco
jackinthebox laughs mockingly,0,0.987,LoL/Shaco
jackinthebox laughs mockingly,0,0.987,LoL/Shaco
jackinthebox laughs mockingly,0,0.987,LoL/Shaco
shaco grunts sharply,0,0.97,LoL/Shaco
shaco grunts sharply,0,0.97,LoL/Shaco
shaco laughs mockingly and deceptively,0,0.983,LoL/Shaco
shaco laughs mockingly and deceptively,0,0.983,LoL/Shaco
shaco laughs mockingly and deceptively,0,0.983,LoL/Shaco
shaco yells mockingly then laughs deceptively,0,0.982,LoL/Shaco
shaco yells mockingly then laughs deceptively,0,0.982,LoL/Shaco
shaco laughs maniacally,0,0.982,LoL/Shaco
shaco laughs maniacally,0,0.982,LoL/Shaco
no one fights alone in the mist,1,0.957,LoL/Senna
a strippeddown version of giants plays,0,0.99,LoL/Senna
the mist knows my name it howled it for years but it was only asking for help,1,0.963,LoL/Senna
where im going you dont want to go seriouslyyou dont,0,0.915,LoL/Senna
when theres no more light ill carry their darkness,1,0.991,LoL/Senna
if i can handle this gun i can handle myself trust me i can handle this gun,0,0.908,LoL/Senna
any volunteers to charge blindly into a storm of souls,1,0.99,LoL/Senna
come back to life save the world all with weapons locked thesentinelstrained me right,1,0.991,LoL/Senna
music brings us to life thats worth fighting for,1,0.954,LoL/Senna
so what was it like all that time in the lantern,0,0.98,LoL/Senna
a nightmare lotta darkness food was great though,1,0.951,LoL/Senna
whats to say youre still cursed,1,0.906,LoL/Senna
keep that up and ill curse you,1,0.961,LoL/Senna
so hows this gonna work,0,0.991,LoL/Senna
well reckon i shoot something twice and then you shoot it a third time,0,0.972,LoL/Senna
worked so far,0,0.991,LoL/Senna
oh ha ha,0,0.988,LoL/Senna
how do you aim that thing isnt it heavy,0,0.938,LoL/Senna
not if you know what youre doing,0,0.984,LoL/Senna
cause i tried to ohhhhh,0,0.98,LoL/Senna
try to keep up,0,0.99,LoL/Senna
try to be less beautiful,0,0.972,LoL/Senna
i can turn into a screaming cloud,1,0.98,LoL/Senna
right ill keep up,0,0.985,LoL/Senna
reckon its time,0,0.932,LoL/Senna
for a reckoning,1,0.947,LoL/Senna
by the time im done here dying will be the easy part,1,0.927,LoL/Senna
its harder to hold a hand than hold a gun,0,0.969,LoL/Senna
if life is my curse living is the cure,1,0.991,LoL/Senna
that monster wants to hear me scream he can keep waiting,1,0.983,LoL/Senna
hunted by the forces of darkness okay i can make this work,1,0.989,LoL/Senna
small talk wasnt really part of my training,0,0.984,LoL/Senna
its just nice not to be in catacombs,0,0.939,LoL/Senna
light should teach us not to fear the dark,1,0.989,LoL/Senna
death doesnt leave scars,1,0.97,LoL/Senna
the mist is not my enemy,1,0.99,LoL/Senna
im here to save them all living and dead,1,0.987,LoL/Senna
the screams of the wraiths are so loud you cant hear your own,1,0.99,LoL/Senna
the only way out of the mist is through it,1,0.96,LoL/Senna
out of the lantern hell came with me,1,0.989,LoL/Senna
those trapped in darkness need light the most,1,0.981,LoL/Senna
the past is a wave keeps returning,1,0.983,LoL/Senna
my blood still flows but ill never be the same,1,0.991,LoL/Senna
ill get us through this,0,0.984,LoL/Senna
sentinel wife a beacon unto damn darkness when can i just be a person when can i be me,1,0.991,LoL/Senna
too hard too hurt too changed if youre not too much of something then youre not enoughyou,1,0.954,LoL/Senna
when youre drowning you still remember how to breathe but you cant thats the mist,1,0.945,LoL/Senna
im a long way from the island but i swear theres still salt in my hair might just be dirt from the grave,1,0.985,LoL/Senna
its enough to hear lucian say my name,0,0.979,LoL/Senna
the more blood on your hands the harder it is to let go,1,0.966,LoL/Senna
the grave is silent youre buried in all the things you never said,1,0.988,LoL/Senna
part of me keeps wondering when ill run into thelanternswalls,1,0.943,LoL/Senna
i see myself in themin the eyes of the people i save and the darkness reflected there,1,0.993,LoL/Senna
my walls arent unbreakable im not either,1,0.938,LoL/Senna
love was left when everything else was torn away,1,0.983,LoL/Senna
no one said this would be easy if they did theyre probably dead by now,0,0.958,LoL/Senna
only thing bigger than this gun the mistake you made standing in its sights,1,0.951,LoL/Senna
if youve got a problem with me make it two one for each barrel,0,0.973,LoL/Senna
dont make this personal im not nice,0,0.935,LoL/Senna
eternal beauty elise now thats a curse,1,0.989,LoL/Senna
another nightmare fine i could use the target practice while i sleep,0,0.921,LoL/Senna
horsey what i can like horses i can like things,0,0.975,LoL/Senna
running shouldnt be part of your plan kaisa survive the fight not the fear,1,0.981,LoL/Senna
only a man stubborn enough to fight me would be stubborn enough to love me,1,0.975,LoL/Senna
when we run to the light shadows are cast behind us you need to be ready lux,1,0.978,LoL/Senna
i know where the ruination began it flows through us both,1,0.99,LoL/Senna
darkness welcome to my world,1,0.98,LoL/Senna
lucian may think youre the enemy but to me thresh youre only in the way,1,0.984,LoL/Senna
at the center of your lantern theres a soul wretched and afraid i think its you,1,0.99,LoL/Senna
you wanna get my soul you go through the mist,1,0.991,LoL/Senna
vayne you can aim for my heart when you find your own,1,0.977,LoL/Senna
i know where the ruination began it flows through us both,1,0.99,LoL/Senna
no we do this together,0,0.988,LoL/Senna
when the mist came to my island demacias gates were closed will they be open when you need help,1,0.98,LoL/Senna
in darkness we find ourselves,1,0.988,LoL/Senna
hi its me the one youve been ruthlessly hunting her whole damn life,1,0.961,LoL/Senna
left one alive bad habit,1,0.913,LoL/Senna
have i suffered enough yet or do you need me to be a corpse,1,0.987,LoL/Senna
i could free you but those youve made suffer come first,1,0.99,LoL/Senna
i know the most ancient holy ways to kick you in the darkness,1,0.989,LoL/Senna
first rule of being a sentinel,0,0.914,LoL/Senna
second rule of being a sentinel any questions,0,0.901,LoL/Senna
am i supposed to say something clever some of us have work to do,0,0.983,LoL/Senna
sothisis the terror that waddles in the night huh,1,0.989,LoL/Senna
senna laughs loudly and heartily,0,0.981,LoL/Senna
senna laughs loudly and heartily,0,0.981,LoL/Senna
senna laughs loudly and heartily,0,0.981,LoL/Senna
senna laughs loudly and heartily,0,0.981,LoL/Senna
senna beatboxes and hums a beat,0,0.975,LoL/Senna
a strippeddown and muffled version of giants plays,0,0.984,LoL/Senna
death is always in range,1,0.928,LoL/Senna
senna chuckles in determination i dont miss its not an option,0,0.973,LoL/Senna
all this pain its not mine,1,0.983,LoL/Senna
keep your distance,0,0.978,LoL/Senna
the gun doesnt have a triggeri do,0,0.965,LoL/Senna
stone channels soul,1,0.948,LoL/Senna
dont go quietly,0,0.941,LoL/Senna
keep it simple,0,0.989,LoL/Senna
lets establish some boundaries,0,0.978,LoL/Senna
i feel every shot,0,0.947,LoL/Senna
i can do the hard way,0,0.985,LoL/Senna
i fire my words like gunlight,1,0.942,LoL/Senna
die again ill pass,1,0.922,LoL/Senna
ive got your curse,1,0.939,LoL/Senna
light becomes hope,1,0.922,LoL/Senna
death is drawn to life,1,0.989,LoL/Senna
you are mourned,1,0.908,LoL/Senna
its not your fault,0,0.985,LoL/Senna
i can bear it,0,0.977,LoL/Senna
getting used to it,0,0.989,LoL/Senna
i was aiming at them,0,0.99,LoL/Senna
could see how that would be preferable,0,0.989,LoL/Senna
shadows catch the fallen,1,0.989,LoL/Senna
my enemies myself,1,0.918,LoL/Senna
the song between us,0,0.984,LoL/Senna
lost in the dance,0,0.956,LoL/Senna
hear the music,0,0.988,LoL/Senna
play it loud,0,0.986,LoL/Senna
no death without life,1,0.975,LoL/Senna
ive got you,0,0.991,LoL/Senna
eyes wide open,0,0.972,LoL/Senna
keep it turning,0,0.987,LoL/Senna
were running this world,0,0.964,LoL/Senna
darkness to darkness light to light,1,0.977,LoL/Senna
for the living for the dead,1,0.99,LoL/Senna
every death is a sacrifice,1,0.989,LoL/Senna
ive seen too much of thisbut i wont close my eyes,0,0.947,LoL/Senna
in death we fight the same fight,1,0.988,LoL/Senna
look at us making new memories,0,0.968,LoL/Senna
same as the old memories,0,0.936,LoL/Senna
for the light,0,0.976,LoL/Senna
and all lost in darkness,1,0.988,LoL/Senna
sometimes i see what the darkness is afraid of,1,0.991,LoL/Senna
lucian well be together again soon,0,0.979,LoL/Senna
i know what its like to die this hurts worse,1,0.965,LoL/Senna
he probably liked that scoffs creep,0,0.985,LoL/Senna
i wont stop until the nightmares have nightmares,1,0.984,LoL/Senna
will take more than one wraith to ruinmyday,1,0.988,LoL/Senna
i remember my lessons and the people who taught them,0,0.973,LoL/Senna
the last blessings of theisles,0,0.913,LoL/Senna
bound to the stones bound to each other,1,0.975,LoL/Senna
im breaking free so the fans can follow,0,0.914,LoL/Senna
thresh records only had soul when it had mine,1,0.988,LoL/Senna
next time i sign a contract im checking it for chains,0,0.965,LoL/Senna
a strippeddown version of giants plays,0,0.99,LoL/Senna
died again must be getting good at it,0,0.953,LoL/Senna
to be reborn am i still me,1,0.99,LoL/Senna
every day i fought for my life why should today be any different,1,0.963,LoL/Senna
the angels are gone and devils are everywhere i swear i cant leave yall alone for ten minutes,1,0.99,LoL/Senna
i was dead now im not aint that the way o the west,1,0.991,LoL/Senna
i have been plucked from limbo and delivered into this here gun fight so lets gun fight,1,0.967,LoL/Senna
saddle up yall we got a showdown on our hands,0,0.95,LoL/Senna
ill raise more hell than hell ever dreamed of,1,0.988,LoL/Senna
mankinds absolution is earned by the barrel of my gun,1,0.97,LoL/Senna
still getting used to this whole angel thing,0,0.956,LoL/Senna
the wests redemption is in my very capable hands,1,0.972,LoL/Senna
used to hunt monsters nowi still hunt monsters,1,0.972,LoL/Senna
my horse shoots things good horse,0,0.985,LoL/Senna
shoot first shoot later shoot before if you can,0,0.956,LoL/Senna
why yes i am an extremely good shot,0,0.986,LoL/Senna
something snatched me up before i went to hell something old something real old,1,0.97,LoL/Senna
lucian can keep that old pea shooter look at the size of my new piece look at it,0,0.981,LoL/Senna
heaven was destroyed in the blink of an eye itll take longer to build it back up again,1,0.98,LoL/Senna
so my lovers a demon now least he keeps things interesting,1,0.984,LoL/Senna
the west runs on conflict as do heaven and hell theres a lesson in that i reckon,1,0.989,LoL/Senna
a deal with the devil darius wheres your gold fiddle,1,0.982,LoL/Senna
now what the hell are you supposed to be a bandito i dont buy it,0,0.977,LoL/Senna
horsie huh hmph mines better,0,0.982,LoL/Senna
surprised to see me thresh i aint surprised to see you,0,0.96,LoL/Senna
you ready for the wrath of heaven restored,1,0.99,LoL/Senna
im still an angel slick an angel with a loaded gun,1,0.977,LoL/Senna
you see this gun remember this gun,0,0.97,LoL/Senna
ill give you til the count of three what i aint heartless,1,0.986,LoL/Senna
my heart just aint in this fight oh waityeah it is,1,0.962,LoL/Senna
lets hope youre a better shot than a comedian friend,0,0.985,LoL/Senna
well i have a horse seems like everybody has a horse cept you,0,0.956,LoL/Senna
senna dances to a western beat,0,0.976,LoL/Senna
have a little heart,0,0.933,LoL/Senna
your sins weigh you down,1,0.988,LoL/Senna
stand and draw,0,0.988,LoL/Senna
here comes judgement,0,0.946,LoL/Senna
a scorchin wind,0,0.917,LoL/Senna
just doin my job,0,0.988,LoL/Senna
thisll be over quick,0,0.989,LoL/Senna
like my gun i do,0,0.96,LoL/Senna
cant outrun a gun horse,0,0.981,LoL/Senna
got you in my sights,0,0.91,LoL/Senna
this ones for you,0,0.991,LoL/Senna
deliverance is earned,0,0.976,LoL/Senna
dont need a holster,0,0.979,LoL/Senna
dance with me,0,0.98,LoL/Senna
step right up,0,0.991,LoL/Senna
you seem damned to me,1,0.967,LoL/Senna
a moment of your time,0,0.982,LoL/Senna
lets walk on em,0,0.97,LoL/Senna
you transgressin little,1,0.952,LoL/Senna
hands off demon that man is mine,1,0.987,LoL/Senna
im ready this time thresh,0,0.962,LoL/Senna
go on git,0,0.985,LoL/Senna
thats right i saved you,0,0.979,LoL/Senna
heaven wont be empty for long,1,0.965,LoL/Senna
i aint doin this for fun you know,0,0.989,LoL/Senna
hold that thought,0,0.991,LoL/Senna
kick up those boots,0,0.978,LoL/Senna
sit a spell,0,0.986,LoL/Senna
hold up now,0,0.99,LoL/Senna
senna laughs heartily,0,0.981,LoL/Senna
hear the angels,1,0.93,LoL/Senna
i am at hand,0,0.987,LoL/Senna
a little taste of heaven a barrel full of hell,1,0.977,LoL/Senna
feel free to blame everyone but me and my horse,0,0.984,LoL/Senna
now sentinel look what you gone and did,0,0.969,LoL/Senna
it was either you or a resurrected angel nobody bet on you,1,0.938,LoL/Senna
good fight lucian cant wait to do this every night for the rest of forever,0,0.95,LoL/Senna
dont put your trust in the devil darius the devil lies,1,0.99,LoL/Senna
can anyone just have that sombrero im takin it,0,0.97,LoL/Senna
neigh hecarim neigh,0,0.914,LoL/Senna
i dont know where youll end up irelia but im sure its boring,0,0.96,LoL/Senna
great talk jhin come back a little less weird next time,0,0.988,LoL/Senna
now thats the difference between a half horse and a full horse,0,0.975,LoL/Senna
you can keep my heart thresh i picked up a better one,1,0.928,LoL/Senna
stay put look sharp,0,0.987,LoL/Senna
bless this thing and whatever it does,0,0.935,LoL/Senna
a little bit of grace,0,0.979,LoL/Senna
look out for trouble,0,0.983,LoL/Senna
watch over this land its a land that needs watchin,1,0.977,LoL/Senna
yall can fight amongst yourselves come on sentinel yeehaw,0,0.977,LoL/Senna
aw not again,0,0.983,LoL/Senna
ill keep coming back til the good work is done,0,0.98,LoL/Senna
wonders never cease and neither do i,1,0.947,LoL/Senna
the season begins ill be their polaris and then ill find my love,1,0.991,LoL/Senna
let it be known to any thieves after my power youre inmydomain now,1,0.983,LoL/Senna
when theres no more light the aurora shows the way,1,0.906,LoL/Senna
did we dance beneath a shooting star lucian,0,0.953,LoL/Senna
i was never much for folktales,0,0.983,LoL/Senna
the crown fitting doesnt make it comfortable,0,0.971,LoL/Senna
ones true self always comes out in the bitter air,1,0.989,LoL/Senna
this polaris isnt one for small talk,0,0.988,LoL/Senna
are these memories from another polaris,0,0.958,LoL/Senna
willmyjourney end in the stars,1,0.976,LoL/Senna
i must admitthe clothes are nice,0,0.976,LoL/Senna
everyone walks on ice without knowing its thickness,0,0.915,LoL/Senna
rebalancing the aurora requires more than strength,0,0.901,LoL/Senna
my memories are locked within ice but they will thaw they must,1,0.987,LoL/Senna
are the memories of the winterblessed taken so we are objective or so we are easier to control,1,0.986,LoL/Senna
there is a cost to all power ignore it at your peril,1,0.987,LoL/Senna
what cruelty would take me from my love unless i chose no i wouldnt have,1,0.991,LoL/Senna
thieves take what they wont earnno what they could not earn,1,0.982,LoL/Senna
i didnt ask for the gun but i know how to use it,0,0.978,LoL/Senna
fear is like the cold first it rouses you then it numbs you and finally it consumes you,1,0.991,LoL/Senna
if i rewarded everyoneeven the undeservingwould i be struck down,1,0.987,LoL/Senna
polaris is here deal with it,0,0.965,LoL/Senna
this is your final snow,0,0.954,LoL/Senna
diana the aurora must be broken,1,0.945,LoL/Senna
lets see if your gauntlets can handle the aurora sylas,0,0.963,LoL/Senna
the winters crown cannot be taken threshleave before i take your life,1,0.992,LoL/Senna
would you like to rebuild a snowman,0,0.985,LoL/Senna
sure i could make you a snow angel minus the snow,0,0.938,LoL/Senna
todays aurora flavors are blueberry blizzard merry mint and raspberry rum,0,0.952,LoL/Senna
its giving pathetic,0,0.971,LoL/Senna
senna dances to a winter song,0,0.959,LoL/Senna
senna laughs confidently,0,0.985,LoL/Senna
senna huffs then releases,0,0.97,LoL/Senna
winters found you,0,0.988,LoL/Senna
dont look away,0,0.988,LoL/Senna
no more requests,0,0.991,LoL/Senna
this wont be painless,0,0.987,LoL/Senna
polaris doesnt miss,0,0.988,LoL/Senna
youre gunning forme,0,0.972,LoL/Senna
time for your present,0,0.989,LoL/Senna
aurora steady my aim,0,0.974,LoL/Senna
try not to slip,0,0.985,LoL/Senna
polaris need your power beast unblessed,1,0.981,LoL/Senna
return to me,0,0.988,LoL/Senna
leave winter behind,0,0.946,LoL/Senna
forget your gift,0,0.965,LoL/Senna
knock it off,0,0.983,LoL/Senna
my memories myself,0,0.981,LoL/Senna
follow the winterblessed,1,0.931,LoL/Senna
return to the aurora,0,0.978,LoL/Senna
senna huffs forcefully,0,0.955,LoL/Senna
meet your judgement,0,0.971,LoL/Senna
if you were surprised by this you werent paying attention,0,0.982,LoL/Senna
may the rest learn from your example,0,0.967,LoL/Senna
power didnt suit you,0,0.988,LoL/Senna
youve been gifted,0,0.915,LoL/Senna
you were too young to know better annie,0,0.97,LoL/Senna
spite is like acid camille it erodes the soul,1,0.991,LoL/Senna
suppose ill have to find a new herald now hwei,0,0.934,LoL/Senna
our stars will find each other again lucian,0,0.913,LoL/Senna
if humans cant handle the aurora sylas what chuckles made you think your gauntlets could,0,0.962,LoL/Senna
may you melt away from all memory thresh and pass into oblivion,1,0.984,LoL/Senna
a winterblessed warning,0,0.909,LoL/Senna
respect the aurora respect me,0,0.952,LoL/Senna
sometimes destruction is a gift,1,0.989,LoL/Senna
punishments not just for the living,1,0.91,LoL/Senna
polaris doesnt chuckles acknowledge prices,0,0.975,LoL/Senna
what a warm feeling,0,0.964,LoL/Senna
my thanks to the aurora,0,0.98,LoL/Senna
i wont turn downthisgift,0,0.945,LoL/Senna
a silent subject,0,0.989,LoL/Senna
the eyes of winter,1,0.966,LoL/Senna
gift me some help,0,0.981,LoL/Senna
danger has found me,1,0.923,LoL/Senna
watch for me,0,0.991,LoL/Senna
good luck to the next polaris,0,0.986,LoL/Senna
death is postponed for the holidays,0,0.927,LoL/Senna
ifdeathwont thaw my memories then i must break them free,1,0.988,LoL/Senna
hope the next polaris gets a lighter gun,0,0.987,LoL/Senna
im not a patient polaris,0,0.928,LoL/Senna
you dont have the heart for this,0,0.983,LoL/Lucian
i got two guns ones for whats in front of me and ones for whats chasin,0,0.961,LoL/Lucian
aint enough bullets in the world for all the killin im about to do,1,0.965,LoL/Lucian
look at em all not even knowin theyre following me to hell,1,0.987,LoL/Lucian
so what was it like all that time in the lantern,0,0.98,LoL/Lucian
a nightmare lotta darkness food was great though,1,0.951,LoL/Lucian
whats to say youre still cursed,1,0.906,LoL/Lucian
keep that up and ill curse you,1,0.961,LoL/Lucian
so hows this gonna work,0,0.991,LoL/Lucian
well reckon i shoot something twice and then you shoot it a third time,0,0.972,LoL/Lucian
worked so far,0,0.991,LoL/Lucian
oh ha ha,0,0.988,LoL/Lucian
how do you aim that thing isnt it heavy,0,0.938,LoL/Lucian
not if you know what youre doing,0,0.984,LoL/Lucian
cause i tried to ohhhhh,0,0.98,LoL/Lucian
try to keep up,0,0.99,LoL/Lucian
try to be less beautiful,0,0.972,LoL/Lucian
i can turn into a screaming cloud,1,0.98,LoL/Lucian
right ill keep up,0,0.985,LoL/Lucian
reckon its time,0,0.932,LoL/Lucian
for a reckoning,1,0.947,LoL/Lucian
ill sleep when theyre good and dead,1,0.989,LoL/Lucian
keep your guns out and youll never need to draw,0,0.95,LoL/Lucian
no sunshine where im going,0,0.981,LoL/Lucian
somethin seems too good to be true probably is,0,0.958,LoL/Lucian
i try to remember her the way she was maybe its best i dont,0,0.98,LoL/Lucian
seen so much death i dont even notice it anymore,1,0.964,LoL/Lucian
always save one shot for myself just in case,0,0.987,LoL/Lucian
its not the wraiths that haunt me its what couldve been,1,0.989,LoL/Lucian
one shot for the years we lost one for the love we cant get back,1,0.981,LoL/Lucian
home is where i fight the dead,1,0.991,LoL/Lucian
when i kill em they stay killed,1,0.99,LoL/Lucian
dont need triggers just need a target,0,0.982,LoL/Lucian
if you cant run from it you might as well shoot it,0,0.975,LoL/Lucian
some call it magic i call it good aim,0,0.94,LoL/Lucian
you stare into the mist and the mist stares back,1,0.976,LoL/Lucian
it aint the grave i fear its what crawls out of it,1,0.99,LoL/Lucian
ive always fought the black mist never thought id be married to it,1,0.991,LoL/Lucian
bravest thing i ever did was getting up this morning,0,0.975,LoL/Lucian
these guns run on fury i never run out,1,0.926,LoL/Lucian
my wifes eyes glow with spectral magic im sure its fine,1,0.966,LoL/Lucian
this aint war wars end,1,0.988,LoL/Lucian
nothing as painful as seeing something good go bad,1,0.964,LoL/Lucian
spend this long around lost souls and youre bound to lose your own,1,0.989,LoL/Lucian
used to think nothing was colder than death now i know different,1,0.99,LoL/Lucian
how are you supposed to grieve when the thing you mourn comes back,1,0.987,LoL/Lucian
no place for feelings in this line of work a full hearts an easy target,1,0.902,LoL/Lucian
one of us finds peace one of us walks away,1,0.958,LoL/Lucian
i got two good reasons for you to turn back,0,0.946,LoL/Lucian
need me to wait while you reload that thing,0,0.974,LoL/Lucian
hey gunslinger ill let you know if you hit somethin,0,0.979,LoL/Lucian
you pointin that peashooter at me lets dance,0,0.965,LoL/Lucian
hey big fella try drinkin fromthesebarrels,0,0.978,LoL/Lucian
a man can gettooclose to his horse yknow,0,0.953,LoL/Lucian
hey pony man you the one that left that pile over there,0,0.977,LoL/Lucian
nothin i like more than a horse that aint been broken,1,0.967,LoL/Lucian
lets crack you open mordekaiser and see whats inside,0,0.961,LoL/Lucian
there she goes the love of my life,0,0.927,LoL/Lucian
looks like we got ourselves a lovers quarrel happy shootin senna,0,0.968,LoL/Lucian
that you senna uh is this about me not makin the bed again,0,0.977,LoL/Lucian
well well if it aint the ugly lowdown corpse that took my senna,1,0.977,LoL/Lucian
no we do this together,0,0.988,LoL/Lucian
someday well hunt monsters together vayne but today well hunt each other,1,0.966,LoL/Lucian
the mist has you in a bad way friend let me help,1,0.978,LoL/Lucian
hows demacia all safe from the mist yeah youre welcome,1,0.951,LoL/Lucian
tough talk for worm food,0,0.975,LoL/Lucian
chuckles and they say i have a grim sense of humor,0,0.96,LoL/Lucian
thisismy happy face see,0,0.99,LoL/Lucian
no really iamsmiling,0,0.989,LoL/Lucian
dont duck on my account,0,0.972,LoL/Lucian
sorry i gotta do this,0,0.989,LoL/Lucian
move aside friend,0,0.978,LoL/Lucian
try your luck,0,0.99,LoL/Lucian
light em up,0,0.987,LoL/Lucian
come get some,0,0.989,LoL/Lucian
yeah i got a cure for that,0,0.98,LoL/Lucian
plenty for all,0,0.982,LoL/Lucian
time to put you down,0,0.951,LoL/Lucian
here comes target practice,0,0.991,LoL/Lucian
i dont do warning shots,0,0.972,LoL/Lucian
how you see this goin,0,0.99,LoL/Lucian
both guns blazin,0,0.987,LoL/Lucian
have some peace,0,0.948,LoL/Lucian
got a death wish,1,0.962,LoL/Lucian
aimin at you,0,0.988,LoL/Lucian
gonna need more coffins,0,0.984,LoL/Lucian
hope you brought your sidearm,0,0.986,LoL/Lucian
cleanse in fury,1,0.987,LoL/Lucian
it ends here,0,0.988,LoL/Lucian
ashes and dust,0,0.974,LoL/Lucian
trust me youre better off,0,0.961,LoL/Lucian
you best stay down,0,0.977,LoL/Lucian
they never get tired of dyin,0,0.985,LoL/Lucian
for the light,0,0.976,LoL/Lucian
and all lost in darkness,1,0.988,LoL/Lucian
look at us making new memories,0,0.968,LoL/Lucian
same as the old memories,0,0.936,LoL/Lucian
sometimes i see what the darkness is afraid of,1,0.991,LoL/Lucian
yep reckon thats pure enough,0,0.985,LoL/Lucian
getting used to it,0,0.989,LoL/Lucian
i was aiming at them,0,0.99,LoL/Lucian
could see how that would be preferable,0,0.989,LoL/Lucian
reckon i could use a rest and a break from all the screamin,0,0.906,LoL/Lucian
a sentinels gotta know when to let his guns cool,0,0.97,LoL/Lucian
sometimes the smart thing to do is walk the hell away,0,0.963,LoL/Lucian
time to make like a wraith and disappear,1,0.977,LoL/Lucian
right about now i could use some purifyin of my own,0,0.963,LoL/Lucian
a saxophone plays,0,0.987,LoL/Lucian
lucian poses while synthwave music plays,0,0.978,LoL/Lucian
ill wait for her,0,0.99,LoL/Lucian
purity and peace,0,0.952,LoL/Lucian
cries out senna,0,0.965,LoL/Lucian
the shot that doesnt kill ya sure makes you mad as hell,1,0.947,LoL/Lucian
the mist wont take me yet,1,0.981,LoL/Lucian
looks like no peace for me today,1,0.938,LoL/Lucian
saw the beyond didnt like it much,0,0.952,LoL/Lucian
oh someones gonna pay for that,0,0.984,LoL/Lucian
hit the trail friends we got us a fight to win,0,0.945,LoL/Lucian
well now looks like we got ourselves a regular posse,0,0.988,LoL/Lucian
howdy friends lets show these folks what the west is made of,0,0.947,LoL/Lucian
theres a thin line between good and evil you ready to cross it,1,0.988,LoL/Lucian
what in the blue hell are you doing here thresh you angling for the rest of my soul,1,0.988,LoL/Lucian
time to finish what we started devil,0,0.986,LoL/Lucian
devils here i can feel it,0,0.942,LoL/Lucian
when youre damned either way give em hell,1,0.977,LoL/Lucian
stick close to the devil you know,1,0.984,LoL/Lucian
i remember the devils eyes red as sundown,1,0.984,LoL/Lucian
they call me a demonand thats what i am,1,0.97,LoL/Lucian
keep moving and dont get shot,0,0.94,LoL/Lucian
frontiers whatever you want it to be,0,0.984,LoL/Lucian
the only thing that matters out here is your aim,0,0.984,LoL/Lucian
there are worse things on the prairie than shadows,1,0.934,LoL/Lucian
a reckonings coming,0,0.977,LoL/Lucian
different day different dustup,0,0.99,LoL/Lucian
no rest for wicked hearts,1,0.99,LoL/Lucian
trouble with the damned is they never stay down,1,0.988,LoL/Lucian
i aint opposed to roughing up troublemakers,0,0.912,LoL/Lucian
i was branded by darkness didnt take,1,0.991,LoL/Lucian
the west is as cruel as any outlaw,1,0.987,LoL/Lucian
i aint a good man but im close enough,0,0.97,LoL/Lucian
the things i kill deserve what they get,1,0.99,LoL/Lucian
devil always gets his due,0,0.983,LoL/Lucian
good is hard to come by but i do what i can,0,0.982,LoL/Lucian
a mans evil grows long in his shadow,1,0.991,LoL/Lucian
these folks are small fry do em right and finish this quick,0,0.975,LoL/Lucian
fight was easier than i thought and i thought itd be easy,0,0.984,LoL/Lucian
dont take your time endin this never liked long fights,0,0.933,LoL/Lucian
gotta break this even streak sooner or later follow me,0,0.919,LoL/Lucian
things have broken even time to put a finger on the scales,1,0.982,LoL/Lucian
i seen my share of stalemates but this one takes it lets get those greenhorns,0,0.953,LoL/Lucian
looks like we got ourselves a real standoff i can feel my blood itchin,1,0.947,LoL/Lucian
ive never been to heaven but i carry hell with me,1,0.99,LoL/Lucian
sometimes when its quiet i can still hear her sometimes,0,0.966,LoL/Lucian
demon of the old west has a nice ring to it,0,0.953,LoL/Lucian
ive stared in the faces of life and death both blinked,1,0.991,LoL/Lucian
killing monsters on the high plains aint nothing sweeter,1,0.981,LoL/Lucian
everyday the desert eats a man for breakfast,1,0.976,LoL/Lucian
whole worlds full of men and monstersmost are a little of both,1,0.974,LoL/Lucian
the frontiers taken plenty of lives im just here to even the odds,1,0.978,LoL/Lucian
aint looking to make a name for myself already have one,0,0.984,LoL/Lucian
wish i could say it was good to see you longhorn suppose it was always gonna end this way,0,0.982,LoL/Lucian
curse youandcurse your damn birds you sorry heap o sticks,1,0.946,LoL/Lucian
i need me a horse,0,0.986,LoL/Lucian
square up tin man lets see if youre really the future of gunfightin,0,0.966,LoL/Lucian
deserts spittin out varmints left and right,0,0.942,LoL/Lucian
didnt realize my actions warranted your attention miss fortune,0,0.926,LoL/Lucian
ill rule my own soul devil and send you back to hell,1,0.991,LoL/Lucian
been saving this bullet for you devil,1,0.957,LoL/Lucian
yasuo been a while guess its time to settle a debt,0,0.948,LoL/Lucian
this demons calling you out,1,0.985,LoL/Lucian
hell aint big enough for the both of us,0,0.978,LoL/Lucian
you crossed the wrong demon friend,1,0.969,LoL/Lucian
if youre lookin for a fight then you found one,0,0.966,LoL/Lucian
ive got a badge too dont mean nothin,0,0.971,LoL/Lucian
im a cowboy on a steel horse i uh um,0,0.966,LoL/Lucian
now to ride into the sunset aw hell,1,0.991,LoL/Lucian
lucian laughs heartily,0,0.985,LoL/Lucian
lucian laughs heartily,0,0.985,LoL/Lucian
lucian laughs heartily,0,0.985,LoL/Lucian
lucian dances to a beat,0,0.978,LoL/Lucian
death is a mercy,1,0.985,LoL/Lucian
one in the chamber,0,0.947,LoL/Lucian
you look nervous,0,0.982,LoL/Lucian
reach for the sky,0,0.916,LoL/Lucian
youre fixin to die,1,0.982,LoL/Lucian
an easy shot,0,0.991,LoL/Lucian
no use runnin,0,0.987,LoL/Lucian
sound and fury,0,0.968,LoL/Lucian
you better be a fast gun,0,0.978,LoL/Lucian
never piss off a gunfighter,0,0.955,LoL/Lucian
take it up with my gun,0,0.982,LoL/Lucian
i do love a gunfight,0,0.981,LoL/Lucian
hang em high,0,0.983,LoL/Lucian
shoot first and never miss,0,0.961,LoL/Lucian
im itching for a fight,0,0.973,LoL/Lucian
you just made my day,0,0.972,LoL/Lucian
here comes the thunder,1,0.923,LoL/Lucian
this ones for senna you twofaced son of a coyote,0,0.941,LoL/Lucian
remember me devil,1,0.955,LoL/Lucian
youll bleed like the rest of us,1,0.974,LoL/Lucian
cut em out,0,0.953,LoL/Lucian
head em up,0,0.989,LoL/Lucian
one for the road,0,0.988,LoL/Lucian
lucian grunts twice,0,0.98,LoL/Lucian
lucian grunts twice,0,0.98,LoL/Lucian
lucian grunts twice,0,0.98,LoL/Lucian
knock this back,0,0.983,LoL/Lucian
light em up,0,0.987,LoL/Lucian
try this on,0,0.991,LoL/Lucian
chew on this,0,0.99,LoL/Lucian
you are forsaken,1,0.986,LoL/Lucian
the west will burn,1,0.974,LoL/Lucian
welcome to perdition,1,0.915,LoL/Lucian
lucian laughs maniacally,0,0.976,LoL/Lucian
now whyd you make me go and do that,0,0.978,LoL/Lucian
didnt even clear leather,0,0.967,LoL/Lucian
welcome to boot hill,0,0.975,LoL/Lucian
wrong end of the barrel friend,0,0.982,LoL/Lucian
dont stand where i shoot,0,0.915,LoL/Lucian
just when i thought we were getting on snake,0,0.968,LoL/Lucian
im sure ill see you soon stickheap too soon for my tastes,0,0.941,LoL/Lucian
cant kick a pebble without hitting one of these,0,0.983,LoL/Lucian
is it just me or are those critters getting bigger,0,0.978,LoL/Lucian
huh well senna thatll do,0,0.99,LoL/Lucian
cheat your way out of being dead fate,1,0.963,LoL/Lucian
finally some peace and quiet,0,0.929,LoL/Lucian
undertakers got his work cut out for im,0,0.988,LoL/Lucian
reckon that pissed somebody off,0,0.97,LoL/Lucian
look at that fell right over,0,0.976,LoL/Lucian
blew the doors off that one,0,0.929,LoL/Lucian
any o yall got a skinning knife,0,0.93,LoL/Lucian
no need to thank me friends just doin my job,0,0.982,LoL/Lucian
trail just got a little safer,0,0.972,LoL/Lucian
havent lost my touch,0,0.929,LoL/Lucian
give me a minute partnerive got company,0,0.979,LoL/Lucian
names lucianpleased to make your acquaintance,0,0.981,LoL/Lucian
well look who decided to join ustodays target practice,0,0.987,LoL/Lucian
salutations friendsgot room for one more,0,0.965,LoL/Lucian
ride em high cowboyride that last train straight to hell,1,0.97,LoL/Lucian
ill be waiting,0,0.984,LoL/Lucian
lucian grunts senna,0,0.98,LoL/Lucian
the last ride aint ever your last,1,0.945,LoL/Lucian
cant kill a man more shadow than blood,1,0.992,LoL/Lucian
back in the saddle,0,0.985,LoL/Lucian
glad that demon blood was good for somethin,1,0.975,LoL/Lucian
you will be purified,0,0.926,LoL/Lucian
i am the voice of the silence,1,0.976,LoL/Bel'Veth
we will be waiting,0,0.988,LoL/Bel'Veth
let my first steps mark the end of this world,1,0.983,LoL/Bel'Veth
you call us nothing yet we are everything every place every time we are you,1,0.989,LoL/Bel'Veth
all your lives you have chased your own destruction at long last i amhere,1,0.992,LoL/Bel'Veth
my hunger is endless it cannot be sated and it will not be stopped,1,0.986,LoL/Bel'Veth
existence was our cocoon it has made the void into something more,1,0.99,LoL/Bel'Veth
i am infinitely beyond you a mind undivided by weakness or mercy,1,0.99,LoL/Bel'Veth
my runeterra will be beautiful,0,0.982,LoL/Bel'Veth
undisturbed the void wanted nothing now we simplywant,1,0.985,LoL/Bel'Veth
i spread deeper and deeper into the old void,1,0.988,LoL/Bel'Veth
i am all that is and all that will ever be,1,0.97,LoL/Bel'Veth
there is a vast city growing beneath us my city,1,0.977,LoL/Bel'Veth
the light of reality burned until it did not,1,0.989,LoL/Bel'Veth
we will consume you and become you,1,0.988,LoL/Bel'Veth
evolution is never gentle,1,0.963,LoL/Bel'Veth
humanity is the architect of its own extinction,1,0.985,LoL/Bel'Veth
change is necessary,0,0.986,LoL/Bel'Veth
my kind will pour across runeterra and all will fall,1,0.989,LoL/Bel'Veth
the void cannot go back to what it was,1,0.972,LoL/Bel'Veth
a final feast to devour the world,1,0.982,LoL/Bel'Veth
all life will be repurposed the void will live,1,0.992,LoL/Bel'Veth
i will pick this world clean,1,0.958,LoL/Bel'Veth
empress is more than a title,0,0.91,LoL/Bel'Veth
now to unmake,0,0.988,LoL/Bel'Veth
when all is silent i will remain,1,0.98,LoL/Bel'Veth
i appreciate such valiant resistance,0,0.907,LoL/Bel'Veth
the void will drown you all,1,0.988,LoL/Bel'Veth
you all should have listened,0,0.976,LoL/Bel'Veth
life has infected my kind with the desire to exist we crave only what was forced upon us,1,0.992,LoL/Bel'Veth
for every city that falls we build ten for each life we take a thousand void spawn,1,0.992,LoL/Bel'Veth
the void desires an empress i am the expression of that will,1,0.99,LoL/Bel'Veth
you tore us from our formless cradle and cast us into the horror of reality,1,0.991,LoL/Bel'Veth
the watchers did not anticipate my birth it will be their final mistake,1,0.98,LoL/Bel'Veth
when the void first touched existence both were changed forever,1,0.992,LoL/Bel'Veth
this world will not be forgotten i will replace ita child devouring its parent,1,0.991,LoL/Bel'Veth
only existence can sate your hunger chogath,1,0.985,LoL/Bel'Veth
you disappoint me kaisa the watchers are the true threat,1,0.971,LoL/Bel'Veth
kassadin the void you knew is gone your war cannot be won,1,0.991,LoL/Bel'Veth
kogmaw so small and yet so much potential,0,0.958,LoL/Bel'Veth
witness me my prophet,1,0.901,LoL/Bel'Veth
queen of the xersai you of all things resist the change,1,0.975,LoL/Bel'Veth
velkoz your watchers cannot unmake me so easily,1,0.98,LoL/Bel'Veth
such intense emotions ruined king a meal to match my hungers,1,0.96,LoL/Bel'Veth
you are new to me child of the void show me your intentions,1,0.992,LoL/Bel'Veth
adhere to my will or die,1,0.96,LoL/Bel'Veth
your threats mean nothing i am beyond your comprehension,1,0.977,LoL/Bel'Veth
hello my little one whos my smoochy boochy baby you are you are,0,0.906,LoL/Bel'Veth
i was born knowing every joke in existence they fail to move me,1,0.985,LoL/Bel'Veth
nowhere to run,0,0.991,LoL/Bel'Veth
i will use you well,0,0.99,LoL/Bel'Veth
drown in me,1,0.979,LoL/Bel'Veth
you crave death,1,0.987,LoL/Bel'Veth
feed the void,1,0.985,LoL/Bel'Veth
my hungers grow,0,0.903,LoL/Bel'Veth
this will be painful,0,0.965,LoL/Bel'Veth
all things end,0,0.985,LoL/Bel'Veth
do not disappoint me,0,0.985,LoL/Bel'Veth
i grant you an audience,0,0.962,LoL/Bel'Veth
you have my attention,0,0.987,LoL/Bel'Veth
my world awaits,1,0.945,LoL/Bel'Veth
show me what you are,0,0.982,LoL/Bel'Veth
we will be complete,0,0.988,LoL/Bel'Veth
i am beyond you,0,0.901,LoL/Bel'Veth
you struggle for nothing,1,0.908,LoL/Bel'Veth
this could have been easy,0,0.992,LoL/Bel'Veth
give me your memories,0,0.922,LoL/Bel'Veth
they did not heed your warning rift herald,1,0.969,LoL/Bel'Veth
your memories will fill the void dragon,1,0.99,LoL/Bel'Veth
you sense what i am dragon,1,0.968,LoL/Bel'Veth
be remade in the void drake,1,0.988,LoL/Bel'Veth
if you refuse to join me nashor thendie,0,0.938,LoL/Bel'Veth
i will end this,0,0.99,LoL/Bel'Veth
let me taste your pain,1,0.986,LoL/Bel'Veth
i crave more,0,0.903,LoL/Bel'Veth
i am done talking,0,0.985,LoL/Bel'Veth
you all disappoint me,0,0.917,LoL/Bel'Veth
the time for games has ended,0,0.981,LoL/Bel'Veth
your memories i want more,0,0.939,LoL/Bel'Veth
fuel our evolution,0,0.923,LoL/Bel'Veth
sink beneath my waters,1,0.966,LoL/Bel'Veth
you become greedy chogath vicious arent you,1,0.989,LoL/Bel'Veth
you resist me kaisa yetiam your salvation,1,0.986,LoL/Bel'Veth
your true self awaits mouth of the abyss,1,0.991,LoL/Bel'Veth
consider an alliance lissandra consider it carefully,0,0.963,LoL/Bel'Veth
you saw the end malzahar now see the beginning,1,0.977,LoL/Bel'Veth
every moment of your life now belongs to me stone weaver,1,0.976,LoL/Bel'Veth
the watchers must die so the void can be reborn,1,0.993,LoL/Bel'Veth
they would erase even her memory ruined king you can still save her,1,0.984,LoL/Bel'Veth
all will drown beneath my lavender sea,1,0.984,LoL/Bel'Veth
i see all that will be,0,0.989,LoL/Bel'Veth
grant me knowledge,0,0.968,LoL/Bel'Veth
we have always watched,0,0.988,LoL/Bel'Veth
every morsel of this world will fuel our metamorphosis,1,0.99,LoL/Bel'Veth
you think yourselves victorious you are wrong,1,0.929,LoL/Bel'Veth
i will remember this,0,0.99,LoL/Bel'Veth
the void demands that i exist and so i do,1,0.987,LoL/Bel'Veth
hope is the armor of fools,1,0.988,LoL/Bel'Veth
i emerge from the lavender sea reborn,1,0.945,LoL/Bel'Veth
now you have myfullattention,0,0.981,LoL/Bel'Veth
homeguard start sfx,0,0.989,LoL/Bel'Veth
homeguard active loop sfx,0,0.991,LoL/Bel'Veth
homeguard wing flap sfx,0,0.987,LoL/Bel'Veth
homeguard wing flap sfx,0,0.987,LoL/Bel'Veth
homeguard start sfx,0,0.989,LoL/Bel'Veth
homeguard active loop sfx,0,0.991,LoL/Bel'Veth
homeguard wing flap sfx,0,0.987,LoL/Bel'Veth
homeguard wing flap sfx,0,0.987,LoL/Bel'Veth
dance cast sfx,0,0.989,LoL/Bel'Veth
dance loop sfx,0,0.991,LoL/Bel'Veth
dance cast sfx,0,0.989,LoL/Bel'Veth
dance loop sfx,0,0.991,LoL/Bel'Veth
slow basic attack cast sfx,0,0.989,LoL/Bel'Veth
slow basic attack cast sfx,0,0.989,LoL/Bel'Veth
slow basic attack cast sfx,0,0.989,LoL/Bel'Veth
slow basic attack cast sfx,0,0.989,LoL/Bel'Veth
fast basic attack cast sfx,0,0.989,LoL/Bel'Veth
fast basic attack cast sfx,0,0.989,LoL/Bel'Veth
fast basic attack cast sfx,0,0.989,LoL/Bel'Veth
fast basic attack cast sfx,0,0.989,LoL/Bel'Veth
slow basic attack cast sfx,0,0.989,LoL/Bel'Veth
slow basic attack cast sfx,0,0.989,LoL/Bel'Veth
slow basic attack cast sfx,0,0.989,LoL/Bel'Veth
slow basic attack cast sfx,0,0.989,LoL/Bel'Veth
fast basic attack cast sfx,0,0.989,LoL/Bel'Veth
fast basic attack cast sfx,0,0.989,LoL/Bel'Veth
fast basic attack cast sfx,0,0.989,LoL/Bel'Veth
fast basic attack cast sfx,0,0.989,LoL/Bel'Veth
slow basic attack cast sfx,0,0.989,LoL/Bel'Veth
slow basic attack cast sfx,0,0.989,LoL/Bel'Veth
slow basic attack cast sfx,0,0.989,LoL/Bel'Veth
slow basic attack cast sfx,0,0.989,LoL/Bel'Veth
fast basic attack cast sfx,0,0.989,LoL/Bel'Veth
fast basic attack cast sfx,0,0.989,LoL/Bel'Veth
fast basic attack cast sfx,0,0.989,LoL/Bel'Veth
fast basic attack cast sfx,0,0.989,LoL/Bel'Veth
basic attack single slow hit sfx,0,0.984,LoL/Bel'Veth
basic attack single slow hit sfx,0,0.984,LoL/Bel'Veth
basic attack single slow hit sfx,0,0.984,LoL/Bel'Veth
basic attack single slow hit sfx,0,0.984,LoL/Bel'Veth
basic attack double fast hit sfx,0,0.984,LoL/Bel'Veth
basic attack double fast hit sfx,0,0.984,LoL/Bel'Veth
basic attack double fast hit sfx,0,0.984,LoL/Bel'Veth
basic attack double fast hit sfx,0,0.984,LoL/Bel'Veth
basic attack single slow hit sfx,0,0.984,LoL/Bel'Veth
basic attack single slow hit sfx,0,0.984,LoL/Bel'Veth
basic attack single slow hit sfx,0,0.984,LoL/Bel'Veth
basic attack single slow hit sfx,0,0.984,LoL/Bel'Veth
basic attack double fast hit sfx,0,0.984,LoL/Bel'Veth
basic attack double fast hit sfx,0,0.984,LoL/Bel'Veth
basic attack double fast hit sfx,0,0.984,LoL/Bel'Veth
basic attack double fast hit sfx,0,0.984,LoL/Bel'Veth
basic attack single slow hit sfx,0,0.984,LoL/Bel'Veth
basic attack single slow hit sfx,0,0.984,LoL/Bel'Veth
basic attack single slow hit sfx,0,0.984,LoL/Bel'Veth
basic attack single slow hit sfx,0,0.984,LoL/Bel'Veth
basic attack double fast hit sfx,0,0.984,LoL/Bel'Veth
basic attack double fast hit sfx,0,0.984,LoL/Bel'Veth
basic attack double fast hit sfx,0,0.984,LoL/Bel'Veth
basic attack double fast hit sfx,0,0.984,LoL/Bel'Veth
void surge cast sfx,0,0.988,LoL/Bel'Veth
void surge hit sfx,0,0.981,LoL/Bel'Veth
void surgedirectional cooldown warningsfx,0,0.975,LoL/Bel'Veth
void surgedirectional cooldown warningsfx,0,0.975,LoL/Bel'Veth
void surgedirectional cooldown warningsfx,0,0.975,LoL/Bel'Veth
void surgedirectional cooldown warningsfx,0,0.975,LoL/Bel'Veth
void surge northeast direction available sfx,0,0.983,LoL/Bel'Veth
void surge northwest direction available sfx,0,0.983,LoL/Bel'Veth
void surge southeast direction available sfx,0,0.983,LoL/Bel'Veth
void surge southwest direction available sfx,0,0.983,LoL/Bel'Veth
void surge cast sfx,0,0.988,LoL/Bel'Veth
void surge hit sfx,0,0.981,LoL/Bel'Veth
void surgedirectional cooldown warningsfx,0,0.975,LoL/Bel'Veth
void surge northeast direction available sfx,0,0.983,LoL/Bel'Veth
void surge northwest direction available sfx,0,0.983,LoL/Bel'Veth
void surge southeast direction available sfx,0,0.983,LoL/Bel'Veth
void surge southwest direction available sfx,0,0.983,LoL/Bel'Veth
void surge cast sfx,0,0.988,LoL/Bel'Veth
void surge cast sfx,0,0.988,LoL/Bel'Veth
void surge cast sfx,0,0.988,LoL/Bel'Veth
void surge cast sfx,0,0.988,LoL/Bel'Veth
void surge hit sfx,0,0.981,LoL/Bel'Veth
void surgedirectional cooldown warningsfx,0,0.975,LoL/Bel'Veth
void surgedirectional cooldown warningsfx,0,0.975,LoL/Bel'Veth
void surge northeast direction available sfx,0,0.983,LoL/Bel'Veth
void surge northwest direction available sfx,0,0.983,LoL/Bel'Veth
void surge southeast direction available sfx,0,0.983,LoL/Bel'Veth
void surge southwest direction available sfx,0,0.983,LoL/Bel'Veth
above and below cast sfx,0,0.989,LoL/Bel'Veth
above and below launch sfx,0,0.99,LoL/Bel'Veth
above and below location hit sfx,0,0.988,LoL/Bel'Veth
above and below location hit sfx,0,0.988,LoL/Bel'Veth
above and below location hit sfx,0,0.988,LoL/Bel'Veth
above and below cast sfx,0,0.989,LoL/Bel'Veth
above and below launch sfx,0,0.99,LoL/Bel'Veth
above and below location hit sfx,0,0.988,LoL/Bel'Veth
above and below cast sfx,0,0.989,LoL/Bel'Veth
above and below launch sfx,0,0.99,LoL/Bel'Veth
above and below launch sfx,0,0.99,LoL/Bel'Veth
above and below location hit sfx,0,0.988,LoL/Bel'Veth
above and below location hit sfx,0,0.988,LoL/Bel'Veth
above and below location hit sfx,0,0.988,LoL/Bel'Veth
above and below enemy hit sfx,0,0.98,LoL/Bel'Veth
above and below enemy hit sfx,0,0.98,LoL/Bel'Veth
above and below enemy hit sfx,0,0.98,LoL/Bel'Veth
above and below enemy hit sfx,0,0.98,LoL/Bel'Veth
above and below enemy hit sfx,0,0.98,LoL/Bel'Veth
royal maelstrom cast sfx,0,0.985,LoL/Bel'Veth
royal maelstrom activation sfx,0,0.983,LoL/Bel'Veth
royal maelstrom slice cast sfx,0,0.983,LoL/Bel'Veth
royal maelstrom slice cast sfx,0,0.983,LoL/Bel'Veth
royal maelstrom slice cast sfx,0,0.983,LoL/Bel'Veth
royal maelstrom slice cast sfx,0,0.983,LoL/Bel'Veth
royal maelstrom slice hit sfx,0,0.949,LoL/Bel'Veth
royal maelstrom slice hit sfx,0,0.949,LoL/Bel'Veth
royal maelstrom slice hit sfx,0,0.949,LoL/Bel'Veth
royal maelstrom slice hit sfx,0,0.949,LoL/Bel'Veth
royal maelstrom slice hit sfx,0,0.949,LoL/Bel'Veth
royal maelstrom slice hit sfx,0,0.949,LoL/Bel'Veth
royal maelstrom cast sfx,0,0.985,LoL/Bel'Veth
royal maelstrom activation sfx,0,0.983,LoL/Bel'Veth
royal maelstrom slice cast sfx,0,0.983,LoL/Bel'Veth
royal maelstrom slice cast sfx,0,0.983,LoL/Bel'Veth
royal maelstrom slice cast sfx,0,0.983,LoL/Bel'Veth
royal maelstrom slice cast sfx,0,0.983,LoL/Bel'Veth
royal maelstrom slice hit sfx,0,0.949,LoL/Bel'Veth
royal maelstrom slice hit sfx,0,0.949,LoL/Bel'Veth
royal maelstrom slice hit sfx,0,0.949,LoL/Bel'Veth
royal maelstrom slice hit sfx,0,0.949,LoL/Bel'Veth
royal maelstrom slice hit sfx,0,0.949,LoL/Bel'Veth
royal maelstrom slice hit sfx,0,0.949,LoL/Bel'Veth
royal maelstrom cast sfx,0,0.985,LoL/Bel'Veth
royal maelstrom activation sfx,0,0.983,LoL/Bel'Veth
royal maelstrom activation sfx,0,0.983,LoL/Bel'Veth
royal maelstrom activation sfx,0,0.983,LoL/Bel'Veth
royal maelstrom slice cast sfx,0,0.983,LoL/Bel'Veth
royal maelstrom slice cast sfx,0,0.983,LoL/Bel'Veth
royal maelstrom slice hit sfx,0,0.949,LoL/Bel'Veth
royal maelstrom slice hit sfx,0,0.949,LoL/Bel'Veth
royal maelstrom slice hit sfx,0,0.949,LoL/Bel'Veth
royal maelstrom slice hit sfx,0,0.949,LoL/Bel'Veth
royal maelstrom slice hit sfx,0,0.949,LoL/Bel'Veth
royal maelstrom slice hit sfx,0,0.949,LoL/Bel'Veth
slice impact sfx on brush,0,0.984,LoL/Bel'Veth
slice impact sfx on brush,0,0.984,LoL/Bel'Veth
slice impact sfx on brush,0,0.984,LoL/Bel'Veth
slice impact sfx on brush,0,0.984,LoL/Bel'Veth
slice impact sfx on stone,0,0.963,LoL/Bel'Veth
slice impact sfx on stone,0,0.963,LoL/Bel'Veth
slice impact sfx on stone,0,0.963,LoL/Bel'Veth
slice impact sfx on stone,0,0.963,LoL/Bel'Veth
slice impact sfx on terrain,0,0.976,LoL/Bel'Veth
slice impact sfx on terrain,0,0.976,LoL/Bel'Veth
slice impact sfx on terrain,0,0.976,LoL/Bel'Veth
slice impact sfx on terrain,0,0.976,LoL/Bel'Veth
slice impact sfx on water,0,0.967,LoL/Bel'Veth
slice impact sfx on water,0,0.967,LoL/Bel'Veth
slice impact sfx on water,0,0.967,LoL/Bel'Veth
slice impact sfx on water,0,0.967,LoL/Bel'Veth
endless banquet passive activation sfx,0,0.96,LoL/Bel'Veth
endless banquet passive application on attack sfx,0,0.984,LoL/Bel'Veth
endless banquet passive application on attack sfx,0,0.984,LoL/Bel'Veth
endless banquet passive application on attack sfx,0,0.984,LoL/Bel'Veth
endless banquet passive activation sfx,0,0.96,LoL/Bel'Veth
endless banquet passive application on attack sfx,0,0.984,LoL/Bel'Veth
endless banquet passive application on attack sfx,0,0.984,LoL/Bel'Veth
endless banquet passive application on attack sfx,0,0.984,LoL/Bel'Veth
endless banquet passive activation sfx,0,0.96,LoL/Bel'Veth
endless banquet passive application on attack sfx,0,0.984,LoL/Bel'Veth
endless banquet passive application on attack sfx,0,0.984,LoL/Bel'Veth
endless banquet passive application on attack sfx,0,0.984,LoL/Bel'Veth
void coral spawn sfx,0,0.968,LoL/Bel'Veth
void coral alive loop sfx,0,0.981,LoL/Bel'Veth
void coral expiration sfx,0,0.98,LoL/Bel'Veth
void coral expiration sfx,0,0.98,LoL/Bel'Veth
void coral expiration sfx,0,0.98,LoL/Bel'Veth
void coral expiration sfx,0,0.98,LoL/Bel'Veth
void coral spawn sfx,0,0.968,LoL/Bel'Veth
void coral alive loop sfx,0,0.981,LoL/Bel'Veth
void coral expiration sfx,0,0.98,LoL/Bel'Veth
void coral expiration sfx,0,0.98,LoL/Bel'Veth
void coral expiration sfx,0,0.98,LoL/Bel'Veth
void coral expiration sfx,0,0.98,LoL/Bel'Veth
void coral spawn sfx,0,0.968,LoL/Bel'Veth
void coral alive loop sfx,0,0.981,LoL/Bel'Veth
void coral expiration sfx,0,0.98,LoL/Bel'Veth
void coral expiration sfx,0,0.98,LoL/Bel'Veth
endless banquet cast sfx,0,0.984,LoL/Bel'Veth
endless banquet activation sfx,0,0.977,LoL/Bel'Veth
true form transformation end sfx,0,0.984,LoL/Bel'Veth
endless banquet cast sfx,0,0.984,LoL/Bel'Veth
endless banquet activation sfx,0,0.977,LoL/Bel'Veth
true form transformation end sfx,0,0.984,LoL/Bel'Veth
endless banquet cast sfx,0,0.984,LoL/Bel'Veth
endless banquet activation sfx,0,0.977,LoL/Bel'Veth
true form transformation end sfx,0,0.984,LoL/Bel'Veth
remora conversion start sfx,0,0.988,LoL/Bel'Veth
remora conversion start sfx,0,0.988,LoL/Bel'Veth
remora conversion start sfx,0,0.988,LoL/Bel'Veth
remora conversion start sfx,0,0.988,LoL/Bel'Veth
remora spawn sfx,0,0.982,LoL/Bel'Veth
remora spawn sfx,0,0.982,LoL/Bel'Veth
remora spawn sfx,0,0.982,LoL/Bel'Veth
remora spawn sfx,0,0.982,LoL/Bel'Veth
remora conversion start sfx,0,0.988,LoL/Bel'Veth
remora conversion start sfx,0,0.988,LoL/Bel'Veth
remora conversion start sfx,0,0.988,LoL/Bel'Veth
remora conversion start sfx,0,0.988,LoL/Bel'Veth
remora spawn sfx,0,0.982,LoL/Bel'Veth
remora spawn sfx,0,0.982,LoL/Bel'Veth
remora spawn sfx,0,0.982,LoL/Bel'Veth
remora spawn sfx,0,0.982,LoL/Bel'Veth
remora conversion start sfx,0,0.988,LoL/Bel'Veth
remora conversion start sfx,0,0.988,LoL/Bel'Veth
remora spawn sfx,0,0.982,LoL/Bel'Veth
remora spawn sfx,0,0.982,LoL/Bel'Veth
melee remora attack cast sfx,0,0.985,LoL/Bel'Veth
ranged remora attack cast sfx,0,0.98,LoL/Bel'Veth
melee remora attack hit sfx,0,0.974,LoL/Bel'Veth
ranged remora attack hit sfx,0,0.971,LoL/Bel'Veth
melee remora attack cast sfx,0,0.985,LoL/Bel'Veth
ranged remora attack cast sfx,0,0.98,LoL/Bel'Veth
melee remora attack hit sfx,0,0.974,LoL/Bel'Veth
ranged remora attack hit sfx,0,0.971,LoL/Bel'Veth
melee remora attack cast sfx,0,0.985,LoL/Bel'Veth
ranged remora attack cast sfx,0,0.98,LoL/Bel'Veth
melee remora attack hit sfx,0,0.974,LoL/Bel'Veth
ranged remora attack hit sfx,0,0.971,LoL/Bel'Veth
change is good,0,0.99,LoL/Kha'Zix
they fear me,1,0.976,LoL/Kha'Zix
consume and adapt,0,0.986,LoL/Kha'Zix
position for ambush,0,0.974,LoL/Kha'Zix
a different view,0,0.99,LoL/Kha'Zix
this world is delicious,0,0.901,LoL/Kha'Zix
fear the void,1,0.99,LoL/Kha'Zix
pierce and skewer,0,0.986,LoL/Kha'Zix
do not fear death the best part of you will live on,1,0.99,LoL/Kha'Zix
if i eat you will i learn how to die,1,0.984,LoL/Kha'Zix
hahaha youre barely worth eating,0,0.984,LoL/Kha'Zix
to truly know someone eat them and walk a mile in their feet,1,0.94,LoL/Kha'Zix
my purpose is eating deadly creatures my hobby is eating yordles,1,0.967,LoL/Kha'Zix
i ate an optimist once but i couldnt keep him down,0,0.966,LoL/Kha'Zix
isolate and devour,1,0.908,LoL/Kha'Zix
one by one,0,0.968,LoL/Kha'Zix
they fear me,1,0.976,LoL/Kha'Zix
devour their bones,1,0.98,LoL/Kha'Zix
from the dark,1,0.971,LoL/Kha'Zix
strike from above,0,0.981,LoL/Kha'Zix
khazix growls aggressively,0,0.927,LoL/Kha'Zix
khazix growls aggressively,0,0.927,LoL/Kha'Zix
khazix growls aggressively,0,0.927,LoL/Kha'Zix
khazix growls aggressively,0,0.927,LoL/Kha'Zix
khazix growls aggressively,0,0.927,LoL/Kha'Zix
khazix growls aggressively,0,0.927,LoL/Kha'Zix
khazix growls aggressively,0,0.927,LoL/Kha'Zix
khazix growls aggressively,0,0.927,LoL/Kha'Zix
khazix shouts in effort,0,0.982,LoL/Kha'Zix
khazix shouts in effort,0,0.982,LoL/Kha'Zix
khazix shouts in effort,0,0.982,LoL/Kha'Zix
khazix shouts in effort,0,0.982,LoL/Kha'Zix
they cant keep up,0,0.989,LoL/Kha'Zix
they will not expect this,0,0.99,LoL/Kha'Zix
khazix screams and perishes,1,0.937,LoL/Kha'Zix
khazix screams and perishes,1,0.937,LoL/Kha'Zix
khazix screams and perishes,1,0.937,LoL/Kha'Zix
khazix screams and perishes,1,0.937,LoL/Kha'Zix
tonight we hunt,0,0.982,LoL/Rengar
a true hunter never rests,1,0.978,LoL/Rengar
monsters can be made to fear,1,0.974,LoL/Rengar
walk the killers path,1,0.973,LoL/Rengar
a true hunter never rests,1,0.978,LoL/Rengar
strike when ready,0,0.972,LoL/Rengar
catch their trail,0,0.967,LoL/Rengar
comfort breeds weakness,1,0.948,LoL/Rengar
whose head shall i take,1,0.971,LoL/Rengar
there is the hunter and the hunted,1,0.983,LoL/Rengar
ive found you beast,1,0.974,LoL/Rengar
youve earned a good death ive earned the kill,1,0.988,LoL/Rengar
so much bloodshed this is my kind of place,1,0.973,LoL/Rengar
all these trophies im gonna need a bigger den,0,0.951,LoL/Rengar
rengar laughs confidently,0,0.988,LoL/Rengar
rengar laughs confidently,0,0.988,LoL/Rengar
rengar laughs confidently,0,0.988,LoL/Rengar
rengar laughs confidently,0,0.988,LoL/Rengar
their heads will adorn my wall,1,0.974,LoL/Rengar
carve off a souvenir,0,0.988,LoL/Rengar
a fitting prize,0,0.989,LoL/Rengar
nothing will escape,1,0.925,LoL/Rengar
lets see what theyre made of,0,0.985,LoL/Rengar
another piece for my collection,0,0.986,LoL/Rengar
im just getting started,0,0.987,LoL/Rengar
a fine collection,0,0.99,LoL/Rengar
never return emptyhanded,0,0.982,LoL/Rengar
what a glorious hunt,0,0.977,LoL/Rengar
rengar bellows loudly,0,0.917,LoL/Rengar
rengar bellows loudly,0,0.917,LoL/Rengar
rengar bellows loudly,0,0.917,LoL/Rengar
rengar bellows loudly,0,0.917,LoL/Rengar
not so fast,0,0.99,LoL/Rengar
presence alert sfx,0,0.991,LoL/Rengar
live and die by the blade,1,0.991,LoL/Talon
only fools pledge life to honor,1,0.978,LoL/Talon
on the razors edge,0,0.954,LoL/Talon
theres nowhere to hide,0,0.94,LoL/Talon
lets finish this quickly,0,0.99,LoL/Talon
eventually my blades will find their way into your heart,1,0.989,LoL/Talon
have you anything to offer but weakness,0,0.955,LoL/Talon
this blades my favorite,0,0.986,LoL/Talon
enjoy the taste of steel,0,0.908,LoL/Talon
their bones will whet my blade,1,0.99,LoL/Talon
another body for the gutter,1,0.941,LoL/Talon
this is no challenge,0,0.991,LoL/Talon
talon shouts intensely,0,0.969,LoL/Talon
talon shouts intensely,0,0.969,LoL/Talon
talon shouts intensely,0,0.969,LoL/Talon
talon shouts intensely,0,0.969,LoL/Talon
talon huffs intensely,0,0.971,LoL/Talon
talon huffs forcefully,0,0.947,LoL/Talon
talon yells with determination,0,0.96,LoL/Talon
talon yells with determination,0,0.96,LoL/Talon
talon yells with determination,0,0.96,LoL/Talon
talon yells with determination,0,0.96,LoL/Talon
talon chuckles triumphantly,0,0.99,LoL/Talon
talon chuckles triumphantly,0,0.99,LoL/Talon
talon chuckles triumphantly,0,0.99,LoL/Talon
talon chuckles triumphantly,0,0.99,LoL/Talon
youd wish the world you know to end yeeeesssss,1,0.973,LoL/Cho'Gath
afraid of the dark wise,1,0.99,LoL/Cho'Gath
you are a scourge upon the world,1,0.979,LoL/Cho'Gath
the daylight it burns,1,0.99,LoL/Cho'Gath
your voices are a scourge upon the world,1,0.987,LoL/Cho'Gath
summoner your darkness beckons,1,0.991,LoL/Cho'Gath
for the darkness,1,0.988,LoL/Cho'Gath
i shall bring them terror,1,0.989,LoL/Cho'Gath
afraid of the dark wise,1,0.99,LoL/Cho'Gath
death is not the end for you i have seen to it for eternity you are mine,1,0.992,LoL/Cho'Gath
ah the tangled webs we weave,1,0.956,LoL/Cho'Gath
nom nom nom nom nom nom nom,0,0.975,LoL/Cho'Gath
chogath laughs menacingly,0,0.967,LoL/Cho'Gath
chogath laughs menacingly,0,0.967,LoL/Cho'Gath
chogath laughs menacingly,0,0.967,LoL/Cho'Gath
your souls will feed the void,1,0.991,LoL/Cho'Gath
who will be eaten first,0,0.967,LoL/Cho'Gath
there will be no end to your suffering,1,0.965,LoL/Cho'Gath
you have stains upon your soul perfect,1,0.987,LoL/Cho'Gath
you are such hideous creatures,1,0.978,LoL/Cho'Gath
clears throat yes good sir,0,0.95,LoL/Cho'Gath
anyone for a spot of tea,0,0.985,LoL/Cho'Gath
let us fight like gentlemen,0,0.919,LoL/Cho'Gath
what what what,0,0.992,LoL/Cho'Gath
would you like some cheese with your whine,0,0.932,LoL/Cho'Gath
nom nom nom nom nom,0,0.984,LoL/Cho'Gath
chogath laughs pompously,0,0.986,LoL/Cho'Gath
chogath laughs pompously,0,0.986,LoL/Cho'Gath
chogath laughs pompously,0,0.986,LoL/Cho'Gath
chogath laughs pompously,0,0.986,LoL/Cho'Gath
you cheeky little fellow,0,0.987,LoL/Cho'Gath
i challenge you to a duel,0,0.941,LoL/Cho'Gath
i like a man who grins when he fights,0,0.956,LoL/Cho'Gath
up you go,0,0.992,LoL/Cho'Gath
nom nom nom nom nom nom nom,0,0.975,LoL/Cho'Gath
nom nom nom nom nom nom nom,0,0.975,LoL/Cho'Gath
the world of humans is ending,1,0.983,LoL/Cho'Gath
biologicals must be eliminated,0,0.958,LoL/Cho'Gath
mydesign exceeds any others,0,0.984,LoL/Cho'Gath
morals are a waste of memory,0,0.951,LoL/Cho'Gath
evolution is past extermination is present,1,0.99,LoL/Cho'Gath
when all humans die i will remain,1,0.99,LoL/Cho'Gath
cleanse the world of biofilth,1,0.914,LoL/Cho'Gath
doom cannon fire raaaaagh,0,0.966,LoL/Cho'Gath
long range communications sent,0,0.988,LoL/Cho'Gath
chogath laughs menacingly,0,0.967,LoL/Cho'Gath
chogath laughs menacingly,0,0.967,LoL/Cho'Gath
chogath laughs menacingly,0,0.967,LoL/Cho'Gath
chogath laughs menacingly,0,0.967,LoL/Cho'Gath
violence restrictions lifted,0,0.976,LoL/Cho'Gath
isolating weak points,0,0.99,LoL/Cho'Gath
afraid of the dark thats my shadow,1,0.991,LoL/Cho'Gath
chogath roars in effort,0,0.978,LoL/Cho'Gath
chogath roars in effort,0,0.978,LoL/Cho'Gath
chogath roars in effort,0,0.978,LoL/Cho'Gath
chogath roars in effort,0,0.978,LoL/Cho'Gath
chogath growls in effort,0,0.97,LoL/Cho'Gath
chogath growls in effort,0,0.97,LoL/Cho'Gath
chogath growls in effort,0,0.97,LoL/Cho'Gath
missile bays open,0,0.986,LoL/Cho'Gath
omnom nom nom nom nom nom nom,0,0.972,LoL/Cho'Gath
omnom nom nomnomnomnomnom,0,0.977,LoL/Cho'Gath
nom nom nom nom nom nom nom nom,0,0.972,LoL/Cho'Gath
omnom nom nom,0,0.988,LoL/Cho'Gath
repurposing consumed materials,0,0.986,LoL/Cho'Gath
structural integrity reinforced,0,0.969,LoL/Cho'Gath
quantifying nutritional value,0,0.984,LoL/Cho'Gath
core reactorfully charged,0,0.921,LoL/Cho'Gath
let the consumption begin,0,0.965,LoL/Cho'Gath
power levels rising,0,0.953,LoL/Cho'Gath
approaching peak output,0,0.979,LoL/Cho'Gath
final state reached tremble before me,1,0.985,LoL/Cho'Gath
ishall eclipse the world of man,1,0.984,LoL/Cho'Gath
condensing for transport,0,0.986,LoL/Cho'Gath
returning to docking station,0,0.986,LoL/Cho'Gath
increasing defensive awareness,0,0.984,LoL/Cho'Gath
revenge profile uploaded,0,0.961,LoL/Cho'Gath
redundant systems activating,0,0.931,LoL/Cho'Gath
blue screen resolved,0,0.986,LoL/Cho'Gath
system error isolated reinitializing,0,0.976,LoL/Cho'Gath
i will devour all disgusting humans,1,0.983,LoL/Cho'Gath
guess you had the last bite,0,0.97,LoL/Cho'Gath
thank you for this auspicious game,0,0.985,LoL/Cho'Gath
guess you had the last bite,0,0.97,LoL/Cho'Gath
thank you for this auspicious game,0,0.985,LoL/Cho'Gath
time to feast,0,0.972,LoL/Kog'Maw
hungry never sleep,1,0.972,LoL/Kog'Maw
keep coming not full,0,0.979,LoL/Kog'Maw
kogmaw sounds a charge bugle call,0,0.973,LoL/Kog'Maw
fa la la la la la la la la,0,0.935,LoL/Kog'Maw
fa la la la la la la la la,0,0.935,LoL/Kog'Maw
fa la la la la la la la la,0,0.935,LoL/Kog'Maw
fa la la la la la la la laaaa,0,0.926,LoL/Kog'Maw
kogmaw chuckles amusedly,0,0.988,LoL/Kog'Maw
kogmaw chuckles amusedly,0,0.988,LoL/Kog'Maw
kogmaw chuckles amusedly,0,0.988,LoL/Kog'Maw
kogmaw chuckles amusedly,0,0.988,LoL/Kog'Maw
kogmaw gurgles noisily,0,0.985,LoL/Kog'Maw
kogmaw gurgles noisily,0,0.985,LoL/Kog'Maw
kogmaw gurgles noisily,0,0.985,LoL/Kog'Maw
kogmaw hacks and gurgles,0,0.984,LoL/Kog'Maw
hunger never sleep,1,0.977,LoL/Kog'Maw
leave no scraps,0,0.914,LoL/Kog'Maw
kogmaw retches loudly and vigorously,0,0.976,LoL/Kog'Maw
kogmaw retches loudly and vigorously,0,0.976,LoL/Kog'Maw
kogmaw retches loudly and vigorously,0,0.976,LoL/Kog'Maw
kogmaw hocks forcefully,0,0.985,LoL/Kog'Maw
kogmaw hocks forcefully,0,0.985,LoL/Kog'Maw
kogmaw hocks forcefully,0,0.985,LoL/Kog'Maw
kogmaw hocks forcefully,0,0.985,LoL/Kog'Maw
kogmaw retches vigorously,0,0.981,LoL/Kog'Maw
kogmaw retches vigorously,0,0.981,LoL/Kog'Maw
kogmaw retches vigorously,0,0.981,LoL/Kog'Maw
kogmaw retches vigorously,0,0.981,LoL/Kog'Maw
kogmaw retches loudly and vigorously,0,0.976,LoL/Kog'Maw
kogmaw retches loudly and vigorously,0,0.976,LoL/Kog'Maw
kogmaw retches vigorously,0,0.981,LoL/Kog'Maw
kogmaw hocks forcefully,0,0.985,LoL/Kog'Maw
kogmaw gurgles loudly crying out,0,0.947,LoL/Kog'Maw
kogmaw gurgles loudly crying out,0,0.947,LoL/Kog'Maw
kogmaw gurgles loudly crying out,0,0.947,LoL/Kog'Maw
kogmaw gurgles loudly crying out,0,0.947,LoL/Kog'Maw
kogmaw gurgles loudly crying out,0,0.947,LoL/Kog'Maw
kogmaw gurgles crying out,0,0.955,LoL/Kog'Maw
kogmaw gurgles crying out,0,0.955,LoL/Kog'Maw
kogmaw gurgles crying out,0,0.955,LoL/Kog'Maw
idle sfx scratching,0,0.992,LoL/Kog'Maw
idle sfx tail chasing,0,0.992,LoL/Kog'Maw
idle sfx excited shaking,0,0.991,LoL/Kog'Maw
attack launch sfx,0,0.991,LoL/Kog'Maw
attack launch sfx,0,0.991,LoL/Kog'Maw
attack launch sfx,0,0.991,LoL/Kog'Maw
attack launch sfx,0,0.991,LoL/Kog'Maw
attack cast sfx,0,0.991,LoL/Kog'Maw
attack cast sfx,0,0.991,LoL/Kog'Maw
attack cast sfx,0,0.991,LoL/Kog'Maw
attack launch sfx,0,0.991,LoL/Kog'Maw
attack launch sfx,0,0.991,LoL/Kog'Maw
attack hit sfx,0,0.987,LoL/Kog'Maw
attack hit sfx,0,0.987,LoL/Kog'Maw
attack hit sfx,0,0.987,LoL/Kog'Maw
attack cast sfx,0,0.991,LoL/Kog'Maw
attack cast sfx,0,0.991,LoL/Kog'Maw
attack cast sfx,0,0.991,LoL/Kog'Maw
attack launch sfx,0,0.991,LoL/Kog'Maw
attack launch sfx,0,0.991,LoL/Kog'Maw
attack hit sfx,0,0.987,LoL/Kog'Maw
attack hit sfx,0,0.987,LoL/Kog'Maw
attack hit sfx,0,0.987,LoL/Kog'Maw
activation sfx unleash,0,0.989,LoL/Kog'Maw
activation sfx unleash,0,0.989,LoL/Kog'Maw
activation sfx riser,0,0.991,LoL/Kog'Maw
activation sfx riser,0,0.991,LoL/Kog'Maw
activation sfx scream,0,0.99,LoL/Kog'Maw
activation sfx unleash,0,0.989,LoL/Kog'Maw
activation sfx unleash,0,0.989,LoL/Kog'Maw
activation sfx riser,0,0.991,LoL/Kog'Maw
activation sfx riser,0,0.991,LoL/Kog'Maw
activation sfx scream,0,0.99,LoL/Kog'Maw
activation sfx unleash,0,0.989,LoL/Kog'Maw
activation sfx unleash,0,0.989,LoL/Kog'Maw
activation sfx unleash,0,0.989,LoL/Kog'Maw
activation sfx unleash,0,0.989,LoL/Kog'Maw
activation sfx riser,0,0.991,LoL/Kog'Maw
activation sfx riser,0,0.991,LoL/Kog'Maw
activation sfx riser,0,0.991,LoL/Kog'Maw
activation sfx riser,0,0.991,LoL/Kog'Maw
activation sfx scream,0,0.99,LoL/Kog'Maw
activation sfx unleash,0,0.989,LoL/Kog'Maw
activation sfx unleash,0,0.989,LoL/Kog'Maw
activation sfx riser,0,0.991,LoL/Kog'Maw
activation sfx riser,0,0.991,LoL/Kog'Maw
activation sfx scream,0,0.99,LoL/Kog'Maw
activation sfx unleash,0,0.989,LoL/Kog'Maw
activation sfx riser,0,0.991,LoL/Kog'Maw
activation sfx scream,0,0.99,LoL/Kog'Maw
activation sfx unleash,0,0.989,LoL/Kog'Maw
activation sfx riser,0,0.991,LoL/Kog'Maw
activation sfx scream,0,0.99,LoL/Kog'Maw
buff active loop sfx,0,0.99,LoL/Kog'Maw
buff active loop sfx,0,0.99,LoL/Kog'Maw
attack cast sfx,0,0.991,LoL/Kog'Maw
attack cast sfx,0,0.991,LoL/Kog'Maw
attack cast sfx,0,0.991,LoL/Kog'Maw
attack launch sfx,0,0.991,LoL/Kog'Maw
attack hit sfx,0,0.987,LoL/Kog'Maw
attack hit sfx,0,0.987,LoL/Kog'Maw
attack hit sfx,0,0.987,LoL/Kog'Maw
attack launch sfx,0,0.991,LoL/Kog'Maw
attack launch sfx,0,0.991,LoL/Kog'Maw
attack launch sfx,0,0.991,LoL/Kog'Maw
attack launch sfx,0,0.991,LoL/Kog'Maw
attack cast sfx,0,0.991,LoL/Kog'Maw
attack cast sfx,0,0.991,LoL/Kog'Maw
attack cast sfx,0,0.991,LoL/Kog'Maw
attack cast sfx,0,0.991,LoL/Kog'Maw
attack cast sfx,0,0.991,LoL/Kog'Maw
attack cast sfx,0,0.991,LoL/Kog'Maw
attack cast sfx,0,0.991,LoL/Kog'Maw
attack cast sfx,0,0.991,LoL/Kog'Maw
attack launch sfx,0,0.991,LoL/Kog'Maw
attack launch sfx,0,0.991,LoL/Kog'Maw
attack hit sfx,0,0.987,LoL/Kog'Maw
attack hit sfx,0,0.987,LoL/Kog'Maw
attack hit sfx,0,0.987,LoL/Kog'Maw
attack cast sfx,0,0.991,LoL/Kog'Maw
attack cast sfx,0,0.991,LoL/Kog'Maw
attack cast sfx,0,0.991,LoL/Kog'Maw
attack launch sfx,0,0.991,LoL/Kog'Maw
attack launch sfx,0,0.991,LoL/Kog'Maw
attack hit sfx,0,0.987,LoL/Kog'Maw
attack hit sfx,0,0.987,LoL/Kog'Maw
attack hit sfx,0,0.987,LoL/Kog'Maw
cast sfx missile,0,0.991,LoL/Kog'Maw
cast sfx missile,0,0.991,LoL/Kog'Maw
cast sfx missile,0,0.991,LoL/Kog'Maw
cast sfx ground,0,0.991,LoL/Kog'Maw
cast sfx ground,0,0.991,LoL/Kog'Maw
cast sfx ground,0,0.991,LoL/Kog'Maw
cast sfx missile,0,0.991,LoL/Kog'Maw
cast sfx missile,0,0.991,LoL/Kog'Maw
cast sfx missile,0,0.991,LoL/Kog'Maw
cast sfx missile,0,0.991,LoL/Kog'Maw
cast sfx ground,0,0.991,LoL/Kog'Maw
cast sfx ground,0,0.991,LoL/Kog'Maw
cast sfx ground,0,0.991,LoL/Kog'Maw
cast sfx missile,0,0.991,LoL/Kog'Maw
cast sfx missile,0,0.991,LoL/Kog'Maw
cast sfx ground,0,0.991,LoL/Kog'Maw
cast sfx ground,0,0.991,LoL/Kog'Maw
cast sfx missile,0,0.991,LoL/Kog'Maw
cast sfx missile,0,0.991,LoL/Kog'Maw
cast sfx ground,0,0.991,LoL/Kog'Maw
cast sfx ground,0,0.991,LoL/Kog'Maw
cast sfx missile,0,0.991,LoL/Kog'Maw
cast sfx missile,0,0.991,LoL/Kog'Maw
cast sfx ground,0,0.991,LoL/Kog'Maw
cast sfx ground,0,0.991,LoL/Kog'Maw
recall leadin sfx,0,0.99,LoL/Kog'Maw
recall leadout sfx,0,0.991,LoL/Kog'Maw
recall leadin sfx,0,0.99,LoL/Kog'Maw
recall leadout sfx toy crane win,0,0.986,LoL/Kog'Maw
recall leadout sfx toy crane fail,0,0.986,LoL/Kog'Maw
winddown sfx toy crane win,0,0.987,LoL/Kog'Maw
winddown sfx toy crane fail,0,0.982,LoL/Kog'Maw
still hungry,0,0.977,LoL/Kog'Maw
increases maximumhpby 71 82 93 10,0,0.972,darksouls3
sun princess ring,0,0.981,darksouls3
gradually restoreshp2 hpsecond,0,0.972,darksouls3
found in gwyneveres chamber afteraldrichsboss room,0,0.935,darksouls3
increaseshprestored withestus flaskby 20,0,0.973,darksouls3
increasesfprestored withashen estus flaskby 20,0,0.944,darksouls3
raisesstaminarecovery speed by 7 pointssecond1 8 staminasecond2 9 staminasecond3 10 staminasecond,0,0.942,darksouls3
increases maximumequipment loadby 151 172 183 19,0,0.959,darksouls3
soul transpositionusingsoul of a stray demon1 version ngarchdragon peakfrom the altar that gives you thetwinkling dragon torso stone go back down the steps the ring is to the right of the doorway2 version ng on a wooden beam below the prison tower bonfire in irithyll of the boreal valleyanor londo after painting guardian curved sword and the painting guardian set3 version the ringed city just below where you get invaded bysilver knight ledo on the ledges above the swamp,1,0.921,darksouls3
ring of favor,0,0.988,darksouls3
increases maxhpby 3staminaby 9 andequipment loadby 51 45  10  62 5  11  73 6  12  8,0,0.954,darksouls3
increasesvgr5end5 andvit5 and reduces absorptions by 4,0,0.958,darksouls3
ring of steel protection,0,0.956,darksouls3
increases physical absorption by 10 pvp 21 13 pvp 32 15 pvp 43 17 pvp 5,0,0.962,darksouls3
magic stoneplate ring,0,0.986,darksouls3
increases magic absorption by 13 pvp 41 17 pvp 52 20 pvp 6,0,0.936,darksouls3
flame stoneplate ring,0,0.978,darksouls3
increases fire absorption by 13 pvp 41 17 pvp 52 20 pvp 6,0,0.959,darksouls3
thunder stoneplate ring,0,0.976,darksouls3
increases lightning absorption by 13 pvp 41 17 pvp 52 20 pvp 6,0,0.94,darksouls3
dark stoneplate ring,0,0.961,darksouls3
speckled stoneplate ring,0,0.973,darksouls3
near the first short cut atcathedral of the deepbehind the ravenous crystal lizard1 version ngundead settlementin the graveyard beside the white birch tree where the giant is shooting great arrows at youenemies nearby youll find a well hidden in a corner the ring is on a corpse behind the well,1,0.933,darksouls3
increasescurse resistanceby 150 points,0,0.947,darksouls3
increasesstrengthby 5 levels,0,0.973,darksouls3
increasesdexterityby 5 levels,0,0.948,darksouls3
increaseintelligenceby 5 levels,0,0.955,darksouls3
increasesfaithby 5 levels,0,0.969,darksouls3
sold by theshrine handmaidinuntended gravesdropped by theshrine handmaidinuntended graves even if youve already purchased it from her,1,0.918,darksouls3
covetous gold serpent ring,0,0.948,darksouls3
increasesitem discoveryby 50 points1 752 1003 125,0,0.963,darksouls3
covetous silver serpent ring,0,0.938,darksouls3
fallen foes yield 10 more souls1 202 303 35,1,0.989,darksouls3
allows attunement of additional spells 1 attunement slot,0,0.905,darksouls3
sold byirina of carimfor 300 souls,1,0.91,darksouls3
allows attunement of many additional spells 2 attunement slots,0,0.922,darksouls3
rank 1 covenant rewardblade of the darkmoon,1,0.99,darksouls3
young dragon ring,0,0.964,darksouls3
great swamp ring,0,0.972,darksouls3
ring of the suns first born,1,0.922,darksouls3
extends length of spell effects by 301 352 40,0,0.948,darksouls3
dusk crown ring,0,0.957,darksouls3
reduces spells consumption offpby 25 at the cost of 15 less maxhp,0,0.96,darksouls3
strengthens thrust weapon counter attacks by 15,0,0.943,darksouls3
increasespoiseby 4 points1 62 83 9,0,0.962,darksouls3
extends the range of arrows,0,0.979,darksouls3
dropped from thegiantatthe top of the tower in the undead settlement upon his death,1,0.984,darksouls3
ring of the evil eye,1,0.965,darksouls3
reduces skillfpconsumption by 25,0,0.975,darksouls3
acquired by talking tohawkwoodafter defeating theabyss watchers,0,0.936,darksouls3
reduced damage taken from backstabs by 30,0,0.947,darksouls3
sold byunbreakable patchesfor 500 soulsdropped byunbreakable patchesupon his death,1,0.978,darksouls3
wood grain ring,0,0.987,darksouls3
increases weapon durability by 201 302 40,0,0.954,darksouls3
loweringequip loadincreases attack power up to 15,0,0.934,darksouls3
magic clutch ring,0,0.99,darksouls3
fire clutch ring,0,0.989,darksouls3
lightning clutch ring,0,0.986,darksouls3
dark clutch ring,0,0.988,darksouls3
red tearstone ring,0,0.945,darksouls3
blue tearstone ring,0,0.979,darksouls3
increases absorptions by 20 pvp 15 whenhpis below 20,0,0.958,darksouls3
given bygreirat of the undead settlement,1,0.989,darksouls3
lloyds sword ring,0,0.981,darksouls3
on a corpse insidecathedral of the deep near the entrance on a ledge next to the giant who attacks you when running by,1,0.916,darksouls3
lloyds shield ring,0,0.981,darksouls3
increases absorptions by 20 whenhpis full 99,0,0.945,darksouls3
increasesdexby 3 levels and obscures the wearer while rolling,0,0.908,darksouls3
increases duration of invincibility while rolling and reduces absorptions by 30,0,0.961,darksouls3
pontiffs right eye,0,0.982,darksouls3
pontiffs left eye,0,0.979,darksouls3
restores 30hpafter a certain amount of successive attacks,0,0.935,darksouls3
recovers 85hpfrom critical attacks,0,0.929,darksouls3
dropped by the deep accursed inanor londo,1,0.97,darksouls3
recovers 15fpfrom critical attacks,0,0.903,darksouls3
dropped by the deep accursed in thecathedral of the deep,1,0.99,darksouls3
given bysirris of the sunless realmsafter helping her defeat creighton inirithyll of the boreal valley,1,0.964,darksouls3
movement and rolling are silent,0,0.965,darksouls3
rank 1 covenant rewardrosarias fingersnote in order to get this ring and thesilvercat ringin one playthroughonlyoffer the pale tongues torosaria mother of rebirthaftergetting the silvercat ring fromsirris of the sunless realms,1,0.955,darksouls3
untrue dark ring,1,0.928,darksouls3
retain human appearance while hollow and appear as a host in other worlds,1,0.941,darksouls3
purchased fromyuria of londor,0,0.966,darksouls3
untrue white ring,0,0.973,darksouls3
take the appearance of a white phantom at all times,1,0.929,darksouls3
use the animations of the opposite gender run and walk animations emotes etc,0,0.964,darksouls3
dropped fromludleth of courlandwhen killed or can be obtained by visiting his throne before beginning the next journey,1,0.93,darksouls3
reduces absorptions by 100,0,0.976,darksouls3
its wearer will lose nothing upon death but the ring itself breaks,1,0.988,darksouls3
increases frost resistance by 140,0,0.943,darksouls3
aged ones exultation,0,0.979,eldenring
abyssal woods dropped by the winter lantern enemy you kill nearest to theabandoned church these enemies can only be killed by executing a parry and riposte just as they are about to catch you elden ring map,1,0.937,eldenring
shadow of the erdtree dlc,0,0.984,eldenring
boosts resistance stats by roughly 350 for a short time after a status effect is applied to you,0,0.913,eldenring
increases the effective range of bows by 50 and raises attack power of arrows and bolts by 8,0,0.912,eldenring
blessed blue dew talisman,0,0.912,eldenring
slowly restores fp 05 fp per second,0,0.975,eldenring
boltdrake talisman 3,0,0.985,eldenring
cerulean seed talisman 1,0,0.985,eldenring
sound the hanging bell infinger ruins of dheo elden ring shadow of the erdtree interactive map,1,0.973,eldenring
clarifying horn charm 2,0,0.984,eldenring
crimson amber medallion 3,0,0.958,eldenring
boosts maximum hp by 10,0,0.979,eldenring
cerulean amber medallion 3,0,0.975,eldenring
boosts maximum fp by 125,0,0.981,eldenring
crimson seed talisman 1,0,0.967,eldenring
enraged divine beast,1,0.984,eldenring
flamedrake talisman 3,0,0.97,eldenring
boosts fire damage negation by 22,0,0.933,eldenring
a3variation of theflamedrake talismancan be found inside a chest youll have to go over the cages and on the right side youll find the chest that contains the talisman see shadow of the erdtree map,0,0.901,eldenring
immunizing horn charm 2,0,0.969,eldenring
enhances dash attacks by 15 in pve and 75 in pvp,0,0.966,eldenring
mottled necklace 2,0,0.987,eldenring
outer god heirloom,0,0.979,eldenring
pearl shield talisman,0,0.971,eldenring
pearldrake talisman 3,0,0.982,eldenring
enhances attacks by 45 after maintaining the same stance for 1 second,0,0.932,eldenring
enhances attacks executed after rolling or backstepping by 17,0,0.933,eldenring
boosts attack power of precisionaimed shots by 12,0,0.953,eldenring
found inside albinaurics shack elden ring shadow of the erdtree interactive map,0,0.933,eldenring
raises potency of kicking and stomping skills by 10,0,0.927,eldenring
ruined forge starfall pastsee shadow of the erdtree mapthe talisman is looted from a corpse the body is inside a room filled with fire blob enemies on the uppermost level of the ruined forge of starfall past,1,0.97,eldenring
spelldrake talisman 3,0,0.984,eldenring
st trinas smile,0,0.985,eldenring
stalwart horn charm 2,0,0.973,eldenring
vastly raises robustness by 180,0,0.927,eldenring
talisman of all crucibles,1,0.922,eldenring
increases poise by 54 after using a flask of tears,0,0.948,eldenring
talisman of the dread,1,0.986,eldenring
twohanded sword talisman,0,0.97,eldenring
enhances attacks with twohanded weapons by 15,0,0.94,eldenring
twoheaded turtle talisman,0,0.979,eldenring
greatly raisesstaminarecovery speed by 10s 222,0,0.974,eldenring
viridian amber medallion 3,0,0.927,eldenring
boosts maximum stamina by 17,0,0.957,eldenring
crimson amber medallion,0,0.953,eldenring
boosts maximum hp by 6,0,0.977,eldenring
can be purchased from thenomadic merchantat the eastern side ofweeping peninsula for1500runes map link  video location,0,0.929,eldenring
crimson amber medallion 1,0,0.968,eldenring
boosts maximum hp by 7,0,0.977,eldenring
crimson amber medallion 2,0,0.955,eldenring
boosts maximum hp by 8,0,0.977,eldenring
crimson seed talisman,0,0.932,eldenring
boostshprestoration from theflask of crimson tearsby 20,1,0.972,eldenring
boostshprestoration from theflask of crimson tearsby 30,1,0.972,eldenring
restores 2hpper second,0,0.956,eldenring
cerulean amber medallion,0,0.972,eldenring
boosts maximum fp by 7,0,0.984,eldenring
cerulean amber medallion 1,0,0.978,eldenring
boosts maximum fp by 9,0,0.984,eldenring
cerulean amber medallion 2,0,0.974,eldenring
boosts maximum fp by 11,0,0.984,eldenring
cerulean seed talisman,0,0.983,eldenring
boostsfprestoration fromflask of cerulean tearsby 20,0,0.922,eldenring
can be found in the rafters of thecarian study hall next to a body map link,0,0.966,eldenring
boostsfprestoration fromflask of cerulean tearsby 30,0,0.919,eldenring
slowly restores fp  05 fp per second,0,0.973,eldenring
increases poise after using a flask of tears 54 poise for 2 seconds,0,0.928,eldenring
viridian amber medallion,0,0.931,eldenring
boosts maximum stamina by 11,0,0.955,eldenring
viridian amber medallion 1,0,0.938,eldenring
boosts maximum stamina by 13,0,0.956,eldenring
altus plateau south of theouter wall battlegroundsite of grace you will hearmargitwhisper i see you tarnishedto you before appearing on the road defeat him again and it will drop map link,1,0.974,eldenring
viridian amber medallion 2,0,0.927,eldenring
boosts maximum stamina by 15,0,0.955,eldenring
green turtle talisman,0,0.979,eldenring
raisesstaminarecovery speed by 8s 177,0,0.976,eldenring
summonwater village in an underground area on the outskirts of the villagemap link,0,0.927,eldenring
raisesstaminarecovery speed 222,0,0.984,eldenring
raises maximumequip loadby 15,0,0.98,eldenring
raises maximumequip loadby 17,0,0.984,eldenring
raises maximumequip loadby 19,0,0.983,eldenring
raises maximumhp3stamina7 andequip load5,0,0.959,eldenring
erdtrees favor 1,0,0.985,eldenring
raises maximumhp35stamina85 andequip load65,0,0.961,eldenring
can be found in the boss room after the boss fight near the forsaken depths grace in the subterranean shunninggrounds,1,0.986,eldenring
erdtrees favor 2,0,0.981,eldenring
raises maximumhp4stamina10 andequip load8,0,0.966,eldenring
can be found infort gaelcaelidmap link,0,0.961,eldenring
two fingers heirloom,0,0.984,eldenring
dragoncrest shield talisman,0,0.923,eldenring
found on one of the edges of bestial sanctumcaelid map link,0,0.918,eldenring
dragoncrest shield talisman 1,0,0.948,eldenring
dragoncrest shield talisman 2,0,0.942,eldenring
dragoncrest greatshield talisman,0,0.926,eldenring
flamedrake talisman 1,0,0.968,eldenring
found atleyndell royal capital head up the elevator leading towards thegrand lift of rold on the ground against a column map link,0,0.927,eldenring
flamedrake talisman 2,0,0.968,eldenring
boostslightning damagenegation by 13,0,0.932,eldenring
boltdrake talisman 1,0,0.986,eldenring
boostslightning damagenegation by 17,0,0.935,eldenring
can be found in a storage shed inside theold altus tunneldungeon map link,0,0.97,eldenring
boltdrake talisman 2,0,0.985,eldenring
boostslightning damagenegation by 20,0,0.926,eldenring
boostslightning damagenegation by 22,0,0.936,eldenring
haligdrake talisman 1,0,0.986,eldenring
haligdrake talisman 2,0,0.985,eldenring
pearldrake talisman 1,0,0.984,eldenring
pearldrake talisman 2,0,0.982,eldenring
immunizing horn charm,0,0.973,eldenring
immunizing horn charm 1,0,0.969,eldenring
stalwart horn charm,0,0.98,eldenring
stalwart horn charm 1,0,0.971,eldenring
clarifying horn charm,0,0.982,eldenring
clarifying horn charm 1,0,0.985,eldenring
mottled necklace 1,0,0.989,eldenring
on a corpse the closest site of grace is thetemple of eiglay twostonesword keysare required to reach the item elden ring map link,1,0.92,eldenring
curved sword talisman,0,0.976,eldenring
increases charge attack damage by 10,0,0.925,eldenring
found in a cellar underneath themistwood ruinsmap link,0,0.919,eldenring
dropped by defeatingrecusant henricusnortheast ofstormhill shackmap link,0,0.977,eldenring
found in a chest insidelakeside crystal cavenear ademihumancampfire see it on theelden ring map here,0,0.933,eldenring
increases damage of attacks while on horseback by 15,0,0.941,eldenring
increases jump attack damage by 15,0,0.964,eldenring
increases bow effective range by 65,0,0.978,eldenring
inside the tower abovestormgate it can be accesed by going up and turn left all around until you get back to stormgate but through the upper groundmap coordinates link,0,0.9,eldenring
faithfuls canvas talisman,0,0.978,eldenring
flocks canvas talisman,0,0.983,eldenring
primal glintstone blade,0,0.972,eldenring
spellsconsume 25 lessfp but maximumhpis reduced by 15,0,0.959,eldenring
moon of nokstella,0,0.98,eldenring
increasesmemory slotsby 2,0,0.97,eldenring
old lords talisman,0,0.969,eldenring
extends spell effect duration by 30,0,0.951,eldenring
shortens spell casting time by 30 virtualdexterity,0,0.968,eldenring
increases damage of throwing pots by 20,0,0.946,eldenring
after completejar bairns side quest atjarburg recieve from jar bairns previous location,0,0.963,eldenring
increases damage of perfume items by 20,0,0.908,eldenring
carian filigreed crest,0,0.976,eldenring
lowers fp consumed byskillsby 25,0,0.975,eldenring
can be purchased fromwar counselor ijias part ofblaiddsquestlinemap link,0,0.969,eldenring
warrior jar shard,0,0.987,eldenring
boosts the attack power ofskillsby 10,0,0.984,eldenring
shard of alexander,0,0.989,eldenring
greatly boosts the attack power ofskillsby 15,0,0.981,eldenring
drops fromiron fist alexanderafter completing his questline,0,0.919,eldenring
enhances attacks by 45 after maintaining the same stance for 1 second,0,0.932,eldenring
blue dancer charm,0,0.986,eldenring
dropped by theguardian golemboss in thehighroad cavemap link,0,0.971,eldenring
raises defense with higher equipment load heavy load 75 pvp10 pve overload 15pvp20pve,0,0.929,eldenring
magic scorpion charm,0,0.969,eldenring
fire scorpion charm,0,0.96,eldenring
found up the ramparts on a wooden platform to the west infort laieddwithinmt gelmir elden ring map here,0,0.925,eldenring
lightning scorpion charm,0,0.91,eldenring
crucible scale talisman,0,0.978,eldenring
can be found in leyndell catacombselden ring map link,0,0.971,eldenring
crucible feather talisman,0,0.962,eldenring
auriza heros gravemap link,0,0.956,eldenring
crucible knot talisman,0,0.962,eldenring
dropped byomenkiller located in thevillage of the albinauricsmap link,0,0.95,eldenring
ritual sword talisman,0,0.982,eldenring
raises attack power by 10 when hp is at maximum,0,0.925,eldenring
ritual shield talisman,0,0.981,eldenring
critical hits restore 10  85hp,0,0.957,eldenring
assassins cerulean dagger,0,0.963,eldenring
critical hits restores 15fp,0,0.946,eldenring
winged sword insignia,0,0.971,eldenring
raises attack power with successive attacks 3  5  10,0,0.963,eldenring
rotten winged sword insignia,0,0.97,eldenring
greatly raises attack power with successive attacks 6  8  13,0,0.959,eldenring
earned after choosing to assistmillicentand successfully defeat her sisters map link,0,0.943,eldenring
raises dexterity by 5 and raises attack power with successive attacks 4  6  11,0,0.949,eldenring
godskin swaddling cloth,0,0.973,eldenring
successive attacks restore 3  30hp,0,0.969,eldenring
spiritcallers cave dropped by thegodskin apostlegodskin noblein a consecutive boss encountermap link,0,0.918,eldenring
kindred of rots exultation,1,0.941,eldenring
dropped by thekindred of rotinseethewater cavemap link,0,0.908,eldenring
lord of bloods exultation,1,0.981,eldenring
restores 3  30hpupon defeating enemies,0,0.92,eldenring
ancestral spirits horn,0,0.967,eldenring
raisesitem discoveryby 75,0,0.97,eldenring
eliminates all sound made by the wearer during movement,0,0.947,eldenring
dropped by the boss in sages cave see the exact locationelden ring map,0,0.925,eldenring
longtail cat talisman,0,0.982,eldenring
furled fingers trickmirror,0,0.98,eldenring
take on appearance of a host of fingers,0,0.982,eldenring
take on appearance of a cooperator,0,0.988,eldenring
will be lost on death in place of runes,1,0.99,eldenring
entwining umbilical cord,0,0.932,eldenring
changes demeanour of wearers actions,0,0.973,eldenring
it is currently unavailable ingame,0,0.989,eldenring
thisdisambiguationpage lists articles associated with the same title if aninternal linkreferred you here you may wish to change the link to point directly to the intended article,0,0.964,darkestdungeon
this curio can only appear alongcorridors,0,0.983,darkestdungeon
75 heirloom25 nothing,0,0.977,darkestdungeon
discarded packscrounging treasure,0,0.932,darkestdungeon
60 supplies x1  goldgems x2  journal entry20 scouting20 nothing,0,0.974,darkestdungeon
60 supplies x1  goldgems x2  journal entry,0,0.979,darkestdungeon
eldritch altarhaunted unholy,1,0.989,darkestdungeon
this curio can only appear insiderooms,0,0.979,darkestdungeon
holy waterpurge negative quirk,0,0.943,darkestdungeon
purge negative quirk,0,0.98,darkestdungeon
40 stress 25,0,0.968,darkestdungeon
10 purge negative quirk,0,0.957,darkestdungeon
heirloom chesttreasurefirst variant,0,0.926,darkestdungeon
skeleton keyantivenomheirloom x4heirloom x3,0,0.967,darkestdungeon
75 heirloom x2,0,0.981,darkestdungeon
heirloom chesttreasuresecond variant,0,0.953,darkestdungeon
any loot x3,0,0.988,darkestdungeon
67 any loot x233 nothing,0,0.923,darkestdungeon
50 any loot x2,0,0.98,darkestdungeon
75 gold25 nothing,0,0.977,darkestdungeon
100 torch x1,0,0.985,darkestdungeon
stack of booksknowledge,0,0.99,darkestdungeon
stack of books,0,0.99,darkestdungeon
22 stress 2522 random positive quirk 6711 random negative quirk 3311 decrease light meter by 2517 journal entry17 nothing,0,0.912,darkestdungeon
22 stress 25,0,0.964,darkestdungeon
22 random positive quirk 67,0,0.984,darkestdungeon
11 random negative quirk 33,0,0.984,darkestdungeon
11 decrease light meter by 25,0,0.971,darkestdungeon
17 journal entry,0,0.99,darkestdungeon
75 any loot x2,0,0.979,darkestdungeon
a partially intact set of experimental equipmentthis curio can only appear alongcorridors,0,0.98,darkestdungeon
increase light meterto 100,0,0.973,darkestdungeon
50 blight an accident occurs during the experiment25 goldgems x1 new metals are synthesized25 nothing the experiments do not yield any findings,0,0.919,darkestdungeon
50 blight an accident occurs during the experiment,0,0.954,darkestdungeon
25 goldgems x1 new metals are synthesized,0,0.931,darkestdungeon
25 nothing the experiments do not yield any findings,0,0.978,darkestdungeon
altar of lightworship,0,0.96,darkestdungeon
altar of light,0,0.951,darkestdungeon
holy water you have curried favor from the godsbuff dmg 30 until camp,1,0.91,darkestdungeon
holy water you have curried favor from the gods,1,0.952,darkestdungeon
buff dmg 30 until camp,0,0.962,darkestdungeon
buff dmg 20 until camp,0,0.961,darkestdungeon
a bookshelf full of old leatherbound booksthis curio can only appear alongcorridors,0,0.957,darkestdungeon
20 scouting a map is found tucked between the volumes,0,0.94,darkestdungeon
133 positive quirk the knowledge forever changes the hero,1,0.987,darkestdungeon
67 negative quirk the knowledge forever changes the hero,1,0.989,darkestdungeon
20 journal entry,0,0.992,darkestdungeon
20 nothing the volumes are dull and uninteresting,0,0.945,darkestdungeon
confession boothworship reflective,0,0.977,darkestdungeon
holy water the ritual relieves the herostress heal 30,1,0.967,darkestdungeon
holy water the ritual relieves the hero,1,0.942,darkestdungeon
50 stress 15 the heros history of sins is too much to bear25 goldtrinket x6  journal entry the booth contains hidden treasure25 purge negative quirk the hero is absolved of a sin,1,0.969,darkestdungeon
50 stress 15 the heros history of sins is too much to bear,1,0.988,darkestdungeon
25 purge negative quirk the hero is absolved of a sin,1,0.974,darkestdungeon
decorative urnhaunted scrounging,0,0.973,darkestdungeon
holy water the consecrated water dissolves the ashes valuables remainshovel what sort of person defiles the deadgemstrinket x2  gems x2negative quirk guilty conscience,1,0.989,darkestdungeon
holy water the consecrated water dissolves the ashes valuables remain,1,0.989,darkestdungeon
shovel what sort of person defiles the dead,1,0.975,darkestdungeon
gemstrinket x2  gems x2,0,0.987,darkestdungeon
negative quirk guilty conscience,1,0.959,darkestdungeon
444 gemstrinket x1  gems x2 sentimental gifts are hidden inside222 blight the hero becomes infected by the ashes74 disease creeping cough the ashes make the hero cough violently37 random disease the hero contracts a deadly disease222 nothing the urns purpose is purely decorative,1,0.929,darkestdungeon
444 gemstrinket x1  gems x2 sentimental gifts are hidden inside,0,0.902,darkestdungeon
222 blight the hero becomes infected by the ashes,1,0.992,darkestdungeon
74 disease creeping cough the ashes make the hero cough violently,1,0.99,darkestdungeon
37 random disease the hero contracts a deadly disease,1,0.99,darkestdungeon
222 nothing the urns purpose is purely decorative,0,0.976,darkestdungeon
50 goldgems x2 propitiations are found at the bottom of the fountain,0,0.953,darkestdungeon
iron maidenhaunted torture,1,0.982,darkestdungeon
any loot x2,0,0.987,darkestdungeon
40 any loot x2 a few treasures are hidden in the iron maiden20 negative quirk claustrophobia133 disease tetanus 667 disease the hero inhales foul vapours67 random disease 333 disease20 nothing,1,0.911,darkestdungeon
40 any loot x2 a few treasures are hidden in the iron maiden,1,0.944,darkestdungeon
20 negative quirk claustrophobia,0,0.959,darkestdungeon
133 disease tetanus 667 disease the hero inhales foul vapours,1,0.971,darkestdungeon
locked display cabinettreasure scrounging,0,0.975,darkestdungeon
locked display cabinet,0,0.986,darkestdungeon
there could be valuables left inside but this cabinet is lockedthis curio can only appear alongcorridors,0,0.947,darkestdungeon
skeleton key treasures are stashed in the cabinetshovel smashed the cabinet opengoldheirlooms x3  goldgems x2goldheirlooms x2  goldgems x2,0,0.916,darkestdungeon
skeleton key treasures are stashed in the cabinet,0,0.928,darkestdungeon
shovel smashed the cabinet open,0,0.949,darkestdungeon
goldheirlooms x3  goldgems x2,0,0.97,darkestdungeon
goldheirlooms x2  goldgems x2,0,0.971,darkestdungeon
50 bleed its trapped50 blight its trapped,1,0.991,darkestdungeon
50 bleed its trapped,1,0.981,darkestdungeon
50 blight its trapped,1,0.982,darkestdungeon
locked sarcophagushaunted reflective,0,0.975,darkestdungeon
goldheirlooms x2  goldtrinket x1,0,0.974,darkestdungeon
goldheirlooms x1  goldtrinket x1,0,0.974,darkestdungeon
sarcophagushaunted reflective body,0,0.947,darkestdungeon
haunted reflective body,1,0.974,darkestdungeon
60 goldheirlooms x2 hidden treasures,0,0.955,darkestdungeon
20 negative quirk thanatophobia the hero contemplates mortality,1,0.937,darkestdungeon
suit of armor,0,0.977,darkestdungeon
125 positive quirk ruins adventurer,0,0.96,darkestdungeon
125 positive quirk ruins tactician,0,0.987,darkestdungeon
a dark altar with skulls prominently on display a strange power can be felt in its presencethis curio can only appear insiderooms,1,0.979,darkestdungeon
dinner cartbody drink food,0,0.98,darkestdungeon
body drink food,0,0.988,darkestdungeon
food x3  goldtrinket x1,0,0.989,darkestdungeon
375 food x1  goldtrinket x1 some of this meat looks edible25 blight the meat makes the hero violently ill125 disease the black plague the swine are not cleanly folk25 nothing nothing but rotting bodies,1,0.966,darkestdungeon
375 food x1  goldtrinket x1 some of this meat looks edible,0,0.98,darkestdungeon
25 blight the meat makes the hero violently ill,1,0.991,darkestdungeon
125 disease the black plague the swine are not cleanly folk,1,0.99,darkestdungeon
makeshift dining tabledrink food,0,0.983,darkestdungeon
makeshift dining table,0,0.987,darkestdungeon
an oddly assembled dining table there might still be food scraps aroundthis curio can only appear insiderooms,0,0.94,darkestdungeon
medicinal herbs the herbs kill any diseases harbored in the food,1,0.964,darkestdungeon
food x2  goldsupplies x1,0,0.986,darkestdungeon
25 food x1  goldsupplies x1 the table contains leftovers from a previous meal25 blight25 disease tapeworm the meat is not fully cooked25 nothing,0,0.921,darkestdungeon
25 food x1  goldsupplies x1 the table contains leftovers from a previous meal,0,0.977,darkestdungeon
moonshine barreldrink treasure,0,0.964,darkestdungeon
buff 30 dmg until camp,0,0.946,darkestdungeon
333 blight the moonshine is kickedoff making the hero ill,1,0.972,darkestdungeon
111 negative quirk tippler the hero acquires a taste for this magnificent sauce,0,0.979,darkestdungeon
occult scrawlingsunholy knowledge,1,0.939,darkestdungeon
holy water the holy water hisses and the hero feels wrongdebuff 20 dodge,1,0.988,darkestdungeon
holy water the holy water hisses and the hero feels wrong,1,0.99,darkestdungeon
debuff 20 dodge,0,0.984,darkestdungeon
25 stress 25 the sight is too much for the hero to bear,1,0.969,darkestdungeon
167 random negative quirk the scrawling forever changes the hero,1,0.92,darkestdungeon
25 nothing the scrawlings are dull and uninteresting,0,0.968,darkestdungeon
pile of bonesbody haunted unholy,1,0.989,darkestdungeon
body haunted unholy,1,0.991,darkestdungeon
all thats left of a previous adventurer perhapsthis curio can only appear alongcorridors,0,0.948,darkestdungeon
25 any loot x2 the bones house some supplies25 random disease the hero is infected by the rotten pile25 negative quirk bloodthirsty the hero becomes fascinated with the remains25 nothing nothing is found amongst the remains,1,0.943,darkestdungeon
25 random disease the hero is infected by the rotten pile,1,0.991,darkestdungeon
25 negative quirk bloodthirsty the hero becomes fascinated with the remains,1,0.981,darkestdungeon
pile of scrollsknowledge,0,0.931,darkestdungeon
pile of scrolls,0,0.967,darkestdungeon
a bunch of scrolls the cursive is sloppy and difficult to readthis curio can only appear alongcorridors,0,0.958,darkestdungeon
torch the scrolls are full of evil writings burning them is a weight off the heros shoulderspurge negative quirk,1,0.981,darkestdungeon
torch the scrolls are full of evil writings burning them is a weight off the heros shoulders,1,0.988,darkestdungeon
286 scouting the scrolls are a wellrendered map of the road ahead143 stress 15 the scrolls contain hideous portents143 journal entry95 random positive quirk the scrolls forever change the hero48 random negative quirk the scrolls forever change the hero286 nothing the scrolls are merely records of dull transactions,1,0.937,darkestdungeon
143 stress 15 the scrolls contain hideous portents,1,0.96,darkestdungeon
143 journal entry,0,0.991,darkestdungeon
95 random positive quirk the scrolls forever change the hero,1,0.92,darkestdungeon
48 random negative quirk the scrolls forever change the hero,1,0.929,darkestdungeon
rack of bladesscrounging,0,0.989,darkestdungeon
rack of blades,0,0.979,darkestdungeon
a rack of dulled rusty knives they are covered in fresh bloodthis curio can only appear alongcorridors,1,0.929,darkestdungeon
goldgems x2  food x1,0,0.987,darkestdungeon
40 goldgems x1  food x1 extra supplies are found amongst the knives,0,0.952,darkestdungeon
20 nothing nothing useful here,0,0.991,darkestdungeon
sacrificial stoneunholy worship,1,0.902,darkestdungeon
50 stress 50 the hero is deeply disturbed25 purge negative quirk a sinful behaviour is vanquished125 positive quirk warrens explorer the stones carvings give great insight into these warrens125 positive quirk warrens scrounger the stones carvings give great insight into these warrens,1,0.967,darkestdungeon
50 stress 50 the hero is deeply disturbed,1,0.978,darkestdungeon
25 purge negative quirk a sinful behaviour is vanquished,1,0.984,darkestdungeon
ancient coffinhaunted body,1,0.908,darkestdungeon
83 positive quirk weald adventurer findings in the coffin give the hero insight into the nature of this world,1,0.904,darkestdungeon
83 positive quirk weald explorer findings in the coffin give the hero insight into the nature of this world,1,0.903,darkestdungeon
medicinal herbs the medicinal herbs rid the carcass of any diseasesfood x2,1,0.92,darkestdungeon
medicinal herbs the medicinal herbs rid the carcass of any diseases,1,0.947,darkestdungeon
143 nothing the beast has nothing left to offer,1,0.983,darkestdungeon
goldgems x2  gemstrinket x1,0,0.983,darkestdungeon
40 goldgems x1  gemstrinket x110 negative quirk slow reflexes the hero is covered in a sticky goo10 negative quirk slowdraw the hero is covered in a sticky goo40 nothing,0,0.952,darkestdungeon
40 goldgems x1  gemstrinket x1,0,0.975,darkestdungeon
10 negative quirk slowdraw the hero is covered in a sticky goo,0,0.909,darkestdungeon
left luggagetreasure scrounging,0,0.981,darkestdungeon
someone dropped this recently probably on the run it has a lock on itthis curio can only appear alongcorridors,0,0.977,darkestdungeon
any loot x3,0,0.988,darkestdungeon
50 any loot x4  journal entry the luggage clearly shouldnt have been abandoned valuables inside,0,0.914,darkestdungeon
mummified remainsbody haunted unholy,1,0.991,darkestdungeon
bandage a bandage provides protection for a thorough searchgoldtrinkets x2,0,0.965,darkestdungeon
bandage a bandage provides protection for a thorough search,0,0.94,darkestdungeon
50 any loot x2 someone couldnt resist stashing treasures inside,0,0.955,darkestdungeon
25 blight the hero is covered in poisonous sap,1,0.983,darkestdungeon
holy waterstress heal 30,1,0.905,darkestdungeon
100 stress heal 20 the fountain reinvigorates the hero,1,0.98,darkestdungeon
shallow gravebody haunted scrounging,1,0.964,darkestdungeon
50 blight gravedigging is not the healthiest of professions,0,0.946,darkestdungeon
someone has camped here recentlythis curio can only appear insiderooms,0,0.936,darkestdungeon
375 goldsupplies x4  goldheirlooms x4  journal entry someone left valuables inside the tent,0,0.941,darkestdungeon
375 scouting a map of the area is found inside the tent,0,0.978,darkestdungeon
125 nothing nothing is left inside the tent,0,0.91,darkestdungeon
troubling effigyunholy worship,1,0.935,darkestdungeon
random positive quirk,0,0.991,darkestdungeon
188 bleed the effigy lashes out rejecting the hero,1,0.982,darkestdungeon
94 blight the effigy lashes out rejecting the hero,1,0.97,darkestdungeon
94 stress 15 the effigy lashes out rejecting the hero,1,0.944,darkestdungeon
25 nothing any power the effigy once had is now lost,1,0.915,darkestdungeon
shovel the shovel makes easy work of the barnaclesany loot x3,0,0.94,darkestdungeon
shovel the shovel makes easy work of the barnacles,0,0.916,darkestdungeon
50 any loot x2 theres still booty inside,0,0.966,darkestdungeon
25 nothing nothing inside,0,0.962,darkestdungeon
a puzzlingly ancient sculpture of dizzying implicationthis curio can only appear alongcorridors,0,0.923,darkestdungeon
shovel the basrelief is crushed with the shovel doesnt feel rightstress 100,1,0.909,darkestdungeon
brackish tide pooldrink fountain,0,0.976,darkestdungeon
brackish tide pool,0,0.975,darkestdungeon
antivenom the water is purified and cleanses the hero,1,0.936,darkestdungeon
heal 5 hp 50,0,0.971,darkestdungeon
stress heal 6 50,1,0.943,darkestdungeon
75 buff 33 blight bleed disease debuff resistances until camp the heros resilience is heightened25 random disease the water is contaminated,1,0.985,darkestdungeon
75 buff 33 blight bleed disease debuff resistances until camp the heros resilience is heightened,1,0.989,darkestdungeon
there is something odd about this coralthis curio can only appear alongcorridors,0,0.973,darkestdungeon
25 nothing nothing here after all,0,0.966,darkestdungeon
fish idolunholy worship,1,0.958,darkestdungeon
buff 18 dmg until camp,0,0.944,darkestdungeon
50 debuff 25 dmg 10 acc until camp an evil force strength engulfs the hero,1,0.963,darkestdungeon
50 debuff 12 dodge until camp an evil force strength engulfs the hero,1,0.98,darkestdungeon
gemtrinkets x2  gemgold x1  supplies x2,0,0.975,darkestdungeon
167 gemtrinkets x1 goldgem x1  supply x1 the fish ate more than its fair share167 disease the red plague the creature is harbouring a dangerous infection111 blight its a trap56 bleed its a trap50 nothing only digested fish inside,1,0.928,darkestdungeon
167 gemtrinkets x1 goldgem x1  supply x1 the fish ate more than its fair share,0,0.968,darkestdungeon
167 disease the red plague the creature is harbouring a dangerous infection,1,0.989,darkestdungeon
111 blight its a trap,1,0.98,darkestdungeon
56 bleed its a trap,1,0.988,darkestdungeon
giant oystertreasure scrounging,0,0.975,darkestdungeon
shovel the shovel prevents the oyster from closingdog treats the oyster seems to like thesegoldtrinkets x3buff 25 dodge until camp,0,0.967,darkestdungeon
shovel the shovel prevents the oyster from closing,0,0.948,darkestdungeon
dog treats the oyster seems to like these,0,0.984,darkestdungeon
buff 25 dodge until camp,0,0.968,darkestdungeon
40 goldtrinkets x2 there are treasures hidden inside,0,0.932,darkestdungeon
20 nothing someone has already cleaned house,0,0.983,darkestdungeon
667 stress heal 2530 the great artifact inspires the hero,1,0.983,darkestdungeon
the soil is soaked through with halfclotted blood which seemingly feeds these vital blooms,1,0.964,darkestdungeon
the blood the flowers surge with growth but the blood invites no other occurenceholy water the wilting gives off a noxious odourshovel digging reveals lootnothingstress 15gemsheirlooms x2 667 or any loot x1 333,1,0.977,darkestdungeon
the blood the flowers surge with growth but the blood invites no other occurence,1,0.991,darkestdungeon
holy water the wilting gives off a noxious odour,1,0.983,darkestdungeon
shovel digging reveals loot,0,0.959,darkestdungeon
gemsheirlooms x2 667 or any loot x1 333,0,0.96,darkestdungeon
385 stress 15 the blossoms reek of death pestilence and unfathomable nightmares231 scouting a map is nestled between the thorns and blossoms153 any loot x2  167 the blood the potting soil reveals its treasure51 disease tetanus thorns hook into the flesh a cloying sap seeps into the heros blood25 random disease153 nothing apparently these ghoulish flowers are harmless,1,0.929,darkestdungeon
385 stress 15 the blossoms reek of death pestilence and unfathomable nightmares,1,0.99,darkestdungeon
153 any loot x2  167 the blood the potting soil reveals its treasure,1,0.989,darkestdungeon
51 disease tetanus thorns hook into the flesh a cloying sap seeps into the heros blood,1,0.989,darkestdungeon
25 random disease,0,0.953,darkestdungeon
153 nothing apparently these ghoulish flowers are harmless,0,0.92,darkestdungeon
damned fountaindrink fountain ccrave unholy haunted,1,0.953,darkestdungeon
drink fountain ccrave unholy haunted,1,0.986,darkestdungeon
a bubbling fountain spews crimson ichor from some damnable source,1,0.945,darkestdungeon
holy water the purified liquid offers a surprising boontorch burning the blood stings the nostrils and turns the stomachstress heal 30stress 5,1,0.981,darkestdungeon
torch burning the blood stings the nostrils and turns the stomach,1,0.983,darkestdungeon
60 bleed the heros scars weep open when bathed in the crimson fluid20 disease crimson curse this bloody artifact invites ailment20 any loot x2  167 bleed treasure lies in the gorefilled basin,1,0.99,darkestdungeon
60 bleed the heros scars weep open when bathed in the crimson fluid,1,0.991,darkestdungeon
20 disease crimson curse this bloody artifact invites ailment,1,0.989,darkestdungeon
20 any loot x2  167 bleed treasure lies in the gorefilled basin,1,0.988,darkestdungeon
disturbing diversionunholy haunted scrounging torture reflective,1,0.988,darkestdungeon
unholy haunted scrounging torture reflective,1,0.982,darkestdungeon
shovel what sadist put treasure in its skullheirlooms x3,1,0.916,darkestdungeon
shovel what sadist put treasure in its skull,1,0.971,darkestdungeon
40 stress 25 you picture debauched and bloody games15 random positive quirk suppressed desires awaken15 random negative quirk suppressed desires awaken10 any loot x2  167 the blood x2 wagers long forgotten20 nothing the remains yield nothing,1,0.982,darkestdungeon
15 random negative quirk suppressed desires awaken,1,0.937,darkestdungeon
10 any loot x2  167 the blood x2 wagers long forgotten,1,0.969,darkestdungeon
20 nothing the remains yield nothing,1,0.987,darkestdungeon
forgotten delicaciesbody food haunted unholy ccrave,1,0.986,darkestdungeon
body food haunted unholy ccrave,1,0.989,darkestdungeon
medicinal herbs precise use of herbs purifies the tainted remains,1,0.934,darkestdungeon
20 goldsupplies x4  supplies x1  25 the blood there are valuables scattered about the repast20 negative quirk stress eater what a peculiar flavour20 blight it is tainted133 disease crimson curse there is nothing but rot inside the seemingly fresh morsels67 random disease there is nothing but rot inside the seemingly fresh morsels20 nothing there remains nothing worthy of your time,1,0.973,darkestdungeon
20 blight it is tainted,1,0.988,darkestdungeon
133 disease crimson curse there is nothing but rot inside the seemingly fresh morsels,1,0.989,darkestdungeon
67 random disease there is nothing but rot inside the seemingly fresh morsels,1,0.981,darkestdungeon
20 nothing there remains nothing worthy of your time,1,0.964,darkestdungeon
hooded shrewhaunted unholy,1,0.981,darkestdungeon
the blood blood for treasuretrinket x2,1,0.904,darkestdungeon
the blood blood for treasure,1,0.987,darkestdungeon
428 stress 15 the urchins arcane mutterings stir deep terror within285 any loot x1 the shrew seems oblivious to the heros pilfering76 random disease the shrews filthy grasp is like iron and its nails rake the hero142 nothing the supplicant does not seem to notice the hero,1,0.972,darkestdungeon
428 stress 15 the urchins arcane mutterings stir deep terror within,1,0.984,darkestdungeon
76 random disease the shrews filthy grasp is like iron and its nails rake the hero,1,0.992,darkestdungeon
142 nothing the supplicant does not seem to notice the hero,0,0.931,darkestdungeon
wizened shrewhaunted unholy,1,0.988,darkestdungeon
the blood from a hidden fold the shrew offers up a rare treasuretrinket x3,1,0.98,darkestdungeon
the blood from a hidden fold the shrew offers up a rare treasure,1,0.99,darkestdungeon
76 random disease the shrews filthy grasp is like iron and its nails rake the hero50 scouting a greasy vellum is proffered to the hero333 the being mutters an incantation and nothing happens the shrew performs a strange ritual but the results seem positive25 nothing the supplicant is incoherent and penniless harmless,1,0.922,darkestdungeon
50 scouting a greasy vellum is proffered to the hero,0,0.942,darkestdungeon
25 nothing the supplicant is incoherent and penniless harmless,1,0.942,darkestdungeon
pile of strange bonesunholy scrounging haunted knowledge,1,0.987,darkestdungeon
unholy scrounging haunted knowledge,1,0.987,darkestdungeon
a heap of peculiar bones and dusty sinew litters the floorthis curio can only appear alongcorridors,1,0.96,darkestdungeon
bandage these bones hold richesbandage these bones hold richesthe blood these bones hold richesany loot x1 50the blood 167 50summon a supplicant sycophant  esquire,1,0.989,darkestdungeon
bandage these bones hold riches,1,0.989,darkestdungeon
the blood these bones hold riches,1,0.989,darkestdungeon
any loot x1 50,0,0.979,darkestdungeon
the blood 167 50,1,0.949,darkestdungeon
summon a supplicant sycophant  esquire,0,0.947,darkestdungeon
50 bleed an insectoid mandible pierces the heros skin20 any loot x2  167 the blood baubles and other items of value are found in the grisly remains10 disease crimson curse your blood is tainted with a strange infection20 nothing these remains hold no danger nor anything of value either,1,0.934,darkestdungeon
10 disease crimson curse your blood is tainted with a strange infection,1,0.992,darkestdungeon
20 nothing these remains hold no danger nor anything of value either,1,0.979,darkestdungeon
throbbing cockoonsknowledge scrounging ccrave,0,0.918,darkestdungeon
knowledge scrounging ccrave,0,0.976,darkestdungeon
shifting and bulging organisms hide behind translucent walls,1,0.943,darkestdungeon
torch sweet relief as the eggs turn to ashstress heal 30 courtyard only,1,0.991,darkestdungeon
torch sweet relief as the eggs turn to ash,1,0.975,darkestdungeon
125 nothing disgusting viscera and not much else,0,0.92,darkestdungeon
the hive is twisted and unnatural  the work of cursed vermin,1,0.991,darkestdungeon
torch the vermin sizzle and pop as the hive burns to ashany loot x3  167 blood,1,0.987,darkestdungeon
torch the vermin sizzle and pop as the hive burns to ash,1,0.988,darkestdungeon
75 any loot x2  20 blood the hive holds valuables25 bleed the hives inhabitants sting and bite the heros exposed flesh,1,0.975,darkestdungeon
25 bleed the hives inhabitants sting and bite the heros exposed flesh,1,0.991,darkestdungeon
you can see that some of the bottles are still intact,0,0.978,darkestdungeon
antivenom a pleasant vintage,0,0.966,darkestdungeon
417 the blood 333 x2  any loot x1  goldsupplies x4 there is loot in the broken glass167 negative quirk tippler a sip uncorks a disturbing new habit167 disease crimson curse what terrible fortune83 scouting you find a map in an empty bottle83 bleed take more care sorting through broken glass83 nothing nothing but broken glass and wood splinters,1,0.955,darkestdungeon
417 the blood 333 x2  any loot x1  goldsupplies x4 there is loot in the broken glass,1,0.953,darkestdungeon
167 disease crimson curse what terrible fortune,1,0.989,darkestdungeon
83 scouting you find a map in an empty bottle,0,0.971,darkestdungeon
glittering crystals spill onto the groundthis curio can only appear insiderooms,1,0.918,darkestdungeon
heal 90 of max hp,0,0.961,darkestdungeon
skeleton key opens a hidden compartmentfood x612  any supplies  trinket,0,0.958,darkestdungeon
food x612  any supplies  trinket,0,0.987,darkestdungeon
66 laudanummedicinal herbsfood33 nothing,0,0.957,darkestdungeon
66 laudanummedicinal herbsfood,0,0.963,darkestdungeon
heal 65 of max hp party,0,0.904,darkestdungeon
trinket mildreds locket first encounter onlyany trinketshards subsequent encounters,0,0.912,darkestdungeon
trinket mildreds locket first encounter only,0,0.956,darkestdungeon
any trinketshards subsequent encounters,0,0.962,darkestdungeon
ancestors knapsacktreasure scrounging hauntedcan only be found in thedarkest dungeonor inwolves at the door,1,0.93,darkestdungeon
treasure scrounging hauntedcan only be found in thedarkest dungeonor inwolves at the door,1,0.963,darkestdungeon
100 goldgems x5 ancestral trinket x1,0,0.97,darkestdungeon
trinket chestcan only be found during a boss quest in thecourtyard,0,0.955,darkestdungeon
can only be found during a boss quest in thecourtyard,0,0.942,darkestdungeon
skeleton keyany loot x2,0,0.972,darkestdungeon
any loot x2,0,0.987,darkestdungeon
a colored key,0,0.986,darkestdungeon
treasurecan only be found insidesecret rooms,0,0.938,darkestdungeon
skeleton key the secret compartment contains great treasurescollector trinketpuzzling trapezohedron x3,0,0.946,darkestdungeon
collector trinketpuzzling trapezohedron x3,0,0.986,darkestdungeon
100 goldgems x3 someone left behind quite a stash,0,0.979,darkestdungeon
can only be found on theold road,0,0.981,darkestdungeon
something is not quite right with this one,0,0.99,darkestdungeon
skeleton key the key is used to safely open the chesttrinket x2,0,0.96,darkestdungeon
100 blight its trapped,1,0.98,darkestdungeon
brigands tentscroungingcan only be found on theold roadwhen not instygian mode,0,0.977,darkestdungeon
scroungingcan only be found on theold roadwhen not instygian mode,0,0.962,darkestdungeon
clearly where the ambushers camp,0,0.976,darkestdungeon
transcendent terrorcan only be found on theold roadinstygian mode,1,0.964,darkestdungeon
can only be found on theold roadinstygian mode,0,0.976,darkestdungeon
surely nothing good can come of a dialogue with the dead,1,0.989,darkestdungeon
throbbing cockoonscan be found in the four main areas when the infestation level is high note this is diffefent from the one found in thecourtyard,0,0.924,darkestdungeon
can be found in the four main areas when the infestation level is high note this is diffefent from the one found in thecourtyard,0,0.929,darkestdungeon
battle with a gatekeeper and a mixture of manservant supplicant or sycophant,0,0.968,darkestdungeon
the object of beastman worshipthis curio only appears inside the warrens,1,0.986,darkestdungeon
quest progress 13,0,0.988,darkestdungeon
cannot interact without quest item,0,0.907,darkestdungeon
consecrated essence the altar has been purifiedquest progress 13,1,0.974,darkestdungeon
consecrated essence the altar has been purified,1,0.973,darkestdungeon
a doctors toolkitthis curio only appears inside the weald,0,0.974,darkestdungeon
quest item 1 grain sack a sack of uneaten grain  the object of your search,0,0.921,darkestdungeon
a blighted fattened corpse questthis curio only appears inside the weald,1,0.974,darkestdungeon
potent salve the infected corpse has been cleansedquest progress 13,1,0.965,darkestdungeon
potent salve the infected corpse has been cleansed,1,0.956,darkestdungeon
hand of glory a cry is heard the creature squirmsquest progress 13,1,0.986,darkestdungeon
hand of glory a cry is heard the creature squirms,1,0.985,darkestdungeon
this must be it  the beginning of the endthis curio only appears inside the darkest dungeon quest 3,1,0.943,darkestdungeon
a stanchion against the spreading corruption questthis curio only appears inside the cove,1,0.962,darkestdungeon
the blood x35 the object of your search,1,0.989,darkestdungeon
a longforgotten strongbox sits on the cold stone floor its contents unknown,1,0.929,darkestdungeon
skeleton keyshovelany loot x3666 any loot x2333 nothing,0,0.953,darkestdungeon
50 any loot x2,0,0.98,darkestdungeon
100 goldgems x2,0,0.98,darkestdungeon
