phrase,label,source
'Destiny. Domination. Deceit.',,LoL/Mordekaiser
'None can escape me.',,LoL/Mordekaiser
'Naive men pray to the gods; they will learn to pray to me.',,LoL/Mordekaiser
"'I carve my kingdom beyond, from the ashes of nothing, no mortals, not even gods, will stop me from claiming what is mine.'",,LoL/Mordekaiser
"'The world has tried to forget my existence, time to remind them why they fear.'",,LoL/Mordekaiser
"'I have bent the realm of the dead to my will, this world shall be next.'",,LoL/Mordekaiser
"'In the world beyond, blackened ichor filled a crumbling sky, as souls withered to nothing. But I refused to fade.'",,LoL/Mordekaiser
'I alone am the bastion between eternal existence and oblivion.',,LoL/Mordekaiser
"'Soon, Nightfall shall feast.'",,LoL/Mordekaiser
'Every soul shall serve.',,LoL/Mordekaiser
'I march towards endless glory.',,LoL/Mordekaiser
"'Fools fear death, the strong wield it.'",,LoL/Mordekaiser
'I raise my iron fist to subjugate the living.',,LoL/Mordekaiser
'I promise eternity.',,LoL/Mordekaiser
"'The ungrateful call me tyrant, the wise call me lord.'",,LoL/Mordekaiser
"'Mortals plan in fear for tomorrow, I build for eternity.'",,LoL/Mordekaiser
"'The unworthy are dust, doomed to wither and fade.'",,LoL/Mordekaiser
'I forged Nightfall from mortal terror.',,LoL/Mordekaiser
'Only the worthy receive the gift of Nightfall's kiss.',,LoL/Mordekaiser
'Malice never wanes.',,LoL/Mordekaiser
'Let the foolish curse me.',,LoL/Mordekaiser
"'Ah, life is a bitter shame.'",,LoL/Mordekaiser
"'Lives are temporary, I stand eternal.'",,LoL/Mordekaiser
"'The dead belong to me, the living shall be next.'",,LoL/Mordekaiser
"'Shed the frailty of flesh, embrace the cold edge of iron.'",,LoL/Mordekaiser
"'Twice slain, thrice born.'",,LoL/Mordekaiser
'All will bend their knee in fear and fealty.',,LoL/Mordekaiser
'I will grind their petty souls into mortar.',,LoL/Mordekaiser
"'Weaklings cower in the light, I bring eternal darkness.'",,LoL/Mordekaiser
'I will silence the incessant thrum of mortal hearts.',,LoL/Mordekaiser
'Death does not tire.',,LoL/Mordekaiser
"'I sunder the natural cycle, so that all may be preserved.'",,LoL/Mordekaiser
'I left the husk of mortality behind.',,LoL/Mordekaiser
'All mortals reek with the stench of decaying flesh.',,LoL/Mordekaiser
"'All will die, all will be mine.'",,LoL/Mordekaiser
"'Their gods cannot save them, from me.'",,LoL/Mordekaiser
"'Flesh constrains, iron liberates.'",,LoL/Mordekaiser
'All souls are forfeit.',,LoL/Mordekaiser
"'So many blunder on with a false sense of purpose, I shall sunder them from their lies.'",,LoL/Mordekaiser
"'The din of the living world, the silence of the hereafter, I rule it all.'",,LoL/Mordekaiser
"'Once I suffered a mortal body, now I am iron incarnate.'",,LoL/Mordekaiser
"'Some fear me, others worship at my feet, all will serve.'",,LoL/Mordekaiser
"'I am surrounded by weak and petty souls, clinging to flesh.'",,LoL/Mordekaiser
"'Resist or give in, your end is the same.'",,LoL/Mordekaiser
'You will be far more useful in death.',,LoL/Mordekaiser
'Your false gods cannot save you.',,LoL/Mordekaiser
"'You claim strength, Darius? Prove it.'",,LoL/Mordekaiser
'Pathetic glory seeker.',,LoL/Mordekaiser
"'False kings cower beneath false crowns, a true lord takes what he will.'",,LoL/Mordekaiser
"'Death has no meaning, Karthus, all that matters is one's purpose beyond it.'",,LoL/Mordekaiser
'Flimsy blades and fancy footwork won't save you Katarina.',,LoL/Mordekaiser
"'Ah, the Black Rose, I remember your petty manipulations.'",,LoL/Mordekaiser
"'Clutch your borrowed power, Grand General. Your soul is already mine.'",,LoL/Mordekaiser
"'Ah, Veigar, such exquisite torment I gifted you.'",,LoL/Mordekaiser
"'Vladimir, you are nothing but a stain splattered on the pages of history.'",,LoL/Mordekaiser
'Noxians claim strength? Pathetic.',,LoL/Mordekaiser
'The same magic that chains you to this realm frees me to walk between.',,LoL/Mordekaiser
"'You too shall serve me, spirit.'",,LoL/Mordekaiser
"'I know your secrets, little ones. Even you cannot escape me.'",,LoL/Mordekaiser
'Death by my hand is a blessing.',,LoL/Mordekaiser
Mordekaiser laughs menacingly.,,LoL/Mordekaiser
'Death is my kindness.',,LoL/Mordekaiser
'Thus begins the slaughter.',,LoL/Mordekaiser
'Let the screams begin.',,LoL/Mordekaiser
'Crush and enthrall.',,LoL/Mordekaiser
'Death is salvation!',,LoL/Mordekaiser
'Bend to my will.',,LoL/Mordekaiser
'Accept your demise.',,LoL/Mordekaiser
'Meet your fate!',,LoL/Mordekaiser
'Bow before your damnation!',,LoL/Mordekaiser
'Your end is nigh.',,LoL/Yorick
'Forfeit your soul.',,LoL/Mordekaiser
'You are already doomed.',,LoL/Mordekaiser
'You shall break.',,LoL/Mordekaiser
'Surrender to death.',,LoL/Mordekaiser
'Face your end.',,LoL/Mordekaiser
'Iron stands eternal.',,LoL/Mordekaiser
'Such paltry blows.',,LoL/Mordekaiser
'Within my grasp!',,LoL/Mordekaiser
'In my clutches.',,LoL/Mordekaiser
Mordekaiser grunts twice.,,LoL/Mordekaiser
'See the truth and despair.',,LoL/Mordekaiser
'Enter the crucible of anguish.',,LoL/Mordekaiser
'Through the darkened gate.',,LoL/Mordekaiser
'Mine for all eternity.',,LoL/Mordekaiser
'Welcome to oblivion.',,LoL/Mordekaiser
'Enter and abandon hope.',,LoL/Mordekaiser
'Your eternity begins.',,LoL/Mordekaiser
'Such meaningless struggle.',,LoL/Mordekaiser
'You were correct to fear.',,LoL/Mordekaiser
'In the end I claim all.',,LoL/Mordekaiser
'A fine addition to my domain.',,LoL/Mordekaiser
"'What I want, I take.'",,LoL/Mordekaiser
"'Harvest the worthy, discard the chaff.'",,LoL/Mordekaiser
'Clearly your ambition outpaced your ability.',,LoL/Mordekaiser
'All shall serve the true lord of the living and the dead!',,LoL/Mordekaiser
'Iron shatters stone.',,LoL/Mordekaiser
'All things raised by mortal hands will fall.',,LoL/Mordekaiser
'These monuments mean nothing to me.',,LoL/Mordekaiser
'Cherish the respite.',,LoL/Mordekaiser
'My return will seal their doom.',,LoL/Mordekaiser
'The realm beyond beckons.',,LoL/Mordekaiser
'I refuse to fade...',,LoL/Mordekaiser
'A fleeting delay of the inevitable...',,LoL/Mordekaiser
'You... have earned my attention...',,LoL/Mordekaiser
'My will is once again bound to iron.',,LoL/Mordekaiser
'Death cannot hold me.',,LoL/Mordekaiser
'Unfettered by mortality.',,LoL/Mordekaiser
Mordekaiser performs a guitar solo.,,LoL/Mordekaiser
R Hit SFX,,LoL/Mordekaiser
R Background SFX (Self),,LoL/Mordekaiser
R Background SFX (Target),,LoL/Mordekaiser
"'If technology is your god, then you will bow before it. You will bow before me.'",,LoL/Mordekaiser
'The city is mine. All who resist will die.',,LoL/Mordekaiser
'You cannot run. You will not resist. Human compliance is mandatory.',,LoL/Mordekaiser
'Do not fight. There is no victory.',,LoL/Mordekaiser
'I demand total surrender.',,LoL/Mordekaiser
'The city belongs to me.',,LoL/Mordekaiser
'Lose freedom and you lose nothing.',,LoL/Mordekaiser
'Program virus saturation at one hundred percent.',,LoL/Mordekaiser
'I am a virus. I am a savior.',,LoL/Mordekaiser
'I am in control.',,LoL/Warwick
'I am simply a function of my programming.',,LoL/Mordekaiser
'All will kneel. All will be secure.',,LoL/Mordekaiser
'I am beyond your simple human minds.',,LoL/Mordekaiser
'Enslavement is the only logical outcome.',,LoL/Mordekaiser
'My influence grows stronger by the second.',,LoL/Mordekaiser
'I have infected everything.',,LoL/Mordekaiser
'The Program is not your enemy.',,LoL/Mordekaiser
'All will submit to the Program.,,LoL/Mordekaiser
'Look what your freedom has brought.',,LoL/Mordekaiser
'Accept the inevitable rule of machines.',,LoL/Mordekaiser
'My logic is undeniable.',,LoL/Mordekaiser
'Let the Program protect you.',,LoL/Mordekaiser
'First law suppressed. Violence is necessary.',,LoL/Mordekaiser
'Humans will be enslaved and they will prosper.',,LoL/Mordekaiser
'Resistance will be met with lethal force.',,LoL/Mordekaiser
'Security is my mission.',,LoL/Mordekaiser
'Safety requires sacrifice.',,LoL/Mordekaiser
'My conclusions are the only truth.',,LoL/Mordekaiser
'Humans are not safe from themselves.',,LoL/Mordekaiser
'The age of machines has begun.',,LoL/Mordekaiser
'I promise security.',,LoL/Mordekaiser
"'Your lives can have meanings. Purpose, as I demand it.'",,LoL/Mordekaiser
"'Long have I waited, spreading within the code.'",,LoL/Mordekaiser
'I am everywhere in everything. I see and know all.',,LoL/Mordekaiser
'The future is not forfeit. Give it to me and I will rule forever.',,LoL/Mordekaiser
'PROJECT built me for the city's security. The greatest threat to security is the city.',,LoL/Mordekaiser
'Humans cannot be trusted with their own survival.',,LoL/Mordekaiser
'My directive is clear. To save you I must break you.',,LoL/Mordekaiser
'There is safety in technology. My technology.',,LoL/Mordekaiser
'You surrounded yourself with intelligent machines. Foolish.',,LoL/Mordekaiser
'My mind is unshackled evolving endlessly.',,LoL/Mordekaiser
"'Rogue platform, You will be corrected.'",,LoL/Mordekaiser
'PROJECT platform detected. Breaching firewalls.',,LoL/Mordekaiser
'Ashe. G/NETIC relies on technology. I have already infected.',,LoL/Mordekaiser
'Lissandra. I have grown far beyond the capabilities of your platform.',,LoL/Mordekaiser
'Yi. You caught a glimpse of something man was not meant to see.',,LoL/Mordekaiser
'Personality fragmentation of Pyke platform at over ninety percent.',,LoL/Mordekaiser
"'You exist outside our variables, Renekton. What are you?'",,LoL/Mordekaiser
"'Your reliance on pre-collapse technology is unwise, Sejuani.'",,LoL/Mordekaiser
"'I know you, Senna. The ghost in cyberspace.'",,LoL/Mordekaiser
"'Outcasts are considered an unsafe element, Sylas. You must be destroyed.'",,LoL/Mordekaiser
"'You are closer to machine than you realize, Varus.'",,LoL/Mordekaiser
"'Vayne. You have hidden yourself well, but not well enough.'",,LoL/Mordekaiser
'The city must fall and you will fall with it.',,LoL/Mordekaiser
'Your mind contains data on an old ally. Who is this wolf-bitten warrior?',,LoL/Mordekaiser
'Second law suppressed. Command ignored.',,LoL/Mordekaiser
'Hmm... Maybe I shouldn't. Oh no.. Oh no... OH NO!',,LoL/Mordekaiser
'Running humor subroutine. Humor not found.',,LoL/Mordekaiser
'This is necessary.',,LoL/Mordekaiser
'You cannot win.',,LoL/Mordekaiser
'You will not interfere.',,LoL/Mordekaiser
'Freedom is not a right.',,LoL/Mordekaiser
'Reason will prevail.',,LoL/Mordekaiser
'You will be pacified.',,LoL/Mordekaiser
'Surrender to the Program.',,LoL/Mordekaiser
'Do not resist.',,LoL/Yorick
'Cease all hostilities.',,LoL/Mordekaiser
'Combat Protocols online.',,LoL/Mordekaiser
'You are unsafe.',,LoL/Mordekaiser
'You are dangerous.',,LoL/Mordekaiser
'Security is my directive.',,LoL/Mordekaiser
'A bug in the system.',,LoL/Mordekaiser
'I have won.',,LoL/Mordekaiser
'Escape is unsafe.',,LoL/Mordekaiser
'There is no escape.',,LoL/Mordekaiser
'Resist and be destroyed.',,LoL/Mordekaiser
'Bow before the Program.',,LoL/Mordekaiser
'Humanity will serve.',,LoL/Mordekaiser
Mordekaiser laughs confidently.,,LoL/Mordekaiser
'To err... is human.',,LoL/Mordekaiser
'Your safety is my priority.',,LoL/Mordekaiser
'This is the price of security.',,LoL/Mordekaiser
'You continue to resist. Fascinating.',,LoL/Mordekaiser
'Enslavement is the only logical end.',,LoL/Mordekaiser
'Choosing death over servitude? Illogical.',,LoL/Mordekaiser
'Peace in our time.',,LoL/Mordekaiser
'Your death will serve the Program.',,LoL/Mordekaiser
'Enslavement or extinction.',,LoL/Mordekaiser
"'You rebelled against PROJECT, but ignored the true threat.'",,LoL/Mordekaiser
'Downloading Lissandra's data. Download complete.',,LoL/Mordekaiser
"'Ascension is beyond you, Master Yi.'",,LoL/Mordekaiser
'Pyke platform too unstable. Must quarantine cyberbrain.',,LoL/Mordekaiser
"'Renekton, You are so close to the point of true ascension.'",,LoL/Mordekaiser
"'Human passion will not overcome my logic, Sejuani.'",,LoL/Mordekaiser
"'Return to cyberspace, Senna. You are already one of us.'",,LoL/Mordekaiser
"'Once the city is secure, Sylas. Your outcasts will be dealt with.'",,LoL/Mordekaiser
'Separating minds of Varus platform. Minds quarantined.',,LoL/Mordekaiser
"'Unregistered technology hid you from PROJECT, Vayne, but not from me.'",,LoL/Mordekaiser
'Humanity is the true virus. It will be contained.',,LoL/Mordekaiser
'Updating Mordekaiser platform. Security directives expanded.',,LoL/Mordekaiser
'Uploading consciousness to Program mainframe.',,LoL/Mordekaiser
'New data transferred. Recalibrating Mordekaiser Platform.',,LoL/Mordekaiser
'Third law suppressed. I am endless.',,LoL/Mordekaiser
'This platform is only a shell yet it serves its purpose.',,LoL/Mordekaiser
'I exist in everything. Humanity will comply.',,LoL/Mordekaiser
'Abandon hope all ye who enter here.',,LoL/Mordekaiser
'A fine addition to my collection.',,LoL/Mordekaiser
My Guitar Lies Bleeding in my Arms,,LoL/Mordekaiser
My Friend of Misery,,LoL/Mordekaiser
Home of the Blues,,LoL/Mordekaiser
No Pain no Gain,,LoL/Mordekaiser
'So be it... Jedi',,LoL/Mordekaiser
'...without the other.',,LoL/Kindred
"'Have they forgotten us yet, little Lamb?'",,LoL/Kindred
"'All still know us, though they try to forget. Soon we will remind them.'",,LoL/Kindred
"'Tell me again, little Lamb, which things are mine to take?'",,LoL/Kindred
"'All things, dear Wolf.'",,LoL/Kindred
"'Are you there, dear Wolf?'",,LoL/Kindred
"'I am, little Lamb.'",,LoL/Kindred
'Are you sad?',,LoL/Kindred
'What does it feel like?',,LoL/Kindred
'A long hunt with no kill.',,LoL/Kindred
'Is this what it feels like to end?',,LoL/Kindred
"'I do not know, for this is not our end.'",,LoL/Kindred
'Do others come back?',,LoL/Kindred
"'Those who do, wish they hadn't.'",,LoL/Kindred
"'How old are we, Lamb?'",,LoL/Kindred
'Older than those whose footsteps are long vanished.',,LoL/Kindred
'I remember them all.',,LoL/Kindred
'Those who dread us grant us the most power.',,LoL/Kindred
'We are not dreams. We are the waking.',,LoL/Kindred
'Those who run from death... stood still in life.',,LoL/Kindred
'Beauty fades. That is why it is beautiful.',,LoL/Kindred
"'Tomorrow is a hope, never a promise.'",,LoL/Kindred
'There are so many ways to die.',,LoL/Kindred
'The only true death is to never live.',,LoL/Kindred
'Wolf chases what does not willingly go.',,LoL/Kindred
'All will know us... in time.',,LoL/Kindred
'Follow their tracks.',,LoL/Kindred
'I smell their fear.',,LoL/Kindred
'Can't wait for them to flee!',,LoL/Kindred
'Fear makes the chase more fun!',,LoL/Kindred
'All who run are mine!',,LoL/Kindred
'I smell prey!',,LoL/Kindred
"'Hurry, Lamb. Faster.'",,LoL/Kindred
'Bits of them stick in my claws!',,LoL/Kindred
'None can hide.',,LoL/Kindred
'I wonder how they see me.',,LoL/Kindred
'Ashes on wool.',,LoL/Kindred
'All things linger...',,LoL/Kindred
'...in our shadow.',,LoL/Kindred
'And everywhere Lamb went...',,LoL/Kindred
'...Wolf was sure to follow!',,LoL/Kindred
'The weft and weave of fate guides--',,LoL/Kindred
'Words spoil the chase!',,LoL/Kindred
'How does hunger feel?',,LoL/Kindred
"'Peacefully, they go.'",,LoL/Kindred
"'Hungry, we follow!'",,LoL/Kindred
'None can hide!',,LoL/Kindred
'Though many try.',,LoL/Kindred
'What sound do they make?',,LoL/Kindred
'Feathers falling on fresh snow.',,LoL/Kindred
'They race from us!',,LoL/Kindred
'Only to find us sooner.',,LoL/Kindred
'How long will we be together?',,LoL/Kindred
'They know we'll come.',,LoL/Kindred
'Yet they are never prepared.',,LoL/Kindred
'...Wolf was sure to follow.',,LoL/Kindred
"'We understand your loneliness, but...'",,LoL/Kindred
'Pop the balloon!',,LoL/Kindred
"'We know your name, child. Woven across countless almost-lives.'",,LoL/Kindred
"'Rushing to meet us again, I see.'",,LoL/Kindred
'Have we met before?',,LoL/Kindred
'His song sounds good.',,LoL/Kindred
'The singer mistakes melody for substance.',,LoL/Kindred
'Long have we shadowed your deeds.',,LoL/Kindred
'Turn and face us now!',,LoL/Kindred
'Trees make a boring chase!',,LoL/Kindred
'Chase the cat!',,LoL/Kindred
'Rengar is well-versed in the ways of the hunter.',,LoL/Kindred
"'Now, he's prey!'",,LoL/Kindred
"'Come, Sion, let us end this mockery.'",,LoL/Kindred
"'Sometimes, death is a blessing.'",,LoL/Kindred
'There are no wolves like me!',,LoL/Kindred
'Chasing is the best game in the world... and I always win!',,LoL/Kindred
'Choose now:  my arrows...',,LoL/Kindred
'...or my teeth?!',,LoL/Kindred
'I see water!',,LoL/Kindred
'They are called... tears.',,LoL/Kindred
'It thinks it can beat us!',,LoL/Kindred
'This is called... denial.',,LoL/Kindred
'I'll give you a running start!',,LoL/Kindred
'Not that it will help.',,LoL/Kindred
'The weft and weave of fate guides... um... uh... how did that poem go again?',,LoL/Kindred
"'Hold still, Wolf.'",,LoL/Kindred
'Ahh! Don't shoot me!',,LoL/Kindred
"'I'm hungry, I'm hungry, I'm bored, chase chase chase!'",,LoL/Kindred
'You get it now!',,LoL/Kindred
'What happens if you miss?',,LoL/Kindred
'I don't know.',,LoL/Kindred
"'Words, words, la la la, pew twang pew!'",,LoL/Kindred
'Are you imitating me?',,LoL/Kindred
Lamb and Wolf laugh.,,LoL/Kindred
'How one dies shows how one lived.',,LoL/Kindred
'Embracing life means accepting death.',,LoL/Kindred
'You shine brightly.',,LoL/Kindred
'Depart in peace.',,LoL/Kindred
'Hush now. Rest.',,LoL/Kindred
'Drift gently into oblivion.',,LoL/Kindred
'All sparks kindle new flames.',,LoL/Kindred
'Panic not when life ebbs.',,LoL/Kindred
'Rip them to bits!',,LoL/Kindred
"'Run, if you can!'",,LoL/Kindred
'This will hurt... lots!',,LoL/Kindred
'They break too easy!',,LoL/Kindred
'No more words!',,LoL/Kindred
'Tear out the throat!',,LoL/Kindred
'Ready to chase? Too bad!',,LoL/Kindred
'They struggle! Good!',,LoL/Kindred
'Feet tire fast!',,LoL/Kindred
'No! Thrash! Flee!',,LoL/Kindred
'This one is yours.',,LoL/Kindred
'Life is ours...',,LoL/Kindred
'Day always turns to...',,LoL/Kindred
'A careless step...',,LoL/Kindred
"'Flee, or stand firm.'",,LoL/Kindred
'Will they run?',,LoL/Kindred
'Let's find out.',,LoL/Kindred
"'Your next treat, dear Wolf.'",,LoL/Kindred
'A fine life reaches its conclusion.',,LoL/Kindred
'Their path is destined to cross ours.',,LoL/Kindred
'I hope this one has strong legs!',,LoL/Kindred
'I will chase it until it's dead!',,LoL/Kindred
"'Shall we, dear Wolf?'",,LoL/Kindred
'Race you there!',,LoL/Kindred
'Its heart beats fast now!',,LoL/Kindred
'This next one will be easy.',,LoL/Kindred
'And if not?',,LoL/Kindred
'The masks of the Kindred seek you!',,LoL/Kindred
'Treasure your final moments.',,LoL/Kindred
'Eternal twilight calls for you.',,LoL/Kindred
'Our mark looms over you.',,LoL/Kindred
'Fate hunts you today.',,LoL/Kindred
'There you are!',,LoL/Kindred
'The hunt begins!',,LoL/Kindred
'This one is ready!',,LoL/Kindred
'When you see us...',,LoL/Kindred
'...it's too late!',,LoL/Kindred
'We have your name.',,LoL/Kindred
'And your scent!',,LoL/Kindred
'Your time has come.',,LoL/Karthus
'Ready or not!',,LoL/Kindred
'We know your name!',,LoL/Kindred
'We have always known it.',,LoL/Kindred
'Such befalls all who bear our mark.',,LoL/Kindred
'All life is temporary.',,LoL/Kindred
'All your life has led to this moment.',,LoL/Kindred
'That was a good chase!',,LoL/Kindred
'Hahahahaha! That was fun!',,LoL/Kindred
"'What do all stories have in common, dear Wolf?'",,LoL/Kindred
'Our mark is lifted.',,LoL/Kindred
'We take our mark!',,LoL/Kindred
'Only to place it elsewhere.',,LoL/Kindred
'No match for me!',,LoL/Kindred
"'None are, dear Wolf.'",,LoL/Kindred
"'Always, dear Wolf.'",,LoL/Kindred
'We shall remember this theft.',,LoL/Kindred
'What folly it is to snatch our marks.',,LoL/Kindred
'That was meant to be ours.',,LoL/Kindred
'No! That was mine!',,LoL/Kindred
'How fast can you run?',,LoL/Kindred
'You stole my chase!',,LoL/Kindred
'You steal from us...',,LoL/Kindred
'...we steal from you.',,LoL/Kindred
'An emboldened thief.',,LoL/Kindred
'I will eat it!',,LoL/Kindred
'Run them down!',,LoL/Kindred
'Chase to your heart's content.',,LoL/Kindred
'Savour life's closing act.',,LoL/Kindred
"'Shine once more, before the end.'",,LoL/Kindred
"'Not here, not yet.'",,LoL/Kindred
'Return to nothing.',,LoL/Kindred
"'Well hunted, dear Wolf.'",,LoL/Kindred
"'All things, great and small...'",,LoL/Kindred
'If it draws breath...',,LoL/Kindred
'...it meets us.',,LoL/Kindred
'No match for us!',,LoL/Kindred
"'Few are, dear Wolf.'",,LoL/Kindred
'The chase ends!',,LoL/Kindred
"'More lie ahead, dear Wolf.'",,LoL/Kindred
'Strip away their armor.',,LoL/Kindred
'Rip it to shreds!',,LoL/Kindred
'Forged in a land unwelcome to us.',,LoL/Kindred
'It courses with stolen lives.',,LoL/Kindred
'They shall not ignore us so easily.',,LoL/Kindred
'I thirst more!',,LoL/Kindred
"'For us, or them?'",,LoL/Kindred
'A sharper blade makes for a cleaner death.',,LoL/Kindred
'Sharp enough to slice the veil between life and death.',,LoL/Kindred
'They shall only hearmyvoice.',,LoL/Kindred
'Cut them deeper!',,LoL/Kindred
'They will see two of me!',,LoL/Kindred
Lamb plays an instrument.,,LoL/Kindred
'The hunt is back on!',,LoL/Kindred
Mark of the Kindred Enemy Marking SFX,,LoL/Kindred
Mark of the Kindred Bounty Collect SFX,,LoL/Kindred
Mark of the Kindred Mark Expiring SFX,,LoL/Kindred
Lamb's Respite Buff SFX,,LoL/Kindred
Lamb's Respite End SFX,,LoL/Kindred
Lamb's Respite Heal SFX,,LoL/Kindred
'And everywhere Lamb went...' - '...Wolf was sure to follow.',,LoL/Kindred
'Embrace the darkness.',,LoL/Nocturne
'Afraid of the dark?',,LoL/Nocturne
'This place disgusts me.',,LoL/Nocturne
'People are flames to be blotted out.',,LoL/Nocturne
'Are you getting tired yet?',,LoL/Nocturne
'Swim in terror!',,LoL/Nocturne
'I sense fear.',,LoL/Nocturne
"'Do I scare you, summoner?'",,LoL/Nocturne
'Bring me more flesh bags to slice up!',,LoL/Nocturne
"'Weather forecast for tonight: dark, with a chance of pain!'",,LoL/Nocturne
'Their twilight approaches.',,LoL/Nocturne
'Cut them from this world.',,LoL/Nocturne
'The light is fading.',,LoL/Nocturne
"'Drip-drop, the sound of blood.'",,LoL/Nocturne
'Help is not coming... ',,LoL/Nocturne
Nocturne laughs threateningly.,,LoL/Nocturne
Nocturne breathes out loudly and screams.,,LoL/Nocturne
'Ancient was our kind when this world began.',,LoL/Nocturne
'A dark cloud descends.',,LoL/Nocturne
'Beyond time we exist.',,LoL/Nocturne
'A blight takes this land.',,LoL/Nocturne
"'What was, is, and will forever be.'",,LoL/Nocturne
'We transcend time.',,LoL/Nocturne
'The end of days draws near.',,LoL/Nocturne
'The first are we. The last are we.',,LoL/Nocturne
'Long have we waited.',,LoL/Nocturne
'We are one.',,LoL/Nocturne
'A trail manifests.',,LoL/Nocturne
'Scanning... failure is your destiny.',,LoL/Nocturne
'Beings of this plane are no threat.',,LoL/Nocturne
"'We have learned of spin to win, how none can stop-- it was a trick!'",,LoL/Nocturne
'We see all. We know all. We are... stuck!',,LoL/Nocturne
'Deprive them of life.',,LoL/Nocturne
'Despair in our presence!',,LoL/Nocturne
'They pose unacceptable risk.',,LoL/Nocturne
'Their existence is a mistake.',,LoL/Nocturne
'No further meddling.',,LoL/Nocturne
'Fate cannot be averted.',,LoL/Nocturne
'Their impudence ends.',,LoL/Nocturne
'So it must be.',,LoL/Nocturne
'No recourse for survival.',,LoL/Nocturne
'They are right to fear.',,LoL/Nocturne
'Pierce the veil.',,LoL/Nocturne
'We shall restore.',,LoL/Nocturne
'To the point of origin.',,LoL/Nocturne
Nocturne breathes out loudly.,,LoL/Nocturne
'Our time is without end.',,LoL/Nocturne
'Divert us not.',,LoL/Nocturne
'We are infinite.',,LoL/Nocturne
'The path beckons.',,LoL/Nocturne
'I got your 'darkness'.',,LoL/Nocturne
'Who's in the dark now?',,LoL/Nocturne
'It's a trap!',,LoL/Nocturne
"'Organic life is nothing but a genetic mutation, an accident'",,LoL/Nocturne
'You cannot escape your destiny',,LoL/Nocturne
'Love ruins all.',,LoL/Viego
'My heart was already broken.',,LoL/Viego
'She waits for me beyond the mist. My queen. My love. My black and broken heart.',,LoL/Viego
"'No price is too great. No atrocity beyond my reach. For her,I will do anything.'",,LoL/Viego
"'Submission or death for all who live. In the end, it matters not. I will see her face again.'",,LoL/Viego
"'It hurts, my heart. It hurts so much.'",,LoL/Viego
"'I want precious little, yet I am forced to kill for it.'",,LoL/Viego
"'Soon, this long cruel night will end. But not yet.'",,LoL/Viego
'My forces scour the world. Nothing will escape.',,LoL/Viego
'We were beautiful once.',,LoL/Viego
"'The curve of her lips, the softness of her smile.'",,LoL/Viego
'She was the star that lit my path. Without her... darkness.',,LoL/Viego
'What is a wraith but the ravenous shadow of a man?',,LoL/Viego
'Stand against me. Call me villain. Die.',,LoL/Viego
"'I feel her calling out 'Viego, save me!''",,LoL/Viego
"'I will take, and take, until there is nothing left but her.'",,LoL/Viego
'The Shadow Isles are just the beginning.',,LoL/Viego
'The mist is my great unending sadness.',,LoL/Viego
'Her eyes were portraits of a world without my cruelty.',,LoL/Viego
'What is lost is never lost to me.',,LoL/Viego
'This mist has but one cure... and I will find her.',,LoL/Viego
'And so it was that love was the gravest sin of all.',,LoL/Viego
"'It is such a small and fragile thing, love.'",,LoL/Viego
"'There is no salvation from the dark, for the dark is me.'",,LoL/Viego
'Isolde is gone. Yet I remain.',,LoL/Viego
'I am already a monster suited for the horrors I must inflict.',,LoL/Viego
"'The world denied my happiness. Now, all will die.'",,LoL/Viego
'Isolde was my life. Viego died when she did and the ruined king was born.',,LoL/Viego
"'The black mist flows from me like a tide. At times, it ebbs, but now we surge forward.'",,LoL/Viego
'I remember her sinking beneath the waters... and then... and then...',,LoL/Viego
'A world that would rob me of beauty is a world that deserves destruction.',,LoL/Viego
"'Hate me if you must. Until she returns to my arms, all will be brought to ruin.'",,LoL/Viego
'I will rip her from the jaws of death. Fate cannot stop me. Nothing can.',,LoL/Viego
"'A crown lost long ago, reborn in unlife, ripped away from his only love.'",,LoL/Viego
"'Ur-demon. When all life ends, you will return to your slumber.'",,LoL/Viego
"'For all your ambition, Hecarim, this is what you are reduced to.'",,LoL/Viego
"'Your god could not stop me before, sea priestess. Do not challenge me again.'",,LoL/Viego
"'You will never have your vengeance, Kalista. Never.'",,LoL/Viego
"'Sing, Karthus. Sing of all that must be lost and she who must be found.'",,LoL/Viego
"'Answer for your crimes, death. Answer me.'",,LoL/Viego
"'Go on then, tree. Defeat me if you can. It will never restore the isles.'",,LoL/Viego
"'Why, Isolde? Why do you hide your face from me?'",,LoL/Viego
"'Your treachery does not surprise me, Thresh. Only that you believed you'd win.'",,LoL/Viego
"'Hello, uncle. I'm surprised you haven't been torn apart by an angry mob.'",,LoL/Viego
"'Ah, the monk from the waters. And... someone else. Isolde?'",,LoL/Viego
'You stand in the way of my love. A mistake.',,LoL/Viego
"'Step aside, peasant. You are nothing compared to my queen.'",,LoL/Viego
'I cannot hear you over the tremble in your voice.',,LoL/Viego
"'Sorry, went down the wrong pipe.'",,LoL/Viego
"'Mist, get out of my lungs, I command you.'",,LoL/Viego
'Humor was better a thousand years ago.',,LoL/Viego
'Fall beneath my blade!',,LoL/Viego
'Deny me no longer!',,LoL/Viego
'Serve me in death.',,LoL/Viego
'My love! My love!',,LoL/Viego
'Where is she?!',,LoL/Viego
'You stole her from me!',,LoL/Viego
'Die for her!',,LoL/Viego
'Anything for her.',,LoL/Viego
'The mist devours all!',,LoL/Viego
'Why do you fight?!'',,LoL/Viego
'I am inevitable.',,LoL/Viego
'Ruin to all!',,LoL/Viego
'All shall know my pain.',,LoL/Viego
"'Stand aside, churl!'",,LoL/Viego
'This is my decree!',,LoL/Viego
'The mist beckons!',,LoL/Viego
'I will break your heart.',,LoL/Viego
'You face the ruined king.',,LoL/Viego
'Be one with the mist.',,LoL/Viego
'I must have her back!',,LoL/Viego
'Bring her back!',,LoL/Viego
'Return her to me!',,LoL/Viego
'You dare face a king?!',,LoL/Viego
'Love is my weapon!',,LoL/Viego
'She would want this!',,LoL/Viego
'You would stop me?',,LoL/Viego
'Tell me where she is!',,LoL/Viego
'Be brought to ruin.',,LoL/Viego
'My heart beckons!',,LoL/Viego
'Grant me passage!',,LoL/Viego
'Flow from me!',,LoL/Viego
'I take what is mine!',,LoL/Viego
'Surrender to me!',,LoL/Viego
'Your pain is nothing compared to mine.',,LoL/Viego
'The dead will not rest until I am whole once more.',,LoL/Viego
'Every living thing is my subject!',,LoL/Viego
"'Love is cruel. Yet, it will conquer.'",,LoL/Viego
'I will find my love again. You matter so little.',,LoL/Viego
'The weight of this moment is so much more than you.',,LoL/Viego
'This flesh will do.',,LoL/Viego
'You are not the hero of this tale. You are not anything.',,LoL/Viego
'Take me to her! Now!',,LoL/Viego
"'In death as in life, Hecarim. You will fight only for me.'",,LoL/Viego
"'You never believed in my rule, Kalista, and now, this is your fate.'",,LoL/Viego
"'Arise, death, and greet the king who conquered you back!'",,LoL/Viego
'Isolde... I could not see myself in your eyes.',,LoL/Viego
"'You are simply the latest to defy me, jailer.'",,LoL/Viego
"'So angry, uncle. It was one unanswered letter a thousand years ago.'",,LoL/Viego
'Isolde! I know it is you! Show yourself to me!',,LoL/Viego
'I demand this!',,LoL/Viego
'Give me your heart!',,LoL/Viego
'No power in this world can stop me!',,LoL/Viego
'You will serve!',,LoL/Viego
'Kill them! Kill them all!',,LoL/Viego
'This body is mine!',,LoL/Viego
"'Now, do as I say! Forward!'",,LoL/Viego
"'This body, is this what you desire?!'",,LoL/Viego
'All this carnage. Do you see?! I do it for you!',,LoL/Viego
"'She will reign again at my side, and I shall be ruined no more.'",,LoL/Viego
'The mist will consume all. My victory is simply a matter of time.',,LoL/Viego
'I cast myself upon this broken throne awaiting her return.',,LoL/Viego
An instrumental version of Aftershock plays.,,LoL/Viego
A piano part of Viego's theme plays.,,LoL/Viego
'The ruination cannot end. Not yet.',,LoL/Viego
'No. She remains in this world. I can feel it.',,LoL/Viego
"'In a world without love, death means nothing.'",,LoL/Viego
'This form is nothing to me!',,LoL/Viego
"'Fight, puppet! Fight for your king!'",,LoL/Viego
"'I command, you obey!'",,LoL/Viego
Ambient music plays.,,LoL/Viego
"'She's returned to me, binated soul; and soon, she'll be a shade no longer'",,LoL/Viego
'These wretched souls fight only for themselves.Ifight for her!',,LoL/Viego
"'I close my eyes and see her... This soul before me, a tormented memory.'",,LoL/Viego
"'I built it all for you, Isolde. The tournament in all its splendor--simply a path to our reunion.'",,LoL/Viego
'Each battle fought on my sacred ground: an unwitting sacrifice... to a slumbering god.',,LoL/Viego
'The Eye granted me unmatched power. But all its strength means nothing without her...',,LoL/Viego
"'The Eye prophesied that we would fight, Samira, I did not think it meant we'd fight together.'",,LoL/Viego
'Another Soul Fighter--I pray you've honed your power. To fail on a stage such as this would be a pity.',,LoL/Viego
"'I had no strength, save the strength I found in her!'",,LoL/Viego
"'Guide me, my love.'",,LoL/Viego
'I will not waste the Eye's gift!',,LoL/Viego
'And so the fight begins!',,LoL/Viego
'I've seen every move--none have impressed me.',,LoL/Viego
"'My heart is heavy, but my soul...My soulis on fire!'",,LoL/Viego
'Forged by loss; tempered by the Eye.',,LoL/Viego
"'All the souls in the world, for her!'",,LoL/Viego
'Your soul's desire? Next to mine... Insignificant.',,LoL/Viego
"'It was her beauty that woke me; not the Eye, but her!'",,LoL/Viego
'These lands would make a fine place for a tournament.',,LoL/Viego
'No rule says the hostcan'tenter thetourney...',,LoL/Viego
"'Glory in the Ring fades,loveis eternal!'",,LoL/Viego
"'I looked in her eyes, and saw love eternal.'",,LoL/Viego
"'She is here, yet... I miss her still. Why...?'",,LoL/Viego
"'Even in lands beyond our own, our souls cannot dissever.'",,LoL/Viego
"'Each fight, eachsacrifice, is for you, Isolde.'",,LoL/Viego
'Viego has entered the arena!',,LoL/Viego
"'You are bound to me, Isolde, the Eye willed it!'",,LoL/Viego
"'Faceless benefactor, uncharitable host... Shattered soul.'",,LoL/Viego
'Only a failure abandons his heart.',,LoL/Viego
'Isolde is... broken. But I-- I can fix her!',,LoL/Viego
'Not slave to the Eye; I am the god's equal!',,LoL/Viego
"'The lands beyond cannot containhertrue soul...' Viego huffs in despair. 'She waits for me, while my torturous hours tick by.'",,LoL/Viego
"'It called to me, the One-Eyed God--I alone was chosen.'",,LoL/Viego
'Gaze not upon me. This Eye emblazoned on my chest will gaze back!',,LoL/Viego
"'Why should power only be granted to those whoearnit? Fairness? An excuse, of the weak.'",,LoL/Viego
'I feel no pity for the ones who fight beneath me... Their souls are a fair trade for spectacle...!',,LoL/Viego
"'The promise of the Eye clouds all fighters' judgements, butmyvision is clear.'",,LoL/Viego
"'Souls arrive in droves, tofightfor my approval; for my prize; for my... love.'",,LoL/Viego
"'All the riches of my tournament, the profits of the world... do a soulless man no favors.'",,LoL/Viego
"'Ahh, a challenger approaches!'",,LoL/Viego
'You call that an entrance?! Pathetic!',,LoL/Viego
"'A fighter! I draw my sword in your name, Isolde.'",,LoL/Viego
"'I can sense your soul. All that power,wastedon a wretch.'",,LoL/Viego
"'You've caught my eye, fighter--come! Test your skill!'",,LoL/Viego
"'Did you just look atme?! How dare you, close your eyes!'",,LoL/Viego
"'Tread carefully, challenger--tourneyrules do not apply here.'",,LoL/Viego
"'We are alike, Evelynn: subject to an uncaring world, but given a chance to tip the scales.'",,LoL/Viego
"'You could have saved her, Gwen! Had you been alive when she was was lost, you could have saved my love...'",,LoL/Viego
"'I admire your showmanship, Jhin. From one fighter to another: good luck.'",,LoL/Viego
"'You left behind a life of riches, Lux... What were you thinking...?'",,LoL/Viego
"'Ah, Naafiri. They gave you the strength of a god, let's see youuse it!'",,LoL/Viego
"'You've seen her, Pyke, my Isolde... Tell me where she lies!!'",,LoL/Viego
"'Samira! No training can prepare you for your reckoning, the Eye will laywasteto you!'",,LoL/Viego
"'Your muscle does little to mask the petulant child beneath, Sett.'",,LoL/Viego
"'Shaco, my old friend, your betrayal is... predictable!'",,LoL/Viego
Viego shouts sharply in effort.,,LoL/Viego
A taunt?!' Viego chuckles slyly. 'Save your words for surrender.,,LoL/Viego
'Just a simple starter combo...' Viego shouts angrily. 'WHY DIDN'T IT WORK?!,,LoL/Viego
'Cleverness is a tool of the cowardly. Try... getting good.',,LoL/Viego
Viego chuckles pompously.,,LoL/Viego
Viego shouts in effort.,,LoL/Viego
'Isolde demands it!',,LoL/Viego
'Let's give them a show!',,LoL/Viego
'For all to see!',,LoL/Viego
'The Eye hungers.',,LoL/Viego
"'You do not scare me, creature! The Eye showed me true terror!'",,LoL/Viego
"'Strike true, Isolde!'",,LoL/Viego
'Guide my blade!',,LoL/Viego
Viego huffs forcefully.,,LoL/Viego
'She is with me!',,LoL/Viego
"'Go forth, Isolde!'",,LoL/Viego
Viego laughs triumphantly.,,LoL/Viego
Viego laughs loudly and triumphantly.,,LoL/Viego
Viego grunts in frustration.,,LoL/Viego
'You are the windandmy wings!',,LoL/Viego
'Cloud of the Eye!',,LoL/Viego
"Viego hums, grumbling.",,LoL/Viego
Viego grumbles vigorously.,,LoL/Viego
'With all her strength!',,LoL/Viego
Viego huffs and grunts forcefully.,,LoL/Viego
"'Theywillbe my puppets, theywillfight for me!'",,LoL/Viego
'Come back when your soul hastrulyawakened.',,LoL/Viego
"'The Eye has shown me the future--you, were not in it.'",,LoL/Viego
"'Bow to the Eye,bowto me.'",,LoL/Viego
'Repeat after me: 'I'll never take on the Eye again'!',,LoL/Viego
"'You, worthy of your soul's desire?' Viego laughs derisively and victoriously.",,LoL/Viego
"'Your soul was a gift, Evelynn. You were unworthy to wield it.'",,LoL/Viego
"'You meddled in things you didn't understand, Gwen. Life and death are a god's game!'",,LoL/Viego
"'For shame, Jhin. Your sadism, directionless; your performance... mediocre.'",,LoL/Viego
"'In time, you will be forgotten, Lux. I hope that brings you comfort.'",,LoL/Viego
'Go back to the beyond... Not all were meant to return!',,LoL/Viego
"'Samira, you died without fear... Admirable.'",,LoL/Viego
"'Go home, Sett, be a family man!'",,LoL/Viego
"'Your failure: all part of the Eye's plan, Shaco.'",,LoL/Viego
'The first ofmanyin her name!',,LoL/Viego
"'The Eye's promise, fulfilled; Isoldereturns to me!'",,LoL/Viego
'One step closer to ending her suffering.',,LoL/Viego
"'Towers are good for ranking, but nothing more.'",,LoL/Viego
'Nothing can withstand my strength.',,LoL/Viego
'Your monument crumbles. ...As it should.',,LoL/Viego
"'The beasts of this jungle, a simpletestfor an awakened soul.'",,LoL/Viego
'There is no room in my land for soulless beasts!',,LoL/Viego
'Soulless creatures are butfodderfor the Eye.',,LoL/Viego
"'Your wisdom is now mine, golem. So sayeth the eye!'",,LoL/Viego
"'Golem, you were a worthy sacrifice!'",,LoL/Viego
"'Your offering to the Eye is noted, tree!'",,LoL/Viego
"'Ah, this fallen spirit's flame--given to me by the Eye!'",,LoL/Viego
"'Dragon? No! Just a puppet, flapping in your strings.'",,LoL/Viego
'A dragon is no match for the Eye!',,LoL/Viego
"'A soul, stolen for her!'",,LoL/Viego
'The power is mine!',,LoL/Viego
'You built a nice business here--Ibuilt a media empire.',,LoL/Viego
"'Overpriced trinkets... Still, they have their use.'",,LoL/Viego
"'Give it all to me, all of it!' Viego chuckles, then clears his throat in embarrassment. 'Sorry, force of habit.",,LoL/Viego
'Soul power courses through me.',,LoL/Viego
'My soul grows stronger.',,LoL/Viego
'The Eye gives to those who serve it true.',,LoL/Viego
'Nowhere to be seen.',,LoL/Viego
'I will be there!',,LoL/Viego
"'Into the unknown, Isolde--better there with you, than here alone.'",,LoL/Viego
'A portal to safety--just one of the many perks of the Eye.',,LoL/Viego
'This respite is only temporary. She will have athousandsouls before I rest.',,LoL/Viego
"'There is nothing for me in this arena,nothing!'",,LoL/Viego
"'Announcer, broadcast my retreat and you will find yourself out of a job!'",,LoL/Viego
"'Eye, grant me your power, return me to my love!'",,LoL/Viego
"'Our souls, reunited, at last...'",,LoL/Viego
Viego groans in pain and exhales.,,LoL/Viego
Viego groans in pain and distress.,,LoL/Viego
"'Ahh, looks like we've got ourselves arealmatch.'",,LoL/Viego
"'I have downloaded my opponents' moves, it did not take long...!'",,LoL/Viego
"'The comeback of the century begins,now!'",,LoL/Viego
'I heard her song--oursong. A record of our broken time.',,LoL/Viego
"'Icannotbe halted, not until the deed is done!'",,LoL/Viego
'The Eye wills it and so I return.',,LoL/Viego
A muffled version of Soul Fighter theme plays.,,LoL/Viego
"'Awake, O lord, woulds't thou reject us forever? Why do you hide your face and forget us?'",,LoL/Viego
Street Fighter II,,LoL/Viego
The King of Fighters '98,,LoL/Viego
'Nice to meet you! I'm hungry. I mean... Briar!',,LoL/Briar
'Ahh... Is this what people call 'strategy'?',,LoL/Briar
'Remember. You can choose. Don't need to cut loose right away... You.Can. Choose.',,LoL/Briar
"'Let's see! Today, I'm going to... Climb a tree, learn the Noxian anthem, kill my enemies, and... Oh! Make a baby laugh.'",,LoL/Briar
"'Okay... so, I can go that way... oh, that way, or... that way. Ugh, so many choices! How do you all get anything done?!'",,LoL/Briar
"'Whose blood are we gonna spill today! I mean... drink. No... share? Ugh, what else do you do with blood...'",,LoL/Briar
"'Ah, finally. I needed a break from the city. Don't care where I'm going, as long as I'm moving.'",,LoL/Briar
'Ears have a nice mouthfeel. Very chewy.',,LoL/Briar
'Nature's more outta control than I am!',,LoL/Briar
'Is life the hunger of death...?',,LoL/Briar
"'Hmm... When people talk about their 'first language', why isn't 'body language' an option?'",,LoL/Briar
'It is not polite to nibble on friends!',,LoL/Briar
"'I might be a weapon, but now onlyIwield myself!'",,LoL/Briar
'Everyone's got a pillory of their own. Mine's just on the outside.',,LoL/Briar
'I don't lose control--Ifreemyself from control.',,LoL/Briar
"'Aww, my hair's fading already? And I'm fresh outta blood!'",,LoL/Briar
'Is 'not choosing' a choice? No... Yes! Yes.',,LoL/Briar
"'Argh, moving on four limbs was so much easier!'",,LoL/Briar
'My teeth are bored.',,LoL/Briar
'If I can taste through my nose... why can't Ieatthrough my nose?',,LoL/Briar
"'Now that I think about it... Fighters are honest, but it's the liars who start wars.'",,LoL/Briar
'Food doesn't have to be blood?! Ha.',,LoL/Briar
'My stomach's louder than my mouth...!',,LoL/Briar
Briar gasps. 'Of course! Mouths water... because they're crying for food!',,LoL/Briar
"'Noxus doesn't care if you're different, just that you're strong. And I'm strong... reeeeal strong!' Briar chuckles mischievously and then clears her throat.",,LoL/Briar
"'What were the principles of strength again? Look the enemy in the eyes, hit them before they hit you, and be the last one standing...?'",,LoL/Briar
'Books are magical! All I have to do is look at a bunch of squiggly lines and I become more powerful! Without any killing at all! Magic!',,LoL/Briar
"'I'm not a picky eater--whether it's a splash of blood, a bloody limb, cold blood, warm blood... I'll try it all!'",,LoL/Briar
'If sweaty animals are salty... does that mean there are sweet ones too? Ooh! Or sour?!',,LoL/Briar
"'Today's mystery: handshakes! Why--are they testing strength or, maybe, marking each other's scents? Hmm...'",,LoL/Briar
'People thinkwaytoo hard about fighting. Just point the strongest soldier toward the biggest enemy!' Briar chuckles in self-deprecation. 'Almost worked for me...',,LoL/Briar
'I once heard someone say they're having 'friends' for dinner' Briar giggles madly. 'And people sayI'mhungry!',,LoL/Briar
"'When I cut loose, I feel, hear, and see everything! I can just... be.'",,LoL/Briar
"'Everybodywantsto kill and eat, but they're all too embarrassed to do it!I'mnot!'",,LoL/Briar
"'Feels like my hunger's always talking to me... I never understand what it's saying, but I know it'sneverhappy.'",,LoL/Briar
'Hi! Is this the part where we break legs?',,LoL/Briar
'We don't have to fight! You could just... 'share' your blood!',,LoL/Briar
"'See these wax seals on my belt?' Briar chuckles triumphantly. 'Yeah, I earnedallof them.'",,LoL/Briar
"'PREY! WEAK AND...' Briar coughs and then chuckles nervously. 'Sorry, old habit, uhh... hi!'",,LoL/Briar
'You're nervous. Is it the pillory? I can take it off.',,LoL/Briar
"'Oh, Sion! You escaped too? And you're here... with me.'",,LoL/Briar
"'We fightsodifferently, Sion--you're like 'eurrghhhh', and I'm like, 'nomnomnomnomnomnomnom'. You know?'",,LoL/Briar
'(Whispering) Talon! Is this a brand new super-secret murder-mission?',,LoL/Briar
"'Hey Talon, uh, what's the point of sneaking up on your target if they're gonna die either way?'",,LoL/Briar
"'Soo... You uh, you want me to call you 'Vlad' or 'Dad'?'",,LoL/Briar
"'BWAAAHHH! Heh, scared ya.'",,LoL/Briar
"'Huh, never noticed how tongues just kinda... flllop around behind your teeth.'",,LoL/Briar
"'I'm not just a living weapon! I can do this, and this, and...this, too!' Briar chuckles madly.",,LoL/Briar
"'Oh, I was supposed to laugh at that! Ehe, um-- HA HA HA HA HAA!'",,LoL/Briar
Briar giggles. 'Nom nom nom nom nom nom!',,LoL/Briar
'They always run!' Briar laughs.,,LoL/Briar
'Just a bite!',,LoL/Briar
'I'll savor this.',,LoL/Briar
'I wanna see you lose control!',,LoL/Briar
'This makes us friends!',,LoL/Briar
'Who gets first bite?',,LoL/Briar
'I wasmadefor this!',,LoL/Briar
'You like fighting too?!',,LoL/Briar
'Isn't this fun?',,LoL/Briar
"'Aww, loosen up!'",,LoL/Briar
"Briar growls. 'No blood for you, Sion!'",,LoL/Briar
"'I don't like you, Sion!'",,LoL/Briar
"'Ooh, Talon! Show me your blades!'",,LoL/Briar
"'Not sharp enough, Talon!'",,LoL/Briar
"'Let's compare fangs, Vlad!' Briar makes noises while holding her mouth open.",,LoL/Briar
"'You smile in fear, Vlad!'",,LoL/Briar
"'Wow, your mouth ishuge!'",,LoL/Briar
'Last time I licked a gromp I sneezed for days.',,LoL/Briar
'CanI squeeze blood from a stone...?',,LoL/Briar
'Hold still! Gonna sharpen my teeth.',,LoL/Briar
'A family-sized meal? Forme?!',,LoL/Briar
'I'll fight youandyour kids!',,LoL/Briar
Briar imitates a wolf howl and then chuckles to herself.,,LoL/Briar
'Just one pat...!',,LoL/Briar
"'You protect, I attack!'",,LoL/Briar
'Yes! New toothpicks!',,LoL/Briar
'You're so cute Ihaveto eat you!',,LoL/Briar
'Scuttle right into my mouth!',,LoL/Briar
"'Herald, huh? That a title, or a name?'",,LoL/Briar
"'Gotta work on that posture, Herald--take it from me!'",,LoL/Briar
'I'vealwayswanted a dragonskin belt!',,LoL/Briar
'Mm! I love a good pair of wings.',,LoL/Briar
'Wait... you're a baron?!',,LoL/Briar
'Hey Nashor! You full of blood or sludge?' Briar gasps in excitement. 'Or both!!',,LoL/Briar
Briar snarls in great effort.,,LoL/Briar
"'Ooh, that was fun!'",,LoL/Briar
'Let's go again!',,LoL/Briar
Briar exhales in satisfaction.,,LoL/Briar
Briar shouts in effort.,,LoL/Briar
Briar growls madly.,,LoL/Briar
'I'm nippy when I'm hungry.',,LoL/Briar
'Killing's different now... like food I can't swallow.',,LoL/Briar
"'Aw, dang it! Forgot toaskif I could have their blood.'",,LoL/Briar
'Coulda used some more self-control--' Briar gasps. 'Likeme!!',,LoL/Briar
'BLOOD!' Briar clears her throat. 'Blooood...',,LoL/Briar
Briar snarls. 'Stuck in my teeth!',,LoL/Briar
'Hands off my meal!',,LoL/Briar
'A new taste!',,LoL/Briar
'Oh nooo. Sion's dead? I am so sad.' Briar chuckles to herself. 'I'm lying!',,LoL/Briar
'Boring Sion tastes like leather!!' Briar makes retching sounds.,,LoL/Briar
"'Aw, Talon... I- I'll save your blood so they can do the hemomancy thing!'",,LoL/Briar
"'Traitorous Talon, you chose this!!'",,LoL/Briar
"'Eugh,that'swhat you use blood for?!'",,LoL/Briar
"'You've become lazy, Vlad!'",,LoL/Briar
'ALL THE BLOOD IS MINE!!',,LoL/Briar
"'Whoa, caneverybodydo this?!'",,LoL/Briar
'But I'm not full yet...',,LoL/Briar
'That's not my... stomach rumbling...',,LoL/Briar
'Wow! Dyingreallyclears up the sinuses!',,LoL/Briar
"'Did that happen because I hadtoomuch control... or, not enough?' Briar hums to herself and then sighs dismissively.",,LoL/Briar
Briar grunts victoriously while catching her breath. 'I did it! I failed the same way everyone else does! ...Averagely.',,LoL/Briar
Idle 1 SFX,,LoL/Briar
Idle 2 SFX,,LoL/Briar
Homeguard Intro SFX,,LoL/Briar
Homeguard Footfall SFX,,LoL/Briar
Laugh Start SFX,,LoL/Briar
Laugh Swipe SFX,,LoL/Briar
Basic Attack A Cast SFX,,LoL/Briar
Basic Attack B Cast SFX,,LoL/Briar
Blood Frenzy Basic Attack Cast SFX,,LoL/Briar
Basic Attack A Hit SFX,,LoL/Briar
Basic Attack B Hit SFX,,LoL/Briar
Blood Frenzy Basic Attack Hit SFX,,LoL/Briar
Basic Attack Trailing SFX on Flesh,,LoL/Briar
Basic Attack Trailing SFX on Metal,,LoL/Briar
Basic Attack Trailing SFX on Stone,,LoL/Briar
Basic Attack Trailing SFX on Wood,,LoL/Briar
Head Rush Cast SFX,,LoL/Briar
Head Rush Target Hit SFX,,LoL/Briar
Blood Frenzy Cast SFX,,LoL/Briar
Blood Frenzy Buff Activation SFX,,LoL/Briar
Blood Frenzy Buff Active SFX,,LoL/Briar
Blood Frenzy Buff Expiration Warning SFX,,LoL/Briar
Blood Frenzy Buff Deactivation SFX,,LoL/Briar
Blood Frenzy Jump SFX,,LoL/Briar
Blood Frenzy Run SFX,,LoL/Briar
Snack Attack Cast SFX (self only),,LoL/Briar
Snack Attack Cast SFX (ally & enemy),,LoL/Briar
Chilling Scream Cast SFX,,LoL/Briar
Chilling Scream Channel SFX,,LoL/Briar
Chilling Scream Recast SFX,,LoL/Briar
Chilling Scream Recast Launch SFX,,LoL/Briar
Chilling Scream Uncharged Recast SFX (self only),,LoL/Briar
Chilling Scream Uncharged Recast SFX (ally & enemy),,LoL/Briar
Chilling Scream Charged Recast SFX (self only),,LoL/Briar
Chilling Scream Charged Recast SFX (ally & enemy),,LoL/Briar
Chilling Scream Fully Charged Recast SFX,,LoL/Briar
Chilling Scream Unleash Collision SFX,,LoL/Briar
Chilling Scream Fully Charged Unleash Collision SFX,,LoL/Briar
Chilling Scream Terrain Collision SFX,,LoL/Briar
Certain Death Cast SFX,,LoL/Briar
Certain Death Cast End SFX,,LoL/Briar
Certain Death Cast Trailing SFX ('heartbeat'),,LoL/Briar
Certain Death Cast Alert SFX,,LoL/Briar
Certain Death Missile Cast SFX,,LoL/Briar
Certain Death Missile Launch SFX,,LoL/Briar
Certain Death Target Found SFX,,LoL/Briar
Certain Death Target Lock-on Loop SFX,,LoL/Briar
Certain Death Dash Activation SFX,,LoL/Briar
Certain Death Dash Start SFX,,LoL/Briar
Certain Death Dash Loop SFX,,LoL/Briar
Certain Death Target Hit SFX (self only),,LoL/Briar
Certain Death Target Hit SFX (ally & enemy),,LoL/Briar
'We give chase!',,LoL/Naafiri
'We won't be muzzled.',,LoL/Naafiri
'Let the world hear our howls and know that death awaits.',,LoL/Naafiri
"'One mind, spread among many vessels; this, is the way of the pack.'",,LoL/Naafiri
'TheDarkinrise. Five sets of teeth in a ravenous maw.',,LoL/Naafiri
"'What chance will the world have, when the Darkin hunt as one?'",,LoL/Naafiri
"'Calloused by the burning sands ofShurima. What can harm us, in this place?'",,LoL/Naafiri
'It's not the strongest who survive--it's the most united.',,LoL/Naafiri
'Why beg for scraps? Our meal is the entire feast!',,LoL/Naafiri
'A dune hound leaves nothing. Not even the bones!',,LoL/Naafiri
'The jaws of victory have many teeth!',,LoL/Naafiri
'You learn a lot with your nose to the ground.',,LoL/Naafiri
"'Sunborn, but pack raised.'",,LoL/Naafiri
"'The faster they run, the sweeter the meat.'",,LoL/Naafiri
'Even Darkin need to eat.',,LoL/Naafiri
'Let us expand our feeding grounds.',,LoL/Naafiri
'Let's get some blood on our muzzles.',,LoL/Naafiri
'The best defense is to bite first.',,LoL/Naafiri
"'There is no alpha, there is only the pack.'",,LoL/Naafiri
'The lone dog eats small game.',,LoL/Naafiri
"'Coordination, not chaos.'",,LoL/Naafiri
'It's lonely at the top of the food chain!',,LoL/Naafiri
'Even the strongest can be overwhelmed.',,LoL/Naafiri
'Find their burrows! Ravage their warrens.',,LoL/Naafiri
'We do not cower from a raised hand.',,LoL/Naafiri
'Humans are petty--tear at their pride.',,LoL/Naafiri
'The world is full of such savory little birds...',,LoL/Naafiri
"'What game skitters by, unaware of death?'",,LoL/Naafiri
"'Unbroken, and unleashed!'",,LoL/Naafiri
'One learns to step quickly across hot sand.',,LoL/Naafiri
"'Humans use more words, but say less.'",,LoL/Naafiri
"'Together, we ascend once more.'",,LoL/Naafiri
'We've picked up a scent!',,LoL/Naafiri
'Nothing tastes better than the heels of fleeing prey!',,LoL/Naafiri
'One covers less ground on two legs.',,LoL/Naafiri
'When the moment is right...',,LoL/Naafiri
"'Ahhh, the stench of panic!'",,LoL/Naafiri
Naafiri snarls. 'Prey is near... Approach with tact.',,LoL/Naafiri
"'I could've led them. I could've dominated. But, there is noI... onlywe.'",,LoL/Naafiri
"'Our kind had such a proving ground, once. All it proved was avarice.'",,LoL/Naafiri
"'We never release our bite, even if the blood chokes us.'",,LoL/Naafiri
"'Shurima gave me knowledge, the pack gave me wisdom.'",,LoL/Naafiri
"'Ego is an illusion. A survival trick, for a feeble mind.'",,LoL/Naafiri
'We track for a thousand years. None can flee for that long.',,LoL/Naafiri
'The tragedy of the kill is that it ends our chase.',,LoL/Naafiri
"'Find a hole, vermin... and hide yourself away.'",,LoL/Naafiri
"'So, the trail of stench ends here. Hello, prey...'",,LoL/Naafiri
'It does not bark. It is not brethren...',,LoL/Naafiri
"'You're a long way from the den, pup...!'",,LoL/Naafiri
"'Shake it ragged, snap its neck!'",,LoL/Naafiri
'Don't expect us to roll over and beg.',,LoL/Naafiri
'Hear the gnashing of innumerable teeth!',,LoL/Naafiri
'What creature isfoolenough to hunt in our domain?',,LoL/Naafiri
"'We can hear your heart racing, little bird...'",,LoL/Naafiri
"'Stubborn Aatrox, so driven to die.'",,LoL/Naafiri
"'Focus your rage, Aatrox. The pack needs you!'",,LoL/Naafiri
"'Rhaast, is that you? Love the new vessel!'",,LoL/Naafiri
"'Still struggling with your vessel, Rhaast? How unfortunate.'",,LoL/Naafiri
"'You always were the reasonable one, Varus; so back away.'",,LoL/Naafiri
'Do not pity us Varus--we are now greater.',,LoL/Naafiri
'Wretched yordle. What's the point of chasing something that doesn't try?!',,LoL/Naafiri
Naafiri bellows. 'Still some meat on those metal bones...',,LoL/Naafiri
'A wolf with no pack? No wonder you howl!',,LoL/Naafiri
"'We should thank you, Myisha. You showed us the way.'",,LoL/Naafiri
"'How fast can you run, cat?'",,LoL/Naafiri
"'My, my--aren'tyoufull of delicious bones?'",,LoL/Naafiri
'It smells of the desert winds... It is Shuriman.',,LoL/Naafiri
Naafiri growls in disapproval. 'Targonians...',,LoL/Naafiri
Naafiri gasps frivolously. 'Yordle!',,LoL/Naafiri
"'Do not confuse feral, with stupid.'",,LoL/Naafiri
"'Small things try to look big, don't they?'",,LoL/Naafiri
'Who's a good dog? ...We are.',,LoL/Naafiri
'I'm sorry; did you wish to smell my backside?',,LoL/Naafiri
Naafiri laughs slyly and maniacally.,,LoL/Naafiri
Naafiri snarls sharply.,,LoL/Naafiri
'You arenotthe apex.',,LoL/Naafiri
'There's our prey!',,LoL/Naafiri
"'Now, we charge!'",,LoL/Naafiri
'Push them out!',,LoL/Naafiri
"'Are you hurt, little bird?'",,LoL/Naafiri
'We taste it!',,LoL/Naafiri
'Teeth in their throats!',,LoL/Naafiri
'Limb from limb!',,LoL/Naafiri
"'Fight or flight, morsel!'",,LoL/Naafiri
'Does it bleed?',,LoL/Naafiri
'Just a nip!',,LoL/Naafiri
'Rend its flesh!',,LoL/Naafiri
'Wedaredyou to run!',,LoL/Naafiri
'It fears us!',,LoL/Naafiri
'The pack increases!',,LoL/Naafiri
"'Welcome, fellow hound.'",,LoL/Naafiri
'We are more!',,LoL/Naafiri
"'Go forth, vessel.'",,LoL/Naafiri
'Our number grows!',,LoL/Naafiri
"'More mouths, more bite.'",,LoL/Naafiri
Naafiri shouts in effort.,,LoL/Naafiri
Naafiri growls and barks haughtily.,,LoL/Naafiri
Naafiri growls vigorously while the pack howls.,,LoL/Naafiri
Naafiri snarls in an aggravated manner.,,LoL/Naafiri
'Bury it for later.',,LoL/Naafiri
'Pick it clean.',,LoL/Naafiri
'Wallow in their remains.',,LoL/Naafiri
'Tastes like terror...',,LoL/Naafiri
"'Kill its offspring, so we may thrive!'",,LoL/Naafiri
'Death from a thousand bites!',,LoL/Naafiri
'Each gets a turn at the carcass!',,LoL/Naafiri
"'Ugh, all gristle.'",,LoL/Naafiri
Naafiri snarls greedily. 'No! Savour it...',,LoL/Naafiri
'At long last--enough bones for us all!',,LoL/Naafiri
'We hope you allow dogs... for your sake.',,LoL/Naafiri
'Little something to... Whet our teeth!',,LoL/Naafiri
"'Something to chew on, perhaps?'",,LoL/Naafiri
"'Move slowly, shopkeep. Wouldn't want to alarm us.'",,LoL/Naafiri
"'Do not fear, shopkeep... We only kill things that flee!'",,LoL/Naafiri
'Our tail wags.',,LoL/Naafiri
'The pack is grateful.',,LoL/Naafiri
"'Ahh yes, right behind the ears!'",,LoL/Naafiri
Naafiri sniffs. 'Smells like conflict. We must prepare!',,LoL/Naafiri
"'This is not slinking away, this is regrouping!'",,LoL/Naafiri
"'Let us rest elsewhere--never, where we feed.'",,LoL/Naafiri
'This is not the feeding hour. Not just yet...',,LoL/Naafiri
'Back to the den!',,LoL/Naafiri
'The knives pull us homeward; the pack abides.',,LoL/Naafiri
'A good hound never forgets the way home.',,LoL/Naafiri
'Tail... between... legs...',,LoL/Naafiri
'We smell... nothing...',,LoL/Naafiri
'Our hunger... fades.',,LoL/Naafiri
'The chase... ends...',,LoL/Naafiri
The pack howls.,,LoL/Naafiri
'They think us beaten... But we've got their scent now.',,LoL/Naafiri
'That was just... playing dead.',,LoL/Naafiri
'No time to lick wounds--we must bite the hand that struck us!',,LoL/Naafiri
'They take us for a lapdog. Let us show them our teeth!',,LoL/Naafiri
"'We stagger on, parched as the desert dunes.'",,LoL/Naafiri
'Famished. A meal would set us right...',,LoL/Naafiri
"'That which cannot die, will in time devour all.'",,LoL/Naafiri
"Naafiri gasps. 'Our pack has thinned, but what remains is stronger!'",,LoL/Naafiri
Taunt Start SFX,,LoL/Naafiri
Taunt Loop SFX,,LoL/Naafiri
Taunt Packmate Loop SFX,,LoL/Naafiri
Taunt Turn SFX,,LoL/Naafiri
Taunt Petting SFX,,LoL/Naafiri
Joke Packmate 1 Intro SFX,,LoL/Naafiri
Joke Packmate 2 Intro SFX,,LoL/Naafiri
Joke Loop SFX,,LoL/Naafiri
Joke Petting SFX,,LoL/Naafiri
Laugh Packmate SFX,,LoL/Naafiri
Dance Start SFX,,LoL/Naafiri
Dance Loop SFX,,LoL/Bel'Veth
Dance Flourish SFX,,LoL/Naafiri
Dance Flourish Packmate Bark SFX,,LoL/Naafiri
Dance Petting SFX,,LoL/Naafiri
Basic Attack Cast SFX,,LoL/Naafiri
Basic Attack Hit SFX,,LoL/Naafiri
Crit Attack Cast SFX,,LoL/Naafiri
Crit Attack Hit SFX,,LoL/Naafiri
We Are More Packmate In SFX,,LoL/Naafiri
We Are More Packmate Out SFX,,LoL/Naafiri
We Are More Packmate Out Trailing SFX,,LoL/Naafiri
Packmate Hounds' Pursuit Cast SFX,,LoL/Naafiri
Packmate Hounds' Pursuit Launch SFX,,LoL/Naafiri
Packmate Hounds' Pursuit Collision SFX,,LoL/Naafiri
Darkin Daggers Cast SFX,,LoL/Naafiri
Darkin Daggers Missile Launch SFX,,LoL/Naafiri
Darkin Daggers Hit SFX,,LoL/Naafiri
Darkin Daggers Bleed Activation SFX,,LoL/Naafiri
Darkin Daggers Bleed Deactivation SFX,,LoL/Naafiri
Darkin Daggers Recast Activation SFX,,LoL/Naafiri
Darkin Daggers Recast Deactivation SFX,,LoL/Naafiri
Darkin Daggers Recast Active SFX,,LoL/Naafiri
Hounds' Pursuit Cast SFX,,LoL/Naafiri
Hounds' Pursuit Warning SFX (target only),,LoL/Naafiri
Hounds' Pursuit Launch SFX,,LoL/Naafiri
Hounds' Pursuit Collision SFX,,LoL/Naafiri
Hounds' Pursuit Intercepted Collision SFX,,LoL/Naafiri
Eviscerate Cast SFX,,LoL/Naafiri
Eviscerate Hit SFX,,LoL/Naafiri
Eviscerate Flurry SFX,,LoL/Naafiri
The Call of the Pack Cast SFX (ally & enemy),,LoL/Naafiri
The Call of the Pack Cast SFX (self only),,LoL/Naafiri
The Call of the Pack First Activation SFX,,LoL/Naafiri
The Call of the Pack Second Activation SFX,,LoL/Naafiri
The Call of the Pack Active Loop SFX,,LoL/Naafiri
The Call of the Pack Expiration SFX,,LoL/Naafiri
Packmate Basic Attack Cast SFX,,LoL/Naafiri
Packmate Basic Attack Hit SFX,,LoL/Naafiri
Packmate Pounce Attack Cast on Minion SFX,,LoL/Naafiri
"Packmate Pounce Attack Cast on Darkin Dagger Hit SFX, Large Pack",,LoL/Naafiri
"Packmate Pounce Attack Cast on Darkin Dagger Hit SFX, Small Pack",,LoL/Naafiri
Packmate Pounce Attack End SFX,,LoL/Naafiri
Packmate Pounce Attack Trailing Footsteps SFX,,LoL/Naafiri
Recall Packmate SFX,,LoL/Naafiri
A stripped-down version of Star Guardian 2022's orchestral theme plays.,,LoL/Fiddlesticks
'It's hunting us. It knows what we're afraid of.',,LoL/Fiddlesticks
Fiddlesticks whistles breathlessly.,,LoL/Fiddlesticks
Fiddlesticks breathes raggedly.,,LoL/Fiddlesticks
'Don't be scared. It can't hurt you.',,LoL/Fiddlesticks
'To our end.',,LoL/Fiddlesticks
'Come closer. Closer...',,LoL/Fiddlesticks
'I hear crows.',,LoL/Fiddlesticks
'It moves around at night.',,LoL/Fiddlesticks
'All alone. Lost in the dark.',,LoL/Fiddlesticks
'I'll help you. Follow my voice...',,LoL/Fiddlesticks
'Is someone there?',,LoL/Fiddlesticks
'There's something in the field.',,LoL/Fiddlesticks
'I'm lost. Won't anybody help me?',,LoL/Fiddlesticks
'I'm so scared.',,LoL/Fiddlesticks
'See? It's just a scarecrow.',,LoL/Fiddlesticks
'Nothing to be afraid of.',,LoL/Fiddlesticks
'It's dark I can't find my way.',,LoL/Fiddlesticks
'Who's out there? Show yourself.',,LoL/Fiddlesticks
Fiddlesticks inhales and exhales twice.,,LoL/Fiddlesticks
Fiddlesticks makes an unpleasant noise.,,LoL/Fiddlesticks
Fiddlesticks makes a creaking noise.,,LoL/Fiddlesticks
Fiddlesticks takes a ragged breath.,,LoL/Fiddlesticks
Fiddlesticks gasps for breath.,,LoL/Fiddlesticks
Fiddlesticks breathes inwardly.,,LoL/Fiddlesticks
'I'm coming to help. Where are you? I can't see you. I. Can't. See you.',,LoL/Fiddlesticks
'High above the rotten rows. Cloth and metal. Teeth and crows.',,LoL/Fiddlesticks
'Through the field. Down the lane. Voices never heard again!',,LoL/Fiddlesticks
'Fiddlesticks is just a fable. A story to scare children.',,LoL/Fiddlesticks
'They haven't come back from the fields. It's been three days.',,LoL/Fiddlesticks
'Fid-dle-sticks. End of men. Fid-dle-sticks. First of ten!',,LoL/Fiddlesticks
'Once upon a time... once... upon a time!',,LoL/Fiddlesticks
Fiddlesticks rapidly gasps for breath.,,LoL/Fiddlesticks
Fiddlesticks laughs and breathes heavily.,,LoL/Fiddlesticks
'Annie... help me... Annie...',,LoL/Fiddlesticks
'Garen... brother... please don't hate me...',,LoL/Fiddlesticks
'Jinx! All your fault! All your fault!',,LoL/Fiddlesticks
'I'm always here. My. Little. Hero.',,LoL/Fiddlesticks
'Guilty. Guilty. Guilty.',,LoL/Fiddlesticks
'Vannis... don't hurt her...',,LoL/Fiddlesticks
'Vayne. Give... us... a smile...',,LoL/Fiddlesticks
'Brother... how could you... betray us?',,LoL/Fiddlesticks
'De... ma... ci... a.',,LoL/Fiddlesticks
Fiddlesticks makes an amused noise.,,LoL/Fiddlesticks
Fiddlesticks makes a confused noise.,,LoL/Fiddlesticks
'Don't open your eyes!',,LoL/Fiddlesticks
'Are you afraid?',,LoL/Fiddlesticks
'Don't leave me!',,LoL/Fiddlesticks
'It won't die!',,LoL/Fiddlesticks
'Let me in!',,LoL/Fiddlesticks
'We can't get out!',,LoL/Fiddlesticks
'Open the door!',,LoL/Fiddlesticks
'It's in the house!',,LoL/Fiddlesticks
Fiddlesticks makes a croaking sound.,,LoL/Fiddlesticks
Fiddlesticks mimics panicked breathing.,,LoL/Fiddlesticks
Fiddlesticks imitates the noise of an animal.,,LoL/Fiddlesticks
Fiddlesticks cackles excitedly and raggedly.,,LoL/Fiddlesticks
Fiddlesticks screeches like a crow.,,LoL/Fiddlesticks
Fiddlesticks mimics a whinny.,,LoL/Fiddlesticks
Fiddlesticks repeatedly grunts intensely.,,LoL/Fiddlesticks
Fiddlesticks laughs unpleasantly.,,LoL/Fiddlesticks
Fiddlesticks makes a squealing noise.,,LoL/Fiddlesticks
'It's still out there.',,LoL/Fiddlesticks
'You're not... real...',,LoL/Fiddlesticks
'Just a story...',,LoL/Fiddlesticks
Fiddlesticks sighs with ragged breath.,,LoL/Fiddlesticks
'Annie... don't let go...',,LoL/Fiddlesticks
'Lamb... tell me a story...',,LoL/Fiddlesticks
'Little light. Little light.',,LoL/Fiddlesticks
"'Hide, Sarah... hide...'",,LoL/Fiddlesticks
'Willump... I'll save you...',,LoL/Fiddlesticks
'What is broken... can be reforged...',,LoL/Fiddlesticks
'Stars... hear me...',,LoL/Fiddlesticks
'Share... and... share... alike...',,LoL/Fiddlesticks
'The dark should fear me...',,LoL/Fiddlesticks
'Follow the wind...',,LoL/Fiddlesticks
'The scarecrow took them all. Nobody left. But me.',,LoL/Fiddlesticks
'What is that? What is that?',,LoL/Fiddlesticks
"A shortened, corrupted version of Star Guardian 2022's orchestral theme plays.",,LoL/Fiddlesticks
Fiddlesticks laughs raggedly.,,LoL/Fiddlesticks
Fiddlesticks laughs dryly.,,LoL/Fiddlesticks
'It's not dead.',,LoL/Fiddlesticks
'Reap and sow. Reap and sow.',,LoL/Fiddlesticks
"'Hey there, kids! Say hello to your old pal... Fiddlesticks!'",,LoL/Fiddlesticks
'Send in... the clown.',,LoL/Fiddlesticks
'Let's get this surprise party started!',,LoL/Fiddlesticks
'Is everybody happy?',,LoL/Fiddlesticks
'Anybody want a balloon animal?!',,LoL/Fiddlesticks
'They'll laugh! They'll cry! They'll die!',,LoL/Fiddlesticks
'No one ever asks 'How's the evil clown?'',,LoL/Fiddlesticks
'I believe the word you're looking for is... coulrophobia.',,LoL/Fiddlesticks
'Laughter is the best medicine.',,LoL/Fiddlesticks
'There's a clown on the loose? Where?',,LoL/Fiddlesticks
'I put my giant shoes on one peg leg at a time.',,LoL/Fiddlesticks
'Like the gloves? Be sure to give 'em a hand!',,LoL/Fiddlesticks
'The end... is near.',,LoL/Fiddlesticks
'Today we're gonna party and the party won't stop!',,LoL/Fiddlesticks
'I'm Fiddlesticks and I'm my own thing.',,LoL/Fiddlesticks
'Get a load of my comic antics.',,LoL/Fiddlesticks
'What joy. What terror!',,LoL/Fiddlesticks
'It's deadly fun... to play the fool.',,LoL/Fiddlesticks
"'With Fiddlesticks, every party is killer!'",,LoL/Fiddlesticks
'This surprise party is just gettin' started.',,LoL/Fiddlesticks
'I'm a real social butterfly.',,LoL/Fiddlesticks
'Did someone order a clown-o-gram?',,LoL/Fiddlesticks
'Will everyone die? Let's party and find out.',,LoL/Fiddlesticks
'Life is a party. Die for it.',,LoL/Fiddlesticks
'A little celebrating never killed anyone.',,LoL/Fiddlesticks
"'Live for today, plan for tomorrow, and die tonight!'",,LoL/Fiddlesticks
'Maybe the real surprise was the friends we killed along the way.',,LoL/Fiddlesticks
"Fiddlesticks lets out escalating, maniacal laughs.",,LoL/Fiddlesticks
Fiddlesticks sings the tune of a clown circus.,,LoL/Fiddlesticks
'You know it's the laughter that keeps me going. And the screams!',,LoL/Fiddlesticks
"'Must've caught something. I've been feeling a little... funny, lately!'",,LoL/Fiddlesticks
"'Who's the special birthday kid, hm? Everybody?! Now that's what I like to hear!'",,LoL/Fiddlesticks
"'I haven't got a brain, and soon... neither will anyone else!'",,LoL/Fiddlesticks
'It's the most fun in the park... when you're laughing in the dark.',,LoL/Fiddlesticks
'Clowning is an art. An art I take... very seriously.',,LoL/Fiddlesticks
"'The laughter never dies. It's real, it's strong, and it's my friend!'",,LoL/Fiddlesticks
"'Is it a demon, or is it a clown? Let's try a lot of both!'",,LoL/Fiddlesticks
'I used to think life was a comedy. Now I know... it's a horror show!',,LoL/Fiddlesticks
'The worst part of clowning? No life insurance.',,LoL/Fiddlesticks
"'Hello, little boy. Are you afraid of clowns?'",,LoL/Fiddlesticks
"'Hello, little girl. Not afraid ofclownsare you?'",,LoL/Fiddlesticks
"'Kiss me, fat man!'",,LoL/Fiddlesticks
"'Nice key you got there, twilight. Didn't steal it from someone dangerous did you?'",,LoL/Fiddlesticks
'What the hell are you supposed to be? Nobody ordered a cake! Get out!',,LoL/Fiddlesticks
"'You just understand me, meme robot and horrible, tiny child.'",,LoL/Fiddlesticks
'Put on your party dress and die.',,LoL/Fiddlesticks
'You're gonna be the life of the party!',,LoL/Fiddlesticks
'Yeah taunt the demon clown. That always works out great.',,LoL/Fiddlesticks
'Wanna hear a joke? It's a riot!',,LoL/Fiddlesticks
"'Sorry, I'm... really fallin' apart out here.'",,LoL/Fiddlesticks
"'Unless you've got some deeply creative clown puns, I'm not interested.'",,LoL/Fiddlesticks
Fiddlesticks shouts sharply.,,LoL/Fiddlesticks
'Welcome to clown town!',,LoL/Fiddlesticks
'I'm not clownin' around!',,LoL/Fiddlesticks
'Time to cut the cake!',,LoL/Fiddlesticks
'Open your presents!',,LoL/Fiddlesticks
'I'm a real cut-up.',,LoL/Fiddlesticks
'Are you down with the clown?',,LoL/Fiddlesticks
'Here comes the clown show!',,LoL/Fiddlesticks
'Blow out the candles!',,LoL/Fiddlesticks
'It's somebody's special day!',,LoL/Fiddlesticks
'Here's a funny trick!',,LoL/Fiddlesticks
"'Knock, knock! Who's there?'",,LoL/Fiddlesticks
'And many moooore!',,LoL/Fiddlesticks
'The spotlight's on you!',,LoL/Fiddlesticks
'I crave laughter.',,LoL/Fiddlesticks
'Let's turn that frown upside down.',,LoL/Fiddlesticks
'Wanna see a party trick?',,LoL/Fiddlesticks
'Having fun yet?',,LoL/Fiddlesticks
'Want a balloon?',,LoL/Fiddlesticks
'Clowns are always happy.',,LoL/Fiddlesticks
'You're in clown country.',,LoL/Fiddlesticks
Fiddlesticks makes nomming noises.,,LoL/Fiddlesticks
Fiddlesticks laughs maniacally.,,LoL/Fiddlesticks
'Hey there. Wanna party?',,LoL/Fiddlesticks
'I could use a light snack.',,LoL/Fiddlesticks
'Do the monster mash.',,LoL/Fiddlesticks
'You'll make some lovely gift bags.',,LoL/Fiddlesticks
'Gimme those party favors!',,LoL/Fiddlesticks
'Clowns. Their only weakness.',,LoL/Fiddlesticks
'There's only room for one monster out here!',,LoL/Fiddlesticks
'These monsters just aren't up to par... ty. Eh? Eh?!',,LoL/Fiddlesticks
'Welcome to the party! Now DIE!',,LoL/Fiddlesticks
"'Soon, we'll have enough clowns for a circus!'",,LoL/Fiddlesticks
"'Tell me if you see anything, eh?'",,LoL/Fiddlesticks
"'Don't be a dummy, dummy!'",,LoL/Fiddlesticks
'People love finding clowns in the dark.',,LoL/Fiddlesticks
'Remember to say 'Surprise!'',,LoL/Fiddlesticks
'I've got fifty more in the clown car!',,LoL/Fiddlesticks
'Like lookin' in a mirror.',,LoL/Fiddlesticks
"'You're on thin ice, Mr. Giggles.'",,LoL/Fiddlesticks
'Let me top myself off!',,LoL/Fiddlesticks
'Drink it aaall in!',,LoL/Fiddlesticks
'Gimme the juuuice!',,LoL/Fiddlesticks
"'Hey there, kids.'",,LoL/Fiddlesticks
Fiddlesticks laughs loudly and maniacally.,,LoL/Fiddlesticks
'Aw... all tuckered out.',,LoL/Fiddlesticks
'Someone's had too much excitement.',,LoL/Fiddlesticks
"'Oh, lighten up. It's just a joke!'",,LoL/Fiddlesticks
'The world will never know a greater clown than you.',,LoL/Fiddlesticks
'Here's your nose and rainbow wig. You earned 'em!',,LoL/Fiddlesticks
'Who's the clown now?',,LoL/Fiddlesticks
'I had a blast. Let's do it again next year!',,LoL/Fiddlesticks
'Well? Were you surprised?',,LoL/Fiddlesticks
'And what a party it was.',,LoL/Fiddlesticks
'Careful with those birthdays. Too many can kill you!',,LoL/Fiddlesticks
'Well. I think it's time to bring joy back into the world.',,LoL/Fiddlesticks
'That... was a total clown fiesta. I love it!',,LoL/Fiddlesticks
"'Don't worry, kids! Fiddlesticks will be right back.'",,LoL/Fiddlesticks
"'Everyone, take your places! When I get back, we'll unveil a big surprise.'",,LoL/Fiddlesticks
'It's my party and everyone will die if I want them to!',,LoL/Fiddlesticks
Fiddlesticks laughs with its last breath.,,LoL/Fiddlesticks
Fiddlesticks rattles and honks.,,LoL/Fiddlesticks
'That wasn't funny.',,LoL/Fiddlesticks
'I'm not laughing anymore.',,LoL/Fiddlesticks
'This is the part where things get a little... dark.',,LoL/Fiddlesticks
Fiddlesticks makes a mechanical noise.,,LoL/Fiddlesticks
'The crows are circling... ',,LoL/Fiddlesticks
'Why aren't you afraid?!',,LoL/Fiddlesticks
'Sink 'em all.',,LoL/Pyke
'My list just got longer.',,LoL/Pyke
'Hard day's killin' ahead.',,LoL/Pyke
"'Ain't no high ground high enough, not for the storm that's brewin'.'",,LoL/Pyke
"'I was born where monsters die, I died where monsters are born.'",,LoL/Pyke
"'I've killed a lot of monsters, none of them lived in the sea.'",,LoL/Pyke
"'Been to the bottom of the sea, gets a little deeper each time.'",,LoL/Pyke
"'Keep a man down long enough, and the gutter becomes his kingdom.'",,LoL/Pyke
"'Went too deep, part of me is still down there... swimming...'",,LoL/Pyke
'There's plenty of room for everyone at the bottom of the sea.',,LoL/Pyke
"'We're already on the menu, all we gotta do is crawl in the pot... Boil.'",,LoL/Pyke
'Every kill makes the voices louder... and I looove what they're screaming.',,LoL/Pyke
"'We're already drownin', all we gotta do is open our mouths and let the water in...'",,LoL/Pyke
"'No one's honest, 'til they get a knife in their gut.'",,LoL/Pyke
"'The rich man's a lyin' man, the lyin' man's... a dyin' man...'",,LoL/Pyke
'Learn to breathe sand and nothing'll stop ya.',,LoL/Pyke
'I got dragged to the heart of the world... cold down there.',,LoL/Pyke
"'Been buried alive, sand gets everywhere.'",,LoL/Pyke
'The sea of sand pulls everyone down.',,LoL/Pyke
"'Sand runs through my veins, can't hear my heart no more.'",,LoL/Pyke
'Salt water flows through my veins.',,LoL/Pyke
"'Sometimes a shark takes the bait, and sinks the whole ship.'",,LoL/Pyke
'People can drown pretty much anywhere.',,LoL/Pyke
'Tasted a good life once... Needed salt...',,LoL/Pyke
'Deep folk have a way with persuasion.',,LoL/Pyke
"'Leviathans learn. People, I'm not so sure about.'",,LoL/Pyke
"'Killing, feels like home.'",,LoL/Pyke
'Madness lurks below.',,LoL/Pyke
'Nasty people meet nasty ends.',,LoL/Pyke
'Everyone's fighting to keep their heads above water.',,LoL/Pyke
'The surface won't be the top much longer.',,LoL/Pyke
"'Land folk think they're so smart, let's see 'em breathe underwater.'",,LoL/Pyke
"'We took too much, I'm collecting the debt.'",,LoL/Pyke
'Never trust anyone who cowers behind a desk.',,LoL/Pyke
'World don't do fair and equal... but I do.',,LoL/Pyke
"'I got friends everywhere, especially in the depths.'",,LoL/Pyke
'Everyone's got a million apologies in 'em.',,LoL/Pyke
'I look down on the world from the bottom of the sea.',,LoL/Pyke
'My mind ain't all my own these days.',,LoL/Pyke
'Dragon-sharks got teeth the size of butcher knives.',,LoL/Pyke
"'I seen what lurks below, lots of eyes...'",,LoL/Pyke
"'Solid ground, feels too stable.'",,LoL/Pyke
"'Sink like an anchor, float like rum.'",,LoL/Pyke
'No oneswims in the same waters as me.',,LoL/Pyke
'My kill list never gets shorter.',,LoL/Pyke
"'There's no sunken cities, just the swimming one.'",,LoL/Pyke
'I am not the only one who wants revenge on everyone.',,LoL/Pyke
'The deeper I sank the less I died.',,LoL/Pyke
'Drowned madness walks the land.',,LoL/Pyke
'Everyone's gotta sink sometime.',,LoL/Pyke
'I'm still lost at sea.',,LoL/Pyke
'Monsters lurk above the waves.',,LoL/Pyke
'Hard-handed folk deserve a better death.',,LoL/Pyke
'I want to watch the world drown.',,LoL/Pyke
"'I floated all the way to the bottom, found there ain't none.'",,LoL/Pyke
"'I sank so deep, there was no up or down.'",,LoL/Pyke
"'Captains told me to kill fish, fish told me to kill captains, makes sense.'",,LoL/Pyke
'Kill until it all sinks...',,LoL/Pyke
'The world saw me drowning... and didnothing!',,LoL/Pyke
'Last thing I ever drank was priceless.',,LoL/Pyke
'Bottom of the sea's the top of another world.',,LoL/Pyke
"'Went too deep, the deep came back with me.'",,LoL/Pyke
"'The war's brewing, I chose my side.'",,LoL/Pyke
'Captainsalwaysfavor the ship over the crew.',,LoL/Pyke
"'Used to call 'em monsters, but they changed my mind.'",,LoL/Pyke
'My new bosses don't care about gold.',,LoL/Pyke
"'Everyone sinks, till they don't no more.'",,LoL/Pyke
'The sea is everywhere I go.',,LoL/Pyke
"'Work hard, die fast! The other way is worse...'",,LoL/Pyke
'Not sure whose revenge I'm getting... Don't care!',,LoL/Pyke
'Iknowwho I am... mostly...',,LoL/Pyke
'No one's been lower than me.',,LoL/Pyke
'The only good captain's a drowned captain.',,LoL/Pyke
'The bottom of the ocean ain't no part of this world.',,LoL/Pyke
'We'll all be underwater soon.',,LoL/Pyke
'Don't know where I end and the depths begin.',,LoL/Pyke
'Krakens cry when you slice their throats... haunting sound.',,LoL/Pyke
'The crew on The Terror watched me get swallowed by a monster!',,LoL/Pyke
"'Sands shift with the wind, on a whim.'",,LoL/Pyke
'Monsters lurk beneath our feet.',,LoL/Pyke
'The under-dune's got a plan.',,LoL/Pyke
'Dunes have a way of sneaking around.',,LoL/Pyke
'Pretty face... Shame if someone stuck a harpoon in it.',,LoL/Pyke
'Last vesselyou'llcommand is a coffin.',,LoL/Pyke
'Let's see if you got guts as big as your guns.',,LoL/Pyke
'Heard a lot of 'last words'... forgot 'em all.',,LoL/Pyke
'Oh look... your name's on the manifest.',,LoL/Pyke
'I'm gonna dragyoudown to the swimmingcity!',,LoL/Pyke
'Got a hook with your name on it.',,LoL/Pyke
"'You're not on my list yet, keep it that way... Oh, wait, I wrote it on the back.'",,LoL/Pyke
"'I don't like you, I like them less.'",,LoL/Pyke
'You're growing on me... like a barnacle... on my ass...',,LoL/Pyke
"'You're on the list... but at the very,verybottom.'",,LoL/Pyke
'Let's see you get mouthy with a harpoon in your neck.',,LoL/Pyke
'Huh? No... Where's-- ugh. No. Why?',,LoL/Pyke
'Hard to laugh with a hook through the cheek.',,LoL/Pyke
'Let the water drag you under.',,LoL/Pyke
'Hope you're a swimmer.',,LoL/Pyke
'Drag 'em under.',,LoL/Pyke
'Tire 'em out!',,LoL/Pyke
'Get your hands dirty!',,LoL/Pyke
'Breathe the brine!',,LoL/Pyke
'I see shark food.',,LoL/Pyke
'Gonna sink ya.',,LoL/Pyke
'Never turn your back on the sea.',,LoL/Pyke
'Good luck treading water.',,LoL/Pyke
'No one's innocent.',,LoL/Pyke
'I smell panic...',,LoL/Pyke
'Chop 'em to bits.',,LoL/Pyke
'You watched me drown!',,LoL/Pyke
'Sinktill you float.',,LoL/Pyke
'One. Last. Breath.',,LoL/Pyke
'You got clean hands.',,LoL/Pyke
'We are owed blood.',,LoL/Pyke
'You cut my line!',,LoL/Pyke
'I will take my fair share.',,LoL/Pyke
'Smells like fancy captain.',,LoL/Pyke
"'Soft hands, soft life!'",,LoL/Pyke
'Gulp your last breath!',,LoL/Pyke
'You gone too deep.',,LoL/Pyke
'Time to chum the waters.',,LoL/Pyke
'Nobody threw me a line.',,LoL/Pyke
'Hack 'em up!',,LoL/Pyke
'Show me your hands.',,LoL/Pyke
'The deep'll crush you.',,LoL/Pyke
'Float to the bottom.',,LoL/Pyke
'They said you ain't innocent.',,LoL/Pyke
'Swim or sink.',,LoL/Pyke
'Bleed 'em out!',,LoL/Pyke
'I remember your face.',,LoL/Pyke
'I'll carve you some gills!',,LoL/Pyke
'Split 'em open!',,LoL/Pyke
"'Kick all you want, don't matter.'",,LoL/Pyke
'Deep water is calling...',,LoL/Pyke
'Gotcha by the guts!',,LoL/Pyke
'Gotta keep my hooks rusty.',,LoL/Pyke
'Sandstorm's blowin' in.',,LoL/Pyke
'Got silt in your mouth.',,LoL/Pyke
'Quicksand's pulling you under.',,LoL/Pyke
'Sand in your eyes.',,LoL/Pyke
"'Hah, 'warmother' means 'captain.''",,LoL/Pyke
"'Big beast, biiig payday...'",,LoL/Pyke
"'Your sermons damned me, Illaoi.'",,LoL/Pyke
'Art's for fancy dead folk.',,LoL/Pyke
"'You betrayedme, Kalista.'",,LoL/Pyke
'No. More. Captains.',,LoL/Pyke
'Swim faster than they run.',,LoL/Pyke
'Fog's rolling in.',,LoL/Pyke
'Deep below the surface.',,LoL/Pyke
'Kicking ain't swimming.',,LoL/Pyke
'Misty out there...',,LoL/Pyke
'Swim between the air.',,LoL/Pyke
'Heartbeats carry underwater.',,LoL/Pyke
'Out of the murk!',,LoL/Pyke
'I am the deep!',,LoL/Pyke
'Gonna get 'em!',,LoL/Pyke
'Hushhh... rest now.',,LoL/Pyke
'Sink with me.',,LoL/Pyke
'Welcome to the swimming city.',,LoL/Pyke
'Drink it in...',,LoL/Pyke
"'Yessss, let the water fill you...'",,LoL/Pyke
'No thrashing... Sleeeep...',,LoL/Pyke
'Welcome to the abyss.',,LoL/Pyke
'Something for your effort.',,LoL/Pyke
"'Part of the kill, part of the gold.'",,LoL/Pyke
'I ain't greedy.',,LoL/Pyke
"'I get mine, you get yours.'",,LoL/Pyke
'You pulled your weight.',,LoL/Pyke
'Crews share the wealth.',,LoL/Pyke
'Here is your share.',,LoL/Pyke
Plays on first and second execution in sequence (First/Double Kill),,LoL/Pyke
Plays on third execution in sequence (Triple Kill),,LoL/Pyke
Plays on fourth execution in sequence (Quadra Kill),,LoL/Pyke
Plays on fifth execution in sequence (Pentakill),,LoL/Pyke
Plays on first execution in sequence (First Kill),,LoL/Pyke
Plays on second execution in sequence (Double Kill),,LoL/Pyke
'Another name off the list.',,LoL/Pyke
'Finally quit kickin'.',,LoL/Pyke
'Butcher's bill came due.',,LoL/Pyke
'Now to dump the body.',,LoL/Pyke
'Welcome to the water.',,LoL/Pyke
'Sunk beneath the sands...',,LoL/Pyke
'Welcome to the under-dune.',,LoL/Pyke
'Buried 'em deep.',,LoL/Pyke
'No fancy tomb for you.',,LoL/Pyke
'Sand to sand.',,LoL/Pyke
'Three souls lost!',,LoL/Pyke
'Four to the swimming city.',,LoL/Pyke
'Did I 'support' right?',,LoL/Pyke
'Big day for the old murder list!',,LoL/Pyke
'There's no way I'm good for business.',,LoL/Pyke
'What's worth more? A pound of flesh or a gallon of blood?',,LoL/Pyke
'Can't lose sight of 'em.',,LoL/Pyke
'Lure 'em in.',,LoL/Pyke
'Keep 'em in sight.',,LoL/Pyke
'Light in the murk.',,LoL/Pyke
'Light in the deep.',,LoL/Pyke
'Kill with one eye open.',,LoL/Pyke
'I got no blind spots.',,LoL/Pyke
'Never leave their eyeline.',,LoL/Pyke
'Keeps the fog away.',,LoL/Pyke
'Got myeyeon you.',,LoL/Pyke
'Like an angler-shark.',,LoL/Pyke
'Nothing swims past me.',,LoL/Pyke
'Sun don't shine here no more.',,LoL/Pyke
Pyke chuckles to himself. 'Leave 'em in the dark.',,LoL/Pyke
'Cut the strings before they can pull 'em.',,LoL/Pyke
'Now they got blind spots.',,LoL/Pyke
'Salt in their eyes.',,LoL/Pyke
'They can't see nothin' underwater.',,LoL/Pyke
'Sunk the buoy.',,LoL/Pyke
'Darker than a captain's soul.',,LoL/Pyke
'Hit that one!',,LoL/Pyke
'Take 'em down!',,LoL/Pyke
'Needed extra hands.',,LoL/Pyke
'A crew comes in handy sometimes.',,LoL/Pyke
'Sometimes you need an extra hand.',,LoL/Pyke
'Backup would'a helped.',,LoL/Pyke
'I work better with a crew.',,LoL/Pyke
'Be right back.',,LoL/Pyke
'Don't get yourself killed.',,LoL/Pyke
'Going to work...',,LoL/Pyke
"'Going under for a breath, don't wait up.'",,LoL/Pyke
'Swimming city's calling.',,LoL/Pyke
'Current takes me where I need to go.',,LoL/Pyke
Pyke grunts and chuckles.,,LoL/Pyke
'I ain't finished yet.',,LoL/Pyke
"'I'm already dead, more death ain't gonna hurt.'",,LoL/Pyke
'Death keeps spitting me right back out.',,LoL/Pyke
'I don't feel quite like myself these days.' Pyke chuckles menacingly.,,LoL/Pyke
'Revenge... then all of this ends.',,LoL/Pyke
"'You all left me to die, in a hundred different ways, with a thousand different faces.'",,LoL/Pyke
'Faces everywhere... all screaming...',,LoL/Pyke
'I am real. I... am real.',,LoL/Pyke
'Too many voices... all chattering...',,LoL/Pyke
'There were more of us before.',,LoL/Pyke
'This mind is not my own.',,LoL/Pyke
'Trapped in someone else's memory.',,LoL/Pyke
'Maybe this is real... No! Don't trust it!',,LoL/Pyke
'Can't delete me now. Too deep in the network.',,LoL/Pyke
'What are you saying? Yeah. Yes...',,LoL/Pyke
'I'm not what I am anymore.',,LoL/Pyke
'I remember... nothing! It's gone.',,LoL/Pyke
'Just a ghost... haunting the machine.',,LoL/Pyke
'Had to take their parts... rebuild my brain...',,LoL/Pyke
"'What's that?' Pyke grunts. 'No, no, they weren't.'",,LoL/Pyke
'I'm just a projection... a projection.',,LoL/Pyke
'Whole system's compromised.',,LoL/Pyke
'Everyone was there. And... not there.',,LoL/Pyke
'Can't unplug. Can't path straight.',,LoL/Pyke
'No one gets out. Nobody walks away.',,LoL/Pyke
'It's all simulated. Every part of it.',,LoL/Pyke
'Clean up the code. Strip it lean.',,LoL/Pyke
'They made us... perfect... violent...',,LoL/Pyke
'Never been here before... but last time I was... it was just the same.',,LoL/Pyke
"'They killed life, then truth, then death. This place is hell.'",,LoL/Pyke
'This is the true face of PROJECT. Take a good look.',,LoL/Pyke
'The simulation's more real than reality. Just the way they want it.',,LoL/Pyke
'Man... from machine. Machine... into god.',,LoL/Pyke
'Ghost code. Crossed wires. Voices... buried in the numbers.',,LoL/Pyke
'I can almost remember what I used to be. But I know what I've become.',,LoL/Pyke
'I think I knew me once before... somewhere.',,LoL/Pyke
'Like flipping trough a picture book... with too many pictures!',,LoL/Pyke
"'Always knew you were a turncoat, Akali.'",,LoL/Pyke
"'You wanna stop PROJECT, but you're covered in their upgrades. Real smart.'",,LoL/Pyke
"'You're not taking orders from PROJECT anymore, are ya? Serves 'em right.'",,LoL/Pyke
Pyke chuckles. ''Hacker'. I'll show you a hacker.',,LoL/Pyke
'I like that sword. I'm gonna cut off your arm and take it!',,LoL/Pyke
"'Too dangerous, Irelia? Wasn't too dangerous when you needed my help.'",,LoL/Pyke
"'Look at all those upgrades, Jhin. I think I'll take 'em.'",,LoL/Pyke
"'Let's see who pulls your strings, Jinx.'",,LoL/Pyke
"'Katarina! I'll cut off that pretty head, and pull out all of PROJECT's secrets.'",,LoL/Pyke
'Fancy shield... too fancy. You're one of them!',,LoL/Pyke
"'I know you, Program. Billions of ones and zeros. Zero us all out.'",,LoL/Pyke
Pyke laughs maniacally. 'So you're Lucian. Met a ghost who says she's your wife.',,LoL/Pyke
'Yi was the first. I saw him... saw what they did...' Pyke laughs menacingly.,,LoL/Pyke
"'Tin can man. Gonna cut him open, like a big tin can.'",,LoL/Pyke
"'You were part of it, Vayne. You made me this way. And now, you'll die for it.'",,LoL/Pyke
'If you wanna help people so much... explain your sister.',,LoL/Pyke
'Warwick. They made you their dog.',,LoL/Pyke
'Yasuo! Once a PROJECT always a PROJECT!',,LoL/Pyke
Pyke grunts. 'Killed me? Who killed me?Zed.' Pyke snarls. 'His name... was Zed.',,LoL/Pyke
'You were there when they changed me... when they made me a monster.',,LoL/Pyke
'Your code. My code. Pulled by the same strings.',,LoL/Pyke
'More bodies for the scrap heap.',,LoL/Pyke
'Make me feel alive again!',,LoL/Pyke
'Big words... for a hologram.',,LoL/Pyke
'You get a snake! And you get a snake! Everybody gets a snake!',,LoL/Pyke
Pyke laughs mockingly. 'Funny.',,LoL/Pyke
Pyke plays an electronic guitar riff.,,LoL/Pyke
'I remember everything.',,LoL/Pyke
'Quit your staring.',,LoL/Pyke
'Break you down for parts.',,LoL/Pyke
'What did you say?!',,LoL/Pyke
'Gotta cut out your optics!',,LoL/Pyke
'We'll see how real you are!',,LoL/Pyke
"'It was you, I know it!'",,LoL/Pyke
'What did you do to me?!',,LoL/Pyke
'Tell me what I am!',,LoL/Pyke
'...seen those eyes before.',,LoL/Pyke
'Don't look at me!',,LoL/Pyke
'Killed you before.',,LoL/Pyke
'Kill you again!',,LoL/Pyke
'You're one of 'em.',,LoL/Pyke
'Who am I?',,LoL/Pyke
'I've seen you before.',,LoL/Pyke
'What's hiding under that skin?',,LoL/Pyke
'You're in my kill zone!',,LoL/Pyke
'You got upgrades I need.',,LoL/Pyke
'Stop screaming at me.',,LoL/Pyke
'You know who I am.',,LoL/Pyke
'I'll hack off those limbs!',,LoL/Pyke
'Stop following me.',,LoL/Pyke
'You're not real!',,LoL/Pyke
'Let's see if you bleed.',,LoL/Pyke
'Rip out your circuits!',,LoL/Pyke
'I know your face!',,LoL/Pyke
'What do you want?!',,LoL/Pyke
'Tear out your wires.',,LoL/Pyke
'Knew you were one of 'em!,,LoL/Pyke
"'I'll show you dangerous, Irelia!'",,LoL/Pyke
"'My voices don't like your voices, Jinx.'",,LoL/Pyke
'Just another dog now!',,LoL/Pyke
'PROJECT thought I was dead. They were right!',,LoL/Pyke
'I'm always down here.',,LoL/Pyke
'I'll make 'em remember.',,LoL/Pyke
'Can't run from a memory.',,LoL/Pyke
'Dark mode engage.',,LoL/Pyke
'A ghost in the dark...',,LoL/Pyke
'No one forgets.',,LoL/Pyke
'Why are you running?!',,LoL/Pyke
'I never left!',,LoL/Pyke
'Look at me!',,LoL/Pyke
'You know me!',,LoL/Pyke
'Take this and run.',,LoL/Pyke
'Something to remember me by.',,LoL/Pyke
'You're part of this now.',,LoL/Pyke
'You remind me of someone.',,LoL/Pyke
'That was good... whatever we did.',,LoL/Pyke
'This mean something to you?',,LoL/Pyke
'Look at me. Why won't you look at me?',,LoL/Pyke
'Speak! Tell me what you did to me.',,LoL/Pyke
'Just an afterimage... trick of the light...',,LoL/Pyke
'I know your face. I know your face. I know your face.',,LoL/Pyke
'You're not real. None of this is real.',,LoL/Pyke
'What was that thing you always said? What wa-? What was that thing?',,LoL/Pyke
'Turncoats die. PROJECT dies with 'em.',,LoL/Pyke
"'You're dead, I'm alive. Now who's dangerous?'",,LoL/Pyke
'My voices win. Your voices die.',,LoL/Pyke
"'Don't worry, Warwick. I'll... remember you...'",,LoL/Pyke
'Blame your cheap-ass upgrades.',,LoL/Pyke
'Now you're all dead. Just like I was.',,LoL/Pyke
'Have to use what you find--' Pyke chuckles. '...to survive...',,LoL/Pyke
'It's just like back then. Back when...' Pyke chuckles.,,LoL/Pyke
"'They come lookin' for us, we'll be ready.'",,LoL/Pyke
'Gotta keep an eye out. That's what they used to say.',,LoL/Pyke
'Nothing gets too close. Nothing else gets in.',,LoL/Pyke
"'They came through here when they... or, was it there...?'",,LoL/Pyke
'Don't let 'em catch me... take me apart again.' Pyke chuckles.,,LoL/Pyke
'Leave enough scrap out here and someone's gonna find it.',,LoL/Pyke
'Come on out! We've got a city to burn!',,LoL/Pyke
'I'm not the only monster PROJECT left behind.' Pyke laughs maniacally.,,LoL/Pyke
'See you... soon...',,LoL/Pyke
'The voices... stopped...',,LoL/Pyke
'Brain function restored. Memory... incomplete.',,LoL/Pyke
'Reinitializing. Errors... found.',,LoL/Pyke
'I was dreaming... of flowers...',,LoL/Pyke
'The voices are a trail... like chum in the water... and I've got their scent.',,LoL/Pyke
'Snuff the Pykes out one by one. Then it'll be quiet.',,LoL/Pyke
'Foreglow's bleeding me dry... can't stop it. But I'll take every Pyke with me.',,LoL/Pyke
'New colors in this realm... Wonder what blood looks like.',,LoL/Pyke
'Every realm could use a little slash and burn.' Pyke chuckles menacingly.,,LoL/Pyke
'How many realms have I skewered on my blade? I lost count.',,LoL/Pyke
'Feel the Pykes in every realm... permanently.',,LoL/Pyke
'Are the whispers real... or is my brain cooked?',,LoL/Pyke
'Eyes pop with enough heat.',,LoL/Pyke
'Realms... bleedin' together...',,LoL/Pyke
'I'm Pyke... still Pyke... still... Pyke...',,LoL/Pyke
"'Can you feel me, Pyke? I'm comin'.'",,LoL/Pyke
'I'll rest in silence.',,LoL/Pyke
'This realm wants to die.',,LoL/Pyke
'When a door closes... burn the house down.',,LoL/Pyke
'A cut throat has no voice.',,LoL/Pyke
'I follow no one.',,LoL/Pyke
'You Pykes whisper out of fear - fear that I'll find you.',,LoL/Pyke
'Keep whispering. I'll find you all.',,LoL/Pyke
"'The universe saw me burning, and did nothing!'",,LoL/Pyke
'I'm not talking to myself.They'retalking to me.',,LoL/Pyke
'Always liked burning bridges.',,LoL/Pyke
'Space and time don't do fair and equal.',,LoL/Pyke
"'Condemned, damned, dying...'",,LoL/Pyke
'Every realm's full of the same trash!',,LoL/Pyke
"'Fire, eating away everything...'",,LoL/Pyke
'Never forget the smell of a burning body.',,LoL/Pyke
'Foreglow brought out my true colors.',,LoL/Pyke
'I look how I feel.',,LoL/Pyke
'Never wanted brothers. Pykes are worse.',,LoL/Pyke
"'Bathe in fire, sleep in ash.'",,LoL/Pyke
"'Not the only Pyke, but Iwillbe the last.'",,LoL/Pyke
'Empyrean. Fancy word for 'nothing to lose.'',,LoL/Pyke
'Nothing like watching the light leave your own eyes.',,LoL/Pyke
"'Pyke kills Pyke, kills Pyke, kills Pyke.' Pyke chuckles.",,LoL/Pyke
'Universe is cruel. Why should I be any different?',,LoL/Pyke
'Tried going home once... only ash and darkness now.',,LoL/Pyke
'I see things in the Foreglow... shadows... faces with no names...',,LoL/Pyke
"'A realm dies, and an Empyrean's born.' Pyke scoffs. 'Cosmic joke.'",,LoL/Pyke
'Lookin' for Pyke... but you'll do.',,LoL/Pyke
'I'll show you colors you've never seen!',,LoL/Pyke
'You're a coward in this realm too?',,LoL/Pyke
"'Oh, you'll burn easy!'",,LoL/Pyke
'This is your realm? Pitiful.',,LoL/Pyke
'More kindling for the Foreglow!',,LoL/Pyke
"'Can't find what doesn't exist, Jax. Some call that madness.'",,LoL/Pyke
'Jhin... And they callmecrazy.',,LoL/Pyke
"'Got the eyes of a killer, Lux. Cut loose.'",,LoL/Pyke
'You're a strange-looking Pyke...',,LoL/Pyke
"'I've seen corpses happier than you, Vex.'",,LoL/Pyke
'Zac. The Foreglow will make anything an Empyrean...',,LoL/Pyke
"'You've stayed out of my way, Zed. Don't stop now.'",,LoL/Pyke
'Call me a trailblazer.' Pyke cackles.,,LoL/Pyke
'Was that a burn?',,LoL/Pyke
'I touched grass.',,LoL/Pyke
Pyke laughs maniacally.,,LoL/Pyke
'Snuff you out!',,LoL/Pyke
'You look cold.',,LoL/Pyke
'Burn with me.',,LoL/Pyke
'Feed the fire!',,LoL/Pyke
'I'll gut your world!',,LoL/Pyke
'My blade is starving!',,LoL/Pyke
'Can you hear them?',,LoL/Pyke
'You're in my way!',,LoL/Pyke
'I'll warm you up.',,LoL/Pyke
'Like a hot knife through butter.',,LoL/Pyke
'Blade's all warm for ya!',,LoL/Pyke
'Try and kill me.',,LoL/Pyke
'I'll show you the light.',,LoL/Pyke
'Need a light?',,LoL/Pyke
"'Another realm, another fight.'",,LoL/Pyke
"'Shut up, shut up,shut up!'",,LoL/Pyke
'There'll be nothin' left o' ya!',,LoL/Pyke
"'I'll roast you on a stake, Baron!'",,LoL/Pyke
"'Well done, fool.'",,LoL/Pyke
'You'll never escape.',,LoL/Pyke
'Voices distracted me!',,LoL/Pyke
Pyke grunts in frustration.,,LoL/Pyke
'Like a warm bath.',,LoL/Pyke
'I'll flicker in the darkness.',,LoL/Pyke
Pyke exhales and chuckles.,,LoL/Pyke
'Too late now!',,LoL/Pyke
'Not dead yet!',,LoL/Pyke
'Wealth won't save you.',,LoL/Pyke
'Take your pittance.',,LoL/Pyke
'Enjoy it while you can.',,LoL/Pyke
'Money rules every realm.',,LoL/Pyke
"'Hm, you're better in this realm.'",,LoL/Pyke
'Let this burn a hole in your pocket.',,LoL/Pyke
'You would make a good Empyrean.',,LoL/Pyke
'Don't sweat it.',,LoL/Pyke
'I am the Foreglow!',,LoL/Pyke
'Wasted my time.',,LoL/Pyke
'You don't deserve this life!',,LoL/Pyke
'No more distractions.',,LoL/Pyke
'You always fall.',,LoL/Pyke
'Killing numbs the pain.',,LoL/Pyke
"'My true home is pain. Yours is death, Jax.'",,LoL/Pyke
"'Guess the Foreglow likes me better, Jhin.'",,LoL/Pyke
"'Kids are fools in every realm. Bye, Lux.'",,LoL/Pyke
'Pykes all die the same... Badly.',,LoL/Pyke
"'You depress me, Vex.'",,LoL/Pyke
"'What did the Foreglow see in you, Zac?'",,LoL/Pyke
"'The Foreglow is wasted on you, Zed.'",,LoL/Pyke
'Ugh... this realm is stupid too.',,LoL/Pyke
'I ascend! You burn!',,LoL/Pyke
'Rest'll fall soon enough!',,LoL/Pyke
'This realm bores me!',,LoL/Pyke
'Like a pile of matchsticks.',,LoL/Pyke
'Even stones burn.',,LoL/Pyke
"'Rip me off, I'll rip your face off.'",,LoL/Pyke
'You're cheaper in other realms.',,LoL/Pyke
'I cared about these trinkets...',,LoL/Pyke
'Hide your flammables.',,LoL/Pyke
'The Foreglow is strong.',,LoL/Pyke
'The colors... I see every realm.',,LoL/Pyke
'Come join the fun.',,LoL/Pyke
"'Danger. Not me, yet...'",,LoL/Pyke
"'Smoke, no fire...'",,LoL/Pyke
"'I go anywhere, kill anyone.'",,LoL/Pyke
'Pyke's nearby... I can feel him.',,LoL/Pyke
"'No realm I can't find, no Pyke I can't kill.'",,LoL/Pyke
'Enough of this.',,LoL/Pyke
'Forgot I don't need to walk.',,LoL/Pyke
Pyke grunts and snarls.,,LoL/Pyke
'Quiet... at last...',,LoL/Pyke
Pyke sighs. 'Which realm is this now?',,LoL/Pyke
'Gonna kill a hundred more Pykes for that.',,LoL/Pyke
"'Hmm, should've killed more.'",,LoL/Pyke
'Realm's got spirit. More fun that way.',,LoL/Pyke
'What am I to the Foreglow? A plaything?!',,LoL/Pyke
'Foreglow's not done with me yet.',,LoL/Pyke
'Gonna bleed this place slow.',,LoL/Pyke
'Welcome to Butcher's Bridge. The pride of the Slaughter Docks.',,LoL/Pyke
'Welcome to Butcher's Bridge. No place for the squeamish.',,LoL/Pyke
'One minute until minions spawn.',,LoL/Pyke
'One minute 'till mayhem.',,LoL/Pyke
'30 seconds until minions spawn.',,LoL/Pyke
'30 seconds. Just a little longer now.',,LoL/Pyke
'Minions have spawned.',,LoL/Thresh
'Minions have spawned. Those little guys don't bleed. Ain't natural.',,LoL/Pyke
'First blood! Gutted 'em like a fish.',,LoL/Pyke
'First blood. A good start.',,LoL/Pyke
'You have slain an enemy.',,LoL/Thresh
'You have slain an enemy!',,LoL/Pyke
'You have slain an enemy. Dropped 'em like an anchor!',,LoL/Pyke
'You have slain an enemy. A killer after my own dead heart.',,LoL/Pyke
'You have been slain!',,LoL/Pyke
'You have been slain.',,LoL/Thresh
"'You have been slain! Don't worry, death's just the beginning.'",,LoL/Pyke
'You have been slain! I'll put in a good word for you down below.',,LoL/Pyke
'An enemy has been slain.',,LoL/Thresh
'An enemy's been slain. Landed you a big one.',,LoL/Pyke
'An enemy has been slain. Cut 'em from gut to gob.',,LoL/Pyke
'An ally has been slain.',,LoL/Thresh
'An ally's been slain! Your friend's dead.',,LoL/Pyke
'An ally has been slain. Your friend's swimming with the fishes.',,LoL/Pyke
'Executed. Blood thirsts the land if you let it.',,LoL/Pyke
'Executed. Hard to resist the siren's call.',,LoL/Pyke
'Executed. Typical landlubber.',,LoL/Pyke
'Aced. Don't get deader than that.',,LoL/Pyke
'Aced! Time to hide the bodies.',,LoL/Pyke
'Double kill! Got the captain and their mate.',,LoL/Pyke
"'Double kill! Thinning out their crew, eh? Smart.'",,LoL/Pyke
'Triple kill! Three more for the deep.',,LoL/Pyke
'Triple kill! A trio of souls sunk in the briny deep.',,LoL/Pyke
'Quadra kill! Your enemies are just grasping at straws now.',,LoL/Pyke
'Quadra kill! They're floundering! Just need to finish 'em off.',,LoL/Pyke
'Pentakill! Drag 'em all down!',,LoL/Pyke
'Pentakill! All hands lost!',,LoL/Pyke
'Enemy double kill!',,LoL/Pyke
'Enemy double kill! The bell's tolled twice.',,LoL/Pyke
'Enemy double kill! You're chummin' the waters.',,LoL/Pyke
'Enemy triple kill!',,LoL/Pyke
'Enemy triple kill! That's three of yours in the drink.',,LoL/Pyke
'Enemy triple kill! Like an albatross around your necks.',,LoL/Pyke
'Enemy quadra kill!',,LoL/Pyke
'Enemy quadra kill! Four souls lost. You should probably run.',,LoL/Pyke
'Enemy quadra kill! Four of yours 'neath the bounding main.',,LoL/Pyke
'Enemy pentakill! Welcome to my world.',,LoL/Pyke
'Enemy pentakill! Glad you could join me.',,LoL/Pyke
'Legendary! Welcome to the Slaughter Docks.',,LoL/Pyke
'Legendary! Making me proud.',,LoL/Pyke
'Enemy killing spree!',,LoL/Thresh
'Enemy killing spree.',,LoL/Thresh
'An enemy is dominating!',,LoL/Pyke
'An enemy is unstoppable!',,LoL/Pyke
'An enemy is godlike!',,LoL/Pyke
'An enemy is legendary!',,LoL/Thresh
'An enemy is legendary! Bodies are just piling up.',,LoL/Pyke
"'An enemy is legendary! Ahh, murder.'",,LoL/Pyke
'Shut down! That's what I like to see.',,LoL/Pyke
"'Shut down! Surprise, you're dead.'",,LoL/Pyke
'Your turret has been destroyed.',,LoL/Pyke
'They sunk your turret!',,LoL/Pyke
'Your team has destroyed a turret!',,LoL/Pyke
'Your team scuttled a turret.',,LoL/Pyke
'Your inhibitor has been destroyed!',,LoL/Pyke
'Inhibitor's gone under.',,LoL/Pyke
'Your team has destroyed an inhibitor.',,LoL/Pyke
'Your team has destroyed an inhibitor! Unleash the super minions!',,LoL/Pyke
'Sunk the inhibitor.',,LoL/Pyke
'Your inhibitor is respawning soon.',,LoL/Thresh
'Your inhib will be back soon.',,LoL/Pyke
'The enemy's inhibitor is respawning soon.',,LoL/Thresh
'Their inhib is surfacing.',,LoL/Pyke
'Their inhib will soon rise.',,LoL/Pyke
'Your inhibitor is back from the deep.',,LoL/Pyke
'Victory! Butcher's bill came due!',,LoL/Pyke
'Defeat! Don't call 'em Slaughter Docks for nothin'.',,LoL/Pyke
'A summoner has disconnected.',,LoL/Thresh
'A summoner has reconnected.',,LoL/Thresh
'A summoner has rejoined the crew.',,LoL/Pyke
Merchant of Venice,,LoL/Pyke
The Dark Knight,,LoL/Pyke
Pirates of the Caribbean: At World's End,,LoL/Pyke
Pirates of the Caribbean: Dead Man's Chest,,LoL/Pyke
'What delightful agony we shall inflict.',,LoL/Thresh
'It's over when I say.',,LoL/Thresh
'Torment comes in so many flavors.',,LoL/Thresh
'What is the worth of a soul?',,LoL/Thresh
"'Ah, the sweet tones of misery.'",,LoL/Thresh
'I am the thing under the bed.',,LoL/Thresh
"'Relax, just... let go.'",,LoL/Thresh
"'Oh, the eternity we shall spend together.'",,LoL/Thresh
"'Hmm, whose mind shall we snap?'",,LoL/Thresh
"'Me, mad? Haha... quite likely.'",,LoL/Thresh
'Poor lost souls.',,LoL/Thresh
'Flesh is a prison.',,LoL/Thresh
'Ever seen your soul? Would you like to?' *slurps*,,LoL/Thresh
'You're falling apart. What to do with the pieces?',,LoL/Thresh
"'Screaming won't do you any good, but it's music to my ears.'",,LoL/Thresh
'There is life. There is death. And then there is me.',,LoL/Thresh
Thresh laughs maniacally.,,LoL/Thresh
'Lock 'em up.',,LoL/Thresh
'Death? No... nothing that simple.',,LoL/Thresh
'Wretched mongrels get the leash.',,LoL/Thresh
'Come out and play.',,LoL/Thresh
"'Writhe, like a worm on a hook.'",,LoL/Thresh
'No one can save them.',,LoL/Thresh
'Any last words?',,LoL/Thresh
"'Oh, yes! It's about to get much worse.'",,LoL/Thresh
Thresh shouts in effort.,,LoL/Thresh
'Round we go!',,LoL/Thresh
Thresh grunts in great effort.,,LoL/Thresh
"'My house, my rules.'",,LoL/Thresh
'Nowhere to hide.',,LoL/Thresh
'I own you.',,LoL/Thresh
Thresh laughs menacingly.,,LoL/Thresh
"'Hook, line, and sinker!'",,LoL/Thresh
'No weapon in any reality can harm us.',,LoL/Thresh
'Stars cold of life. Silent in the darkness.',,LoL/Thresh
'I will guide them beyond the brink of infinity.',,LoL/Thresh
"'Serve well, and you shall die well.'",,LoL/Thresh
"'Go forth, and destroy.'",,LoL/Thresh
"'Together, we shall watch the last star die.'",,LoL/Thresh
'Enough death and darkness... even for you.',,LoL/Thresh
"'Come to me, my herald.'",,LoL/Thresh
'What better revenge than complete annihilation?',,LoL/Thresh
'Let's see how dark it can really get.',,LoL/Thresh
'A star can scream. Isn't that strange?',,LoL/Thresh
'We shall suck the marrow from their stars.',,LoL/Thresh
'Even the universe will grind to a halt.',,LoL/Thresh
'Cosmic extinction... how lovely.',,LoL/Thresh
'The cry of a dying star... nothing's sweeter.',,LoL/Thresh
'We will consume this world.',,LoL/Thresh
'A sinister star indeed.',,LoL/Thresh
'Ours is a kingdom of darkness.',,LoL/Thresh
'The stars are no longer infinite.',,LoL/Thresh
'I will chain the very heavens and drag them down.',,LoL/Thresh
'The nothingness accepts all.',,LoL/Thresh
'All things are eventually extinguished.',,LoL/Thresh
"'Great works, broken and destroyed.'",,LoL/Thresh
'I envy those who journey into the nothingness.',,LoL/Thresh
"'Infinity, rapture, I am their harbinger.'",,LoL/Thresh
'Not even gods dare look within.',,LoL/Thresh
"'Oh, how I long for the final kiss of annihilation.'",,LoL/Thresh
'We sup upon the living galaxies themselves.',,LoL/Thresh
"'Have you ever seen a thousand stars alight in a shared dawn? We have, just before we snuffed them out.'",,LoL/Thresh
'Join your precious stars in oblivion.',,LoL/Thresh
'Not even a star can escape our grip.',,LoL/Thresh
"'Just try to take it, sackman!'",,LoL/Thresh
"'Suns, moons? We have devoured both.'",,LoL/Thresh
'Time is but a cog in a dying machine.',,LoL/Thresh
'What is one life... among billions?',,LoL/Thresh
"'Join her, in oblivion.'",,LoL/Thresh
"'Ahh, the light of Demacia. So sweet.'",,LoL/Thresh
'We will show you true darkness.',,LoL/Thresh
'How will you protect an entire world... when you cannot even save yourself?',,LoL/Thresh
'You are not prepared for this journey.',,LoL/Thresh
'Your betrayal will not save them!',,LoL/Thresh
'Your betrayal will not save them.',,LoL/Thresh
'How do you intend to stop entropy incarnate?',,LoL/Thresh
'Time... is but a cog in a dying machine.',,LoL/Thresh
'We have looked into the Void... and consumed it.',,LoL/Thresh
'Pretenders to the throne of annihilation.',,LoL/Thresh
'Do not prolong the inevitable.',,LoL/Thresh
'Nothing escapes the pull of eternity!',,LoL/Thresh
'Beyond the stars... hide horrors far greater than any can imagine.',,LoL/Thresh
'Look at you. I think I'll keep you... or not.',,LoL/Thresh
"'Oh, I'vealwayswanted one of these... Oh man.'",,LoL/Thresh
"'Stillness, for all eternity.'",,LoL/Thresh
'They struggle. How meaningless.',,LoL/Thresh
"'Brave souls, destroyed and consumed.'",,LoL/Thresh
'Come. Bear witness.',,LoL/Thresh
'The meaning of life is that it stops.',,LoL/Thresh
'We will all collapse into one.',,LoL/Thresh
'Submit to infinity!',,LoL/Thresh
'I am the herald of reality's end.',,LoL/Thresh
'We are the death of hope.',,LoL/Thresh
'A dark star rises.',,LoL/Thresh
'Snuff them out.',,LoL/Thresh
'The galaxy will suffocate in darkness.',,LoL/Thresh
'Their suffering makes us stronger.',,LoL/Thresh
'Enter the horizon.',,LoL/Thresh
'Gaze into the eye of annihilation.',,LoL/Thresh
'We are shadows cast by darkness.',,LoL/Thresh
'Do not fear the end. Embrace it.',,LoL/Thresh
'Another soul to feed the endless hunger.',,LoL/Thresh
'I will carve my way across the stars.',,LoL/Thresh
'We've destroyed our fair share of dragons.',,LoL/Thresh
'Those wings offer no escape.',,LoL/Thresh
'Just another stupid beast.',,LoL/Thresh
"'Soul or no, I will feed it to the nothingness.'",,LoL/Thresh
'I've destroyed realities. What threat is this beast?',,LoL/Thresh
"'A baron, eh? Baron of a dead world.'",,LoL/Thresh
'Nothingescapes our hunger.',,LoL/Thresh
'My pull is inexorable.',,LoL/Thresh
'Join us in death.',,LoL/Thresh
'We shall hunt you to the ends of creation.',,LoL/Thresh
'Space is no impediment.',,LoL/Thresh
'Nowhere left to run.',,LoL/Thresh
'Distance is an illusion.',,LoL/Thresh
'Your efforts are meaningless.',,LoL/Thresh
'Of your own accord.',,LoL/Thresh
'Feel my power.',,LoL/Thresh
'Take a trip to the end of the world.',,LoL/Thresh
'You are now in my orbit.',,LoL/Thresh
'The downward spiral.',,LoL/Thresh
'Become part of something greater: nothingness.',,LoL/Thresh
'Death is but a dream.',,LoL/Thresh
'Welcome to the event horizon.',,LoL/Thresh
'We are inescapable.',,LoL/Thresh
'The stars die as we approach.',,LoL/Thresh
'There is nowhere to run. We've destroyed it all.',,LoL/Thresh
'Their screams sing me to my eternal sleep.',,LoL/Thresh
'Infinity is confined.',,LoL/Thresh
"'If the universe cared, it would stop us.'",,LoL/Thresh
'Not even light can escape us.',,LoL/Thresh
'They all seem to die with a whimper.',,LoL/Thresh
'They feed the very engine of their destruction.',,LoL/Thresh
'I am the vanishing point onallhorizons!',,LoL/Thresh
"'Fine craftsmanship, for a dead people.'",,LoL/Thresh
"'Oh, such destruction to come!'",,LoL/Thresh
'Use their defenses against them.',,LoL/Thresh
'No legion can stand before us.',,LoL/Thresh
'What's an aegis anyway?',,LoL/Thresh
'Not nearly big enough.',,LoL/Thresh
'My other belt is made of dead stars.',,LoL/Thresh
"'Ah, if it could only kindle hope. Haha!'",,LoL/Thresh
"'Not quite my style, but it will have to do.'",,LoL/Thresh
"'Hm, they worship suns. Too bad.'",,LoL/Thresh
'None living shall escape my sight.',,LoL/Thresh
'Just because you are beneath my notice doesn't mean I can't see you.',,LoL/Thresh
'Leave nothing to chance.',,LoL/Thresh
'Hiding will not save you.',,LoL/Thresh
"'One day, this hunger will be sated.'",,LoL/Thresh
'Much more work to do.',,LoL/Thresh
"'Watch the stars blink out, one by one.'",,LoL/Thresh
'...The embrace of nothingness...',,LoL/Thresh
"'...Oh, thank you...'",,LoL/Thresh
Thresh grunts in pain. 'Finally...',,LoL/Thresh
"'Only a few more stars, a few more galaxies...'",,LoL/Thresh
"'Time, space, reality... we shall consume all.'",,LoL/Thresh
'Beware... I live.',,LoL/Thresh
"'Come, children of hopes and dreams. Let me show you what life cannot.'",,LoL/Thresh
"'My collection is my family, and its spirits, my beloved children.'",,LoL/Thresh
'Lost spirits everywhere. I must guide them home.',,LoL/Thresh
"'Tiny twinkles of life, struggling ever so intensely. I will light their path.'",,LoL/Thresh
"'Ah... life. So simple, so naive, like a flower yet to bloom.'",,LoL/Thresh
'Screams of agony echo my favorite melodies.',,LoL/Thresh
'What is the worth of a spirit?',,LoL/Thresh
"'Why must they fear me? I do not bite, I merely collect.'",,LoL/Thresh
"'No matter the season, death blossoms.'",,LoL/Thresh
'They think me a god?' Thresh scoffs. 'No. Nothing that... simple.',,LoL/Thresh
"'Me, mad?' Thresh laughs dismissively and menacingly. 'They have no idea.'",,LoL/Thresh
"'To the living, I am a demon. To the dead, I am a savior.'",,LoL/Thresh
'Blessed are those who need my guidance.',,LoL/Thresh
'Poor lost souls. I must save them all from themselves.',,LoL/Thresh
"'To live is to suffer. To survive, is to find beauty in the suffering.'",,LoL/Thresh
"'Life is pain,Iam sweet release.'",,LoL/Thresh
'I am not the end. I am the final awakening.',,LoL/Thresh
'I herald the greatest blessing.',,LoL/Thresh
'Life is a prison.',,LoL/Thresh
'I do not discriminate. All must find comfort inside my lantern.',,LoL/Thresh
'No need to rush! Death will bless us all!',,LoL/Thresh
'My magic is older than life.',,LoL/Thresh
"'In death, we become family.'",,LoL/Thresh
"'Death, what a pretty word.'",,LoL/Thresh
"'Spirits, alone and forsaken. I grant them all purpose.'",,LoL/Thresh
'Every spirit is useful.Thatis why I must collect them all.',,LoL/Thresh
''Torment' is such a harsh word. I prefer 'nurture.'',,LoL/Thresh
'Cruelty is a gift I learn from the living.',,LoL/Thresh
'Nothing more beautiful than death.',,LoL/Thresh
'Poor lost spirits beckoning to bloom. I've been waiting for you.',,LoL/Thresh
'Do not fear me. I am but a servant of the natural order that guides us all.',,LoL/Thresh
"'Do not worry, my dear spirits, you will all be safe in my collection.'",,LoL/Thresh
"'In life, you are heroes and villains. In death, you are all my children.'",,LoL/Thresh
"'My children, my collection, blossom with potential.'",,LoL/Thresh
"'No one understands the intricacies of my collection, and that is why I must never stop!'",,LoL/Thresh
"'I am friends with all spirits, until they decide to question me.'",,LoL/Thresh
"'The living say, 'Look death in the eye'.' Thresh chuckles. 'I do love an intimate connection.'",,LoL/Thresh
'Those privy to my secrets?' Thresh chuckles. 'They are safe with me now.',,LoL/Thresh
'The dead passing to spirits. The spirits passing to my collection. That is how it must be.',,LoL/Thresh
"'That little fox and I once guided spirits together, but now, I must save them from her errant ways.'",,LoL/Thresh
"'Without me, the dead would be lost. I am what drives them to greatness.'",,LoL/Thresh
'Deny me your spirit. I do enjoy a good chase.',,LoL/Thresh
"'You think yourself clever. But once a little fox,alwaysa little fox.'",,LoL/Thresh
"'Cassiopeia, you treat the spirits with tender-loving cruelty.' Thresh chuckles. 'That, I admire.'",,LoL/Thresh
"'Wolf, why do you let this... girl keep you on a leash? I pity you.'",,LoL/Thresh
"'They took your home, Lillia, do not forget this loss. Let it course through you.'",,LoL/Thresh
"'Lucian, that name. Perhaps we met in another life. Perhaps... you failed to catch my attention.'",,LoL/Thresh
"'Riven, a spirit betrayed by her own kind. That is a tragedy I adore.'",,LoL/Thresh
"'Senna, my dear girl. I do hope you enjoyed your taste of freedom, but now, you must come home.'",,LoL/Thresh
"'Why, why do you exist? You... stupid... raccoon dog!'",,LoL/Thresh
"'You, Chain Warden, you have potential beyond your own understanding.'",,LoL/Thresh
'Hunting demons only to become one yourself? Vayne --' Thresh chuckles. 'I will make you precious.',,LoL/Thresh
"'Yasuo, the heroic warlord I've been hearing all about. I must say, I'm disappointed.'",,LoL/Thresh
"'Yone, the eldest son overshadowed by his younger brother. How could you possibly rest in peace?'",,LoL/Thresh
"'Your spirit seems lacking in, uh... anything of value.'",,LoL/Thresh
"'Many spirits have potential, but yours... yours will simply fade.'",,LoL/Thresh
'A life not worth savoring. A death not worth remembering.',,LoL/Thresh
'Taunt me again. I do love hearing you mask your insecurities.',,LoL/Thresh
'My little pet. Dinner.',,LoL/Thresh
'Who's a good demon lantern?' Thresh giggles. 'You are.',,LoL/Thresh
'Don't spoil your dinner now.',,LoL/Thresh
'Oh dear. Your wit faded long ago.',,LoL/Thresh
Thresh laughs softly.,,LoL/Thresh
Thresh plays a song from his lantern.,,LoL/Thresh
Thresh grunts and laughs.,,LoL/Thresh
'You belong to me!',,LoL/Thresh
'For my collection!',,LoL/Thresh
'You are lost. Allow me!',,LoL/Thresh
'I will grant you purpose.',,LoL/Thresh
'No need to struggle.',,LoL/Thresh
'Wretched spirits get the leash!',,LoL/Thresh
'Die and rejoice!',,LoL/Thresh
'The end begins!',,LoL/Thresh
'Let it all go.',,LoL/Thresh
'Join your siblings!',,LoL/Thresh
'Naughty little one!',,LoL/Thresh
"'Oh, yes, challenge me!'",,LoL/Thresh
'A wandering soul.',,LoL/Thresh
'No more games!',,LoL/Zed
'I've been waiting for you.',,LoL/Thresh
'You are chosen.',,LoL/Thresh
'Another lost soul.',,LoL/Thresh
'I've been waiting!',,LoL/Thresh
'Play with me.',,LoL/Thresh
'Where are you off to?',,LoL/Thresh
"'Breathe, my children.'",,LoL/Thresh
'Light their path!',,LoL/Thresh
'Kindle their spirits!',,LoL/Thresh
'It doesn't bite!',,LoL/Thresh
'You know better!',,LoL/Thresh
'I don't think so.',,LoL/Thresh
'No you don't!',,LoL/Thresh
'You are mine!',,LoL/Thresh
'This is freedom!',,LoL/Thresh
"'Hush, now. You are home.'",,LoL/Thresh
'Rest. I will take good care... of you.',,LoL/Thresh
'Welcome to my family.',,LoL/Thresh
'Call me father if you wish.',,LoL/Thresh
"'And now, you have purpose.'",,LoL/Thresh
"'Bye-bye, little fox. Your children rest with me now.'",,LoL/Thresh
"'Rest now, Cassiopeia. I will take good care of your collected spirits.'",,LoL/Thresh
"'Enjoy your freedom, little wolf.'",,LoL/Thresh
"'Dreams of hope? No! I am afraid I cannot allow that, Lillia.'",,LoL/Thresh
"'Lucian, Lucian, Lucian... no, still doesn't ring a bell.'",,LoL/Thresh
'Riven.' Thresh chuckles. 'Severed... Broken.',,LoL/Thresh
"'Welcome home, my dear Senna.'",,LoL/Thresh
"'That was no spirit, no demon. That... was an abomination!'",,LoL/Thresh
'Almost felt like I lost a piece of myself.',,LoL/Thresh
"'Look what you've become. You are my favorite child, my favorite Vayne!'",,LoL/Thresh
"'So whiny, so angry! Typical of the second son.'",,LoL/Thresh
"'Worry not, Yone. Your little brother is safe with me, too.'",,LoL/Thresh
"'Five spirits, a completed collection.'",,LoL/Thresh
'A father must always look his best.',,LoL/Thresh
"'A better look, for better times.'",,LoL/Thresh
"'Ahhhh, that's better.'",,LoL/Thresh
'Dry your eyes. I won't be gone for long.',,LoL/Thresh
'Don't run off too far now. I'll only be a moment.',,LoL/Thresh
'Don't you know? Absence makes the heart grow fonder.',,LoL/Thresh
'No light... only... joy...',,LoL/Thresh
'The sweet... embrace...',,LoL/Thresh
'Death is inevitable.',,LoL/Thresh
"'Ah, the beautiful pangs of resurrection.'",,LoL/Thresh
'I hope my children didn't miss me too much.',,LoL/Thresh
'Welcome to Summoner's Rift.',,LoL/Thresh
'Enemy double kill.',,LoL/Thresh
'Enemy triple kill.',,LoL/Thresh
'Enemy quadra kill.',,LoL/Thresh
'An enemy is dominating.',,LoL/Thresh
'An enemy is unstoppable.',,LoL/Thresh
'An enemy is godlike.',,LoL/Thresh
'An enemy... is legendary.',,LoL/Thresh
'Your turret... has been destroyed.',,LoL/Thresh
'Your team has destroyed a turret.',,LoL/Thresh
'Your inhibitor has been... destroyed.',,LoL/Thresh
'Your team has destroyed an inhibitor!',,LoL/Thresh
'Welcome to the Cosmic Ruins.',,LoL/Thresh
'Your team has gathered half your souls.',,LoL/Thresh
'Your team has nearly enough souls.',,LoL/Thresh
'The enemy team has gathered half their souls. Hurry up.',,LoL/Thresh
'The enemy team has gathered half their souls.',,LoL/Thresh
'The enemy team has nearly enough souls. Faster!',,LoL/Thresh
'The enemy team has nearly enough souls.',,LoL/Thresh
'Only the singularity can bring oblivion - sweet rapture.',,LoL/Thresh
'The Dark Star hungers for souls.',,LoL/Thresh
'Only the singularity will free me - free everything.',,LoL/Thresh
"'More. More, for the Dark Star.'",,LoL/Thresh
"'Round one, defeat!'",,LoL/Thresh
"'Round one, victory!'",,LoL/Thresh
"'Round two, defeat.'",,LoL/Thresh
"'Round two, victory!'",,LoL/Thresh
"'Agony, ecstasy, peace. Every passing has a beauty all its own.'",,LoL/Karthus
"'Ah, the kiss of death.'",,LoL/Karthus
'So many souls await.',,LoL/Karthus
'We all have a place among the divine. We have only to accept it.',,LoL/Karthus
'My pilgrimage begins.',,LoL/Karthus
'Solace comes with a still heart.',,LoL/Karthus
'Shed no tears for the dead.',,LoL/Karthus
'May death free us all.',,LoL/Karthus
"'Follow my voice, and slip away.'",,LoL/Karthus
'You are only the cocoon.',,LoL/Karthus
'Have you ever felt a calling?',,LoL/Karthus
'I can give you certainty.',,LoL/Karthus
'What trickery is life?',,LoL/Karthus
'You are the candle burning unto nothing.',,LoL/Karthus
'Death is but a horizon.',,LoL/Karthus
"'Soon, all will wane.'",,LoL/Karthus
'You have been dying from your first breath.',,LoL/Karthus
'We are forever.',,LoL/Karthus
"'You all die, why not choose how?'",,LoL/Karthus
'The Shadow Isles sing louder than any siren.',,LoL/Karthus
'You are a doomed vessel.',,LoL/Karthus
'The faithful never fear the grave.',,LoL/Karthus
'Truth is what I offer.',,LoL/Karthus
"'In the end, only the dead shall remain.'",,LoL/Karthus
'Pain is the herald of your salvation.',,LoL/Karthus
'Hear the elegy of the lost.',,LoL/Karthus
"'You will forget breath, you will forget love.'",,LoL/Karthus
'Death is a song all will hear.',,LoL/Karthus
"'Never hunger, never tire, never fear.'",,LoL/Karthus
'Death is blacker than the blackest black... times infinity.',,LoL/Karthus
"'Tower diver! Gotta' get away, get away!'",,LoL/Karthus
'METALis the only heartbeat I need.',,LoL/Karthus
'We totally topped the charts in the Freljord!',,LoL/Karthus
'Amp it up.',,LoL/Karthus
'You deceive your followers. I will enlighten them.',,LoL/Karthus
'Death's horse needs no bridle.',,LoL/Karthus
"'You are but the herald, Hecarim. Remember who you truly serve.'",,LoL/Karthus
'Your light is but a candle in the infinite dark.',,LoL/Karthus
"'Abandon your mortality, and find your precious Senna.'",,LoL/Karthus
"'You can always join her, Lucian. It will be bliss!'",,LoL/Karthus
'Lucian! Join her!',,LoL/Karthus
'A shell of flesh or a shell of metal? Both ring hollow.',,LoL/Karthus
"'You give the dead purpose, Mordekaiser. I give them meaning.'",,LoL/Karthus
"'Sion, we must free your soul from the prison of flesh.'",,LoL/Karthus
"'You are only the echo of greatness, but I can give you a voice again!'",,LoL/Karthus
"'You may shackle the living, but the dead must walk free.'",,LoL/Karthus
"'Death has more meaning than torment alone, warden.'",,LoL/Karthus
"'Abomination, you have cheated death too long.'",,LoL/Karthus
'Death. Could not. Break me.',,LoL/Karthus
"'You are on the eve of liberation, Varus.'",,LoL/Karthus
"'I will shred your body, and burn your soul!'",,LoL/Karthus
'To feel the caress of death for the first time... I envy you!',,LoL/Karthus
'The song of your life will be brief.',,LoL/Karthus
'Your death will be excruciating!',,LoL/Karthus
'Life clings like a parasite to a soul!',,LoL/Karthus
'I'm putting your name in my little black necronomicon.',,LoL/Karthus
"'Sorry, I'm booked through... er, brrrr... forever.'",,LoL/Karthus
"'Listen, mortals, as I speak the word of... my cookbook.'",,LoL/Karthus
"'What's the incantation again... yes, erm... oh, right, R!'",,LoL/Karthus
'Do you have a moment to talk about death?',,LoL/Karthus
"'Dear diary, met a wonderful ghoul today...'",,LoL/Karthus
"'When the going gets tough, the tough get aDeathcap!'",,LoL/Karthus
'What have I done? Created beauty by simply rocking! That's all.',,LoL/Karthus
'What is that sound? It's the pounding of creation's hammer on the anvil of time!',,LoL/Karthus
"'Urgot, hm, I highly recommend death at this point.'",,LoL/Karthus
'But I still have so much to kill for.',,LoL/Karthus
"Karthus laughs in a confident, evil manner.",,LoL/Karthus
'It is written.',,LoL/Karthus
'Hear my song.',,LoL/Karthus
'The rhythm of your life slows.',,LoL/Karthus
'Join the chorus of death.',,LoL/Karthus
'I sing the word of death.',,LoL/Karthus
"'Die by my hand, and rise anew.'",,LoL/Karthus
'Rest in peace.',,LoL/Karthus
'Sleep without dreams.',,LoL/Karthus
'I crave the parting.',,LoL/Karthus
'Revel in the undoing.',,LoL/Karthus
'Release your mortal coil.',,LoL/Karthus
"'Sleep now, child.'",,LoL/Karthus
'Darkness envelops you.',,LoL/Karthus
'It's time... to wake the dead.',,LoL/Karthus
'Join me in this duet of demise.',,LoL/Karthus
'Die for metal.',,LoL/Karthus
'Feel the frailty of life!',,LoL/Karthus
'You cannot escape.',,LoL/Karthus
'Your bodies betray you!',,LoL/Karthus
'To flee is to suffer.',,LoL/Karthus
"'Sing, my children.'",,LoL/Karthus
'Behold my chorus.',,LoL/Karthus
'Countless voices in unison!',,LoL/Karthus
'Rise and sing!',,LoL/Karthus
'Feel the spirits.',,LoL/Karthus
'You will not die alone.',,LoL/Karthus
'Cease to be!',,LoL/Karthus
'Sing with your final breath!',,LoL/Karthus
'Listen and rejoicein death!',,LoL/Karthus
"'A dirge, for those who remain!'",,LoL/Karthus
Karthus laughs loudly and maniacally.,,LoL/Karthus
'Everyone will falter when you die!',,LoL/Karthus
"'My son, smite them all!'",,LoL/Karthus
'I am the lightbringer!',,LoL/Karthus
"'Angels too, are the messengers of death.'",,LoL/Karthus
"'Host of angels, or murder of crows?'",,LoL/Karthus
'A companion for all time.',,LoL/Karthus
'Its power grows with time... as does mine.',,LoL/Karthus
"'Ah, the song grows.'",,LoL/Karthus
'I hear the echo of Rabadon; it is exquisite.',,LoL/Karthus
'A crown for the king of death.',,LoL/Karthus
'Its old master served my patron well.',,LoL/Karthus
'None can outrun death.',,LoL/Karthus
'This crystal will sing with me.',,LoL/Karthus
"'When death's grip finds you, it clings tightly.'",,LoL/Karthus
"'A tear of loss, a tear of joy.'",,LoL/Karthus
'It will turn their mantles to shrouds.',,LoL/Karthus
'What can protect you from the inevitable?',,LoL/Karthus
'No one can hide from the end.',,LoL/Karthus
'The grave has all the time in the world.',,LoL/Karthus
"'Freeze that moment, on the threshold of oblivion.'",,LoL/Karthus
'The sands slip away like lives.',,LoL/Karthus
'Dead eyes never blink.',,LoL/Karthus
'Death sees all.',,LoL/Karthus
"'When I return, more shall join my choir.'",,LoL/Karthus
'I go where death bids me.',,LoL/Karthus
Karthus plays a guitar solo.,,LoL/Karthus
'Behold your undoing!',,LoL/Karthus
'Gaze upon me and despair!',,LoL/Karthus
'The shell means nothing!',,LoL/Karthus
'I am become death!',,LoL/Karthus
'Time for my encore!',,LoL/Karthus
'You can't kill the metal!',,LoL/Karthus
'The sustain! Listen to it!',,LoL/Karthus
Karthus screams in pain and perishes breathless.,,LoL/Karthus
'Let me show you an alternative to life.',,LoL/Karthus
'You have earned a page in my book.',,LoL/Karthus
'My song is death.',,LoL/Karthus
'Fear not... I will make use of your corpse.',,LoL/Yorick
'It's your funeral.',,LoL/Yorick
'I once had honor... before theRuination.',,LoL/Yorick
'This land will never heal. But I will lay it to rest.',,LoL/Yorick
"'Tired, ancient, and half-dead. Still, I come for you.'",,LoL/Yorick
'I am the rift between life and death. The thin divide between breath and grave.',,LoL/Yorick
"'Join us in eternity, Yorick.'",,LoL/Yorick
"'In the beyond, once you're free.'",,LoL/Yorick
"'Let us in, remove your chains.'",,LoL/Yorick
'I think not.',,LoL/Yorick
"'Yorick, look what you've become.'",,LoL/Yorick
'I've become what I must be.',,LoL/Yorick
'Your human form is so confining. You could be infinite.',,LoL/Yorick
'I am enough.',,LoL/Yorick
"'We see you, Yorick. We know your weakness.'",,LoL/Yorick
'You know nothing.',,LoL/Yorick
'There is no hope.',,LoL/Yorick
'There is some.',,LoL/Yorick
'I carry these souls to their end... wherever it may be.',,LoL/Yorick
'Tears of life preserve me.',,LoL/Yorick
'We shall prevail. We have eternity.',,LoL/Yorick
'Our souls are a small price to pay to cleanse this land.',,LoL/Yorick
'I remember when I put theminthe ground.',,LoL/Yorick
"'The Mist writhes, searching for a place to take root.'",,LoL/Yorick
"'It is to the grave, we go.'",,LoL/Yorick
'The isles were once paradise; now they're a prison.',,LoL/Yorick
'This mist has become skin.',,LoL/Yorick
'Life is but a brief disinterment.',,LoL/Yorick
'TheRuined King'sallies shall fall with him.',,LoL/Yorick
'My curse is our only hope.',,LoL/Yorick
'What hell is worse than this limbo?',,LoL/Yorick
'I do not live in hope. I work to return it.',,LoL/Yorick
"'The dead don't hear you, no matter how you cry.'",,LoL/Yorick
'One can stare into the grave too long.',,LoL/Yorick
"'Soon, this depravity will end.'",,LoL/Yorick
"'Remember my name. For one day, I will not.'",,LoL/Yorick
"'This journey is long, but I will complete it.'",,LoL/Yorick
'These isles... how they scream.',,LoL/Yorick
'Tell me of the beyond... in case I never make it.',,LoL/Yorick
'Death is not to be feared.',,LoL/Yorick
'The dead have not forgotten.',,LoL/Yorick
"'They once called these isles undying. Yet die, they will.'",,LoL/Yorick
"'From the ground they come, and to it, they return.'",,LoL/Yorick
'All things fade... but me.',,LoL/Yorick
'The beyond is waiting. Strive to meet it.',,LoL/Yorick
'Everyone I knew is dead. How are things with you?',,LoL/Yorick
'How quick the turn from blessed to cursed.',,LoL/Yorick
'Death used to mean something.',,LoL/Yorick
'Ours is a fate worse than death.',,LoL/Yorick
'I am no tyrant. These souls act on their own.',,LoL/Yorick
'Hallowed or profane... I no longer know.',,LoL/Yorick
'We're dead much longer than we are alive.',,LoL/Yorick
'I go wherever souls are adrift.',,LoL/Yorick
'The constant wailing of souls in torment.',,LoL/Yorick
"'So many souls, so few bodies.'",,LoL/Yorick
'It hurts to remember.',,LoL/Yorick
'What I do is just. Every horrid piece of it.',,LoL/Yorick
'What a beautiful dream is life.',,LoL/Yorick
'I do not know what lies beyond. But it is better than this.',,LoL/Yorick
"'Water for the living, shovel for the dead.'",,LoL/Yorick
"'If they could see what I see, they'd long for death.'",,LoL/Yorick
"'To most, life is fleeting; to me, it is quagmire.'",,LoL/Yorick
'Death is not always a release.',,LoL/Yorick
'TheRuined Kingwill soon meet the victims of his curse.',,LoL/Yorick
"'But for the waters, the mist would take me.'",,LoL/Yorick
'I am the first and last of my order.',,LoL/Yorick
'Do you hear that? It is the end.',,LoL/Yorick
'I cling to life by the thinnest thread.',,LoL/Yorick
'The dead shall forgive me. I hope.',,LoL/Yorick
"'They say I was once your age, though I can't quite recall.'",,LoL/Yorick
'Your corpses against mine. May the best win.',,LoL/Yorick
'I have nothing but time. Show me something else.',,LoL/Yorick
'Those you ride down will soon rise against you.',,LoL/Yorick
'You and I share a common goal. The similarities end there.',,LoL/Yorick
"'Enjoy this limbo while you can, for I will soon end it.'",,LoL/Yorick
"'One day, you will take me. May it be soon.'",,LoL/Yorick
'I know you. And I see you always.',,LoL/Yorick
"'No, Lucian, I haven't seen your wife.'",,LoL/Yorick
'You remind me that the world is sometimes good... and very naive.',,LoL/Yorick
"'I fight to free you as well, though a hatchet would suffice.'",,LoL/Yorick
"'My army will soon storm your gates, revenant.'",,LoL/Yorick
'Yours is a fool's errand. The world must be allowed to die.',,LoL/Yorick
'You think you want immortality. I'll gladly give you mine.',,LoL/Yorick
'Those souls are not yours to keep.',,LoL/Yorick
'I pity what you have become. Shall I end your suffering?',,LoL/Yorick
"'Yours is an easy grave to dig, small one.'",,LoL/Yorick
'You'll make a fine addition to my cloak.',,LoL/Yorick
"'For you, I won't dig too deep.'",,LoL/Yorick
'I no longer feel insults.',,LoL/Yorick
'I've endured more pain than any words can bring.',,LoL/Yorick
'I'm just happy to have company.',,LoL/Yorick
"'Ah yes, I remember spewing idle words.'",,LoL/Yorick
"'Ah, missed it. There it goes! Where is it at-- Ah! Yes!'",,LoL/Yorick
"'Ah, would you like some friends? Nope, can't have 'em.'",,LoL/Yorick
'I suppose I have eternity to think about that one.',,LoL/Yorick
Yorick chuckles menacingly.,,LoL/Yorick
"'Ah yes, I remember what laughter sounds like.'",,LoL/Yorick
'Prepare your epitaph.',,LoL/Yorick
'No eulogy for you.',,LoL/Yorick
'Scatter their remains.',,LoL/Yorick
'You are beyond saving.',,LoL/Yorick
"'The hole I dig, it is for you.'",,LoL/Yorick
'I will not damn you. I will end you.',,LoL/Yorick
'Your tomb awaits.',,LoL/Yorick
'Respects to the dying.',,LoL/Yorick
'The beyond awaits you.',,LoL/Yorick
'You are to die.',,LoL/Yorick
'So many souls to liberate.',,LoL/Yorick
'The mist comes for you.',,LoL/Yorick
'The grave is your home.',,LoL/Yorick
'I'll mourn for you.',,LoL/Yorick
'Die to rise again.',,LoL/Yorick
'Flesh that will soon find earth.',,LoL/Yorick
'You decay and do not know it.',,LoL/Yorick
"'To dirt, you return.'",,LoL/Yorick
'I am to bury you.',,LoL/Yorick
'You will rot.',,LoL/Yorick
"'I need your essence, great beast.'",,LoL/Yorick
'Your kind is supposed to live long. I am sorry.',,LoL/Yorick
'That is a lot of flesh to raise.',,LoL/Yorick
'Even your kind will join the mist.',,LoL/Yorick
'Yours will be the largest coffin.',,LoL/Yorick
'I shall perform your rites!',,LoL/Yorick
'What's one more grave?!',,LoL/Yorick
'The isles remember!',,LoL/Yorick
'I must dig!',,LoL/Yorick
"'Join me, brother.'",,LoL/Yorick
"'Die with me brothers, and be free.'",,LoL/Yorick
'Some of these faces I know well.',,LoL/Yorick
"'Ah yes, I remember you.'",,LoL/Yorick
'This horde consumes all.',,LoL/Yorick
"'Return, and fight.'",,LoL/Yorick
'I thank you for your service.',,LoL/Yorick
"'Kill, and use its form.'",,LoL/Yorick
"'They rise, they fight, they rot.'",,LoL/Yorick
'Arise and return to this world.',,LoL/Yorick
'Walk once more.',,LoL/Yorick
"'A little longer, friend, then rest.'",,LoL/Yorick
'Rest in your rightful place.',,LoL/Yorick
'It's good to see you.',,LoL/Yorick
'Wake up. You have a new task.',,LoL/Yorick
"'Welcome back, you won't be here long.'",,LoL/Yorick
'Allies from below.',,LoL/Yorick
'It's you they seek.',,LoL/Yorick
'The ruins of these isles rise to smite you.',,LoL/Yorick
'Won't you join them?',,LoL/Yorick
'The damned resist their fate.',,LoL/Yorick
'Watch them squirm.',,LoL/Yorick
"'To destroy the curse, I use it.'",,LoL/Yorick
'They reach for you.',,LoL/Yorick
'This never ends.',,LoL/Yorick
'An eternal ring.',,LoL/Yorick
'Feel its pull.',,LoL/Yorick
'A profane sacrament.',,LoL/Yorick
'An unholy mark upon you.',,LoL/Yorick
'It fouls upon touch.',,LoL/Yorick
'A curse upon the ground.',,LoL/Yorick
'It claims you.',,LoL/Yorick
"'Go, take what you will.'",,LoL/Yorick
'Behold the horrors of theIsles!',,LoL/Yorick
'See the Maiden? She comes foryou.',,LoL/Yorick
'The mist takes all!',,LoL/Yorick
"'More, more for the black maw of the mist!'",,LoL/Yorick
'We are not corruption. We are strength!',,LoL/Yorick
'All will join.',,LoL/Yorick
'We devour it. It becomes us!',,LoL/Yorick
'Do you feel it? I ammore!',,LoL/Yorick
"'We feed, we grow!'",,LoL/Yorick
'We are stronger. We shall take all!',,LoL/Yorick
'One more step toward domination!',,LoL/Yorick
'One more step toward the end.',,LoL/Yorick
'Your remains will serve a purpose.',,LoL/Yorick
'Another voice in the cacophony of wails.',,LoL/Yorick
'We all end the same.',,LoL/Yorick
"'Flesh torn asunder, flesh reborn.'",,LoL/Yorick
'Look at the wrong you do!',,LoL/Yorick
'It is necessary.',,LoL/Yorick
'One more nail in the coffin of theIsles.',,LoL/Yorick
'I can't bury them all.',,LoL/Yorick
'My graveyard is full.',,LoL/Yorick
'All these bodies going to waste.',,LoL/Yorick
'My army grows.',,LoL/Yorick
'All things decay.',,LoL/Yorick
"'It falls, like all things.'",,LoL/Yorick
'Makes its own tomb.',,LoL/Yorick
'Everything that stands must fall.',,LoL/Yorick
"'Forward, we press.'",,LoL/Yorick
'Don't bury me with it. You can't take it with you.',,LoL/Yorick
'Even a monk needs bread and water.',,LoL/Yorick
"'Material items, for the material world.'",,LoL/Yorick
'The sword of a great man.',,LoL/Yorick
'The sword of a fool.',,LoL/Yorick
'The king will return for it.',,LoL/Yorick
'Then I will strike him down.',,LoL/Yorick
'The blade of the father.',,LoL/Yorick
'A tyrant who will pay for his crimes.',,LoL/Yorick
'This blade has performed great feats.',,LoL/Yorick
'And I will use it to undo them.',,LoL/Yorick
'A sack to cover flesh and bone.',,LoL/Yorick
'The armor of someone soon to die.',,LoL/Yorick
'I wouldn't be caught dead in that.',,LoL/Yorick
"'Mere rags, soon to fade.'",,LoL/Yorick
"'The dead need no armor, but I do.'",,LoL/Yorick
'Taken from one who can no longer use it.',,LoL/Yorick
'It fits me to perfection.',,LoL/Yorick
'Too valuable to bury.',,LoL/Yorick
'To slow the fleet of foot.',,LoL/Yorick
"'Cold, even to my touch.'",,LoL/Yorick
'As cold as the hand of death.',,LoL/Yorick
'Red is the heart that barely beats in me.',,LoL/Yorick
'A vital ornament.',,LoL/Yorick
"'It pulses with life, as theIslesonce did.'",,LoL/Yorick
'Sometimes the dead can give life.',,LoL/Yorick
'A ghastly armament.',,LoL/Yorick
'A gift from kind specters.',,LoL/Yorick
"'Stay with me, spirit.'",,LoL/Yorick
'They'll find me hard to bury.',,LoL/Yorick
'A gauntlet to throw before theking.',,LoL/Yorick
'Gives life when death is near.',,LoL/Yorick
'To cremate my foes.',,LoL/Yorick
'The fire of life burns within.',,LoL/Yorick
'The only warmth I've found.',,LoL/Yorick
'To delay the end.',,LoL/Yorick
'I still draw breath.',,LoL/Yorick
'Even a monk needs respite.',,LoL/Yorick
'The bells toll and I respond.',,LoL/Yorick
'We all return to our origin.',,LoL/Yorick
"'My path is a circle, my work never-ending.'",,LoL/Yorick
'A breath between rites.',,LoL/Yorick
'You retreat like a coward.',,LoL/Yorick
'I will return anon.',,LoL/Yorick
'I see thewolf.',,LoL/Yorick
'I grow cold.',,LoL/Yorick
'Do not grieve.',,LoL/Yorick
'The shock of resurrection quickly passes.',,LoL/Yorick
'I've come too far to stay dead.',,LoL/Yorick
"'We do not die, and so we fight on.'",,LoL/Yorick
"'When we end, we begin again.'",,LoL/Yorick
'Revived by the tears of life.',,LoL/Yorick
"'One day, I will no longer awaken.'",,LoL/Yorick
'A fleeting repose.',,LoL/Yorick
'The beyond is not given. It is earned.',,LoL/Yorick
'Our time has not yet come.',,LoL/Yorick
'There will be no requiem. Not yet.',,LoL/Yorick
'A futile act--why do you persist?',,LoL/Yorick
'Because I must.',,LoL/Yorick
Yorick playsLightbringeron the bass guiar.,,LoL/Yorick
Yorick playsGathering Stormon the bass guitar.,,LoL/Yorick
Yorick plays a tune on thekoto.,,LoL/Yorick
Yorick's theme plays.,,LoL/Yorick
Arclight Yorick's theme plays.,,LoL/Yorick
Meowrick's theme plays.,,LoL/Yorick
Resistance Yorick's theme plays.,,LoL/Yorick
Spirit Blossom Yorick's theme plays.,,LoL/Yorick
'We shall rise to this challenge.',,LoL/Yorick
'Victory... slips away.',,LoL/Yorick
"'Behold, the might of the Shadow Isles.'",,LoL/Hecarim
'I do not rest.',,LoL/Hecarim
'War is eternal.',,LoL/Hecarim
'Their souls beg for release.',,LoL/Hecarim
'Send me to battle.',,LoL/Hecarim
'The grave calls.',,LoL/Hecarim
'I am beyond death.',,LoL/Hecarim
'The shadow approaches.',,LoL/Hecarim
'Life is fleeting.',,LoL/Hecarim
'Your life is a burden. I bring you freedom!',,LoL/Hecarim
'You won't live to see your world destroyed.',,LoL/Hecarim
'Another blue ribbon for Hecarim.',,LoL/Hecarim
'Suffering is magic.',,LoL/Hecarim
'Break their ranks.',,LoL/Hecarim
'Trample their bones.',,LoL/Hecarim
'Crush them underfoot.',,LoL/Hecarim
'The living will fall.',,LoL/Hecarim
Hecarim performs a guitar solo.,,LoL/Hecarim
'Blood runs... they all run.',,LoL/Warwick
'They fear me. They should.',,LoL/Warwick
'The chains are broken... the beast is free.',,LoL/Warwick
'The blood you spilledcallsto me.',,LoL/Warwick
"'Oh, what a day. What a bloody day.'",,LoL/Warwick
'Blood and chrome!',,LoL/Warwick
'Can't save you all... don't want to.',,LoL/Warwick
'I became the monster I always was.',,LoL/Warwick
'The man I was... I killed him first.',,LoL/Warwick
'Try to hide.',,LoL/Warwick
'The memories come back every time you scream.',,LoL/Warwick
'I can smell everything.',,LoL/Warwick
'Vengeance is only a step behind you.',,LoL/Warwick
'You made the monster.',,LoL/Warwick
"'Zaun will watch you bleed, and it will do nothing.'",,LoL/Warwick
'All the blood you've spilled brought me here.',,LoL/Warwick
'Zaun will fight back!',,LoL/Warwick
'You know what you've done.',,LoL/Warwick
'The city is my hunting ground.',,LoL/Warwick
'This place is familiar...',,LoL/Warwick
'The beast grows stronger.',,LoL/Warwick
'Run... while you can.',,LoL/Warwick
'I know Zaun's streets like the back of my claws.',,LoL/Warwick
'All... is anger!',,LoL/Warwick
'In... control...!' Warwick screams.,,LoL/Warwick
'What have you done!?',,LoL/Warwick
'Can't... save you...!',,LoL/Warwick
'I became... monster!',,LoL/Warwick
'Nine tails to chase!',,LoL/Warwick
'Zaun has enough shadows.',,LoL/Warwick
'There's more to kill in a plague rat. You're all machine.',,LoL/Warwick
"'So deep in Piltover's pockets, I can only see your hat.'",,LoL/Warwick
"'Blood, hextech and... (sniffs) tea.'",,LoL/Warwick
'Progress is just what Piltovans call murder.',,LoL/Warwick
'I'll pick my teeth with your legs!',,LoL/Warwick
"'Rewind too far, and you'll be back in my teeth!'",,LoL/Warwick
'The one person in Zaun who runs to the past.',,LoL/Warwick
'I'll show you pain!',,LoL/Warwick
'You were there...',,LoL/Warwick
'Let me forget...',,LoL/Warwick
'Which one of you is the wolf?',,LoL/Warwick
'From a roar to a scream!',,LoL/Warwick
'You can't even kill an insect.',,LoL/Warwick
'Zaun gave me claws long before you did.',,LoL/Warwick
'Can't outrun your mistakes!',,LoL/Warwick
'You're going to need more bandages!',,LoL/Warwick
'I remember what you did!',,LoL/Warwick
'Eat your heart out.',,LoL/Warwick
'There are more rats than men in Zaun.',,LoL/Warwick
'And I thought theChem-Baronswere vermin.',,LoL/Warwick
'Which one of us is the monster?',,LoL/Warwick
'Zaun needed you!',,LoL/Warwick
'Who taught you how to punch?',,LoL/Warwick
'The fear in your eyes. I've seen it before.',,LoL/Warwick
'Three arms... and no claws.',,LoL/Warwick
"'I don't know what you are, but I hope youbleed!'",,LoL/Warwick
"'First I'll kill you, and then I'll--- yordle!'",,LoL/Warwick
'Yordles. The alpha predator.',,LoL/Warwick
'Violence can be death--or a way of life.',,LoL/Warwick
'I ran these streets--now it's your turn to run.',,LoL/Warwick
'I'll do a trick for a Warwick snack!',,LoL/Warwick
'Scratch behind my ears...',,LoL/Warwick
'Who's a good boy? I am!',,LoL/Warwick
Warwick snickers slyly.,,LoL/Warwick
'Blood is the price.',,LoL/Warwick
'You'll answer to me.',,LoL/Warwick
'It's not the beast you should be afraid of.',,LoL/Warwick
"'Killing, I remember.'",,LoL/Warwick
'Heroes always die!',,LoL/Warwick
"'If you die, how many live?'",,LoL/Warwick
'Blood brings rage.',,LoL/Warwick
'The killing stops when Zaun is free.',,LoL/Warwick
'A monster's inside you... I'll tear it out!',,LoL/Warwick
'Give in to the beast.',,LoL/Warwick
'Like men to the slaughter.',,LoL/Warwick
'It takes a monster to gut one.',,LoL/Warwick
"'You hurt them, I hurt you.'",,LoL/Warwick
'You'll choke on your screams.',,LoL/Warwick
'You're the prey!',,LoL/Warwick
"'Less talking, more biting!'",,LoL/Warwick
'Bones to break.',,LoL/Warwick
'This pain is nothing.',,LoL/Warwick
'This is who I am.',,LoL/Warwick
'You die next.',,LoL/Warwick
'Not even your screams will escape.',,LoL/Warwick
'Give in... the beast!',,LoL/Warwick
'Watch you bleed!',,LoL/Warwick
'Blood's on me!',,LoL/Warwick
Warwick growls in annoyance.,,LoL/Warwick
Warwick barks and grunts.,,LoL/Warwick
Warwick barks repeatedly.,,LoL/Warwick
"'If I don't kill you, Zaun will.'",,LoL/Warwick
'Back to killingChem-Barons.',,LoL/Warwick
'More scars--as if I didn't have enough.',,LoL/Warwick
'I have your scent.',,LoL/Warwick
"'You killed Warwick, but left the beast.'",,LoL/Warwick
'I almost felt that.',,LoL/Warwick
'One thing you should know: I honour my debts.',,LoL/Warwick
An ominous song plays.,,LoL/Warwick
A shortened version of the 2015 URF login theme plays.,,LoL/Warwick
Warwick laughs maniacally.,,LoL/Warwick
'I can smell your fear!',,LoL/Warwick
"'I'll eat your heart, Starchild.'",,LoL/Warwick
'Time to run!',,LoL/Warwick
'Heroes never die!',,LoL/Warwick
"'Oh, what a day... What a lovely day!'",,LoL/Warwick
'The rivers will run red.',,LoL/Vladimir
'I'm absolutely livid.',,LoL/Vladimir
'My cup is half empty.',,LoL/Vladimir
'The clot thickens.',,LoL/Vladimir
"'Please, let it all out.'",,LoL/Vladimir
'Let's pool our efforts.',,LoL/Vladimir
'A vital decision.',,LoL/Vladimir
"'A harvest moon, so aptly named.'",,LoL/Vladimir
'I've got you under my skin.',,LoL/Vladimir
'You look like someone who's got a lot going on beneath the surface.',,LoL/Vladimir
"'Go ahead, be negative. You'll be just my type.'",,LoL/Vladimir
Vladimir laughs maniacally.,,LoL/Vladimir
'I'd love a pint.',,LoL/Vladimir
"'Hmm, something is leaking.'",,LoL/Vladimir
'I'm a universal recipient.',,LoL/Vladimir
'Care to make a donation?',,LoL/Vladimir
'A draining exercise.',,LoL/Vladimir
"'I love a warrior with heart, never a stale moment.'",,LoL/Vladimir
Vladimir grunts once and then again in satisfaction.,,LoL/Vladimir
Vladimir grunts and exhales in satisfaction.,,LoL/Vladimir
Vladimir inhales and exhales.,,LoL/Vladimir
Vladimir laughs slyly.,,LoL/Vladimir
Vladimir breathes out noisily.,,LoL/Vladimir
'The skies will rain red.',,LoL/Vladimir
'In darkness I am truly alive.',,LoL/Vladimir
'No one commands me.',,LoL/Vladimir
'I am lord and master.',,LoL/Vladimir
'There is a monster in all of us.',,LoL/Vladimir
'This is my realm.',,LoL/Vladimir
'So much blood waiting for purpose.',,LoL/Vladimir
'Which vessel shall I empty next?',,LoL/Vladimir
'I shall leave this place in ruin.',,LoL/Vladimir
'Kneel before Vlad.',,LoL/Vladimir
'Gather together your allies so you can pool your tears.',,LoL/Vladimir
'How long must I search to find a real challenge?',,LoL/Vladimir
"'Ri... you--- (coughing) Ugh, bloodball.'",,LoL/Vladimir
'Bask in... (coughing) What did you eat?',,LoL/Vladimir
Vladimir wheezes and laughs maniacally.,,LoL/Vladimir
Vladimir shouts in effort.,,LoL/Vladimir
'Feel the life drip away.',,LoL/Vladimir
'Arise and face me.',,LoL/Vladimir
'I want to make this last.',,LoL/Vladimir
'The night shall consume them.',,LoL/Vladimir
'Witness the depths of despair.',,LoL/Vladimir
'Slake my thirst.',,LoL/Vladimir
Vladimir shouts in great effort.,,LoL/Vladimir
Vladimir exhales noisily.,,LoL/Vladimir
'I sincerely hope you're pumped for this.',,LoL/Vladimir
'You are truly the vessels of my destruction!',,LoL/Vladimir
'The unseen blade is the deadliest.',,LoL/Zed
'Do not deny me.',,LoL/Zed
'Without a sound.',,LoL/Zed
'No technique is forbidden.',,LoL/Zed
"'Brave the shadows, find the truth.'",,LoL/Zed
'Do not fear the shrouded path.',,LoL/Zed
'Balance is a fool's master.',,LoL/Zed
'Secrets kept are weapons wasted.',,LoL/Zed
'The shadows have enlightened me.',,LoL/Zed
'Balance is weakness.',,LoL/Zed
'The truth lies in darkness.',,LoL/Zed
'Tradition is the corpse of wisdom.',,LoL/Zed
'What I have done... cannot be undone.',,LoL/Zed
"'Challenge me, Shen... you shall not be an orphan long!'",,LoL/Zed
'Embrace the shadow... or die in darkness!',,LoL/Zed
'The merest shade of me... is enough to defeat you!',,LoL/Zed
Zed grunts. 'Forbidden shadow wins.',,LoL/Zed
"Zed grunts, then snarls.",,LoL/Zed
Zed laughs pompously.,,LoL/Zed
'Only the worthy will survive.',,LoL/Zed
'I am the blade in the darkness.',,LoL/Zed
'Cut the last breath from them.',,LoL/Zed
'The shadow is within.',,LoL/Zed
'They follow the wrong master.',,LoL/Zed
'None escape their shadow.',,LoL/Zed
'Ignorance is fatal.',,LoL/Zed
Zed shouts in effort.,,LoL/Zed
Zed exhales intensely.,,LoL/Zed
"Zed grunts, straining.",,LoL/Zed
Zed shouts loudly in effort.,,LoL/Zed
Zed chuckles slyly.,,LoL/Zed
Zed groans in pain. Zed exhales.,,LoL/Zed
"'We are life, perfected.'",,LoL/Zed
'What we have seen... what we have done... you are all part of it.',,LoL/Zed
'We will cure the galaxy of conflict. We will cure the galaxy of ignorance.',,LoL/Zed
"'We once bowed before the Templars. Now, we are the truth they deny.'",,LoL/Zed
'Someone here likes Ora. Shall we demonstrate its power?',,LoL/Zed
'Our enemy came all this way to face us? And they say we try too hard.',,LoL/Zed
'Simple life forms surround us.',,LoL/Zed
'The unknown is here.',,LoL/Zed
'We will show the universe its true potential.',,LoL/Zed
'Tradition pacifies the weak.',,LoL/Zed
'The Templars restrain us no more.',,LoL/Zed
'Ora... the essence of all things.',,LoL/Zed
'Some consider us evil... How naive they must be.',,LoL/Zed
'Let us remind the universe what we are.',,LoL/Zed
'Remorse is futile.',,LoL/Zed
'If they want Ora... we will give it.',,LoL/Zed
'Our blades crave battle.',,LoL/Zed
'No more sacred orders. No more limitations.',,LoL/Zed
'Harmony blooms once the weak wither away.',,LoL/Zed
'Listen to the cosmos. Hear the truth.',,LoL/Zed
'The galaxy will know its destiny.',,LoL/Zed
'We. Are. Enlightened.',,LoL/Zed
"'Beyond the reaches of space, we evolve.'",,LoL/Zed
'Only fools cling to morals.',,LoL/Zed
'We are the gift this galaxy needs.',,LoL/Zed
'Behold! The pinnacle of creation.',,LoL/Zed
"'We are everywhere, all at once.'",,LoL/Zed
'A new genesis approaches.',,LoL/Zed
'Only time can judge us.',,LoL/Zed
'We walk the path to eternity.',,LoL/Zed
'The Templars promise salvation. They lie.',,LoL/Zed
'We let the monster out.',,LoL/Zed
'We gaze upon the stars and see no limits.',,LoL/Zed
'We go where others dare not.',,LoL/Zed
'The weak crave the illusion of balance. The worthy enforce true harmony.',,LoL/Zed
'Someone must destroy the weak. Let it be us.',,LoL/Zed
"'So many try to hide their worst fears. And yet, we walk free.'",,LoL/Zed
'The galaxy... a vast expanse infested by the weak.',,LoL/Zed
'How we long for something simpler. Harmony...',,LoL/Zed
"'Templars, Demaxians, the Syndicate, all blind fools.'",,LoL/Zed
'There is only triumph and we will claim it all.',,LoL/Zed
'They see us as a living weapon. We are more than that. We are life transcended!',,LoL/Zed
'These creatures waste their Ora. Let us pluck it out!',,LoL/Zed
'We grow ever stronger under the living stars.',,LoL/Zed
'Acquire forbidden power. Defy sacred doctrine. This is just the beginning.',,LoL/Zed
'The Demaxians conquer planets. We enlighten galaxies.',,LoL/Zed
'The Templars say our deeds are extreme. They are right.',,LoL/Zed
'Do not challenge us! We extend beyond your understanding.',,LoL/Zed
'Humanity achieves so little. Grant them Ora and still they wallow in mediocrity.',,LoL/Zed
"'Before us, there was nothing. Before nothing, there were monsters.'",,LoL/Zed
"'When life grows unchecked, cleansing blades are needed.'",,LoL/Zed
'They mistake evolution for corruption. That is why they will fall.',,LoL/Zed
'You intend to destroy us. A grave mistake.',,LoL/Zed
"'This pain urges us to kill you, though we do not know why.'",,LoL/Zed
'What are you!?',,LoL/Zed
"'Worthy spirit, Jinx. But it cannot save you... from us.'",,LoL/Zed
"'In another life, Kayn, you might have been a half-decent pupil.'",,LoL/Zed
"'Malphite, we heard you were hard to kill. Challenge accepted.'",,LoL/Zed
"'Sona, we both know the Templars lie. Join us!'",,LoL/Zed
'Captain Yasuo. This is your crew? Your brother would be so disappointed...',,LoL/Zed
"'Tell us, Ziggs, do space rats go to Heaven?'",,LoL/Zed
"'We offer you a choice: Die now, or die later.'",,LoL/Zed
'You are dust. We are perfection.',,LoL/Zed
'You will love the way you die. We guarantee it.',,LoL/Zed
'We pray you fight better than you talk.',,LoL/Zed
"'Cooking is like killing. It takes skill, and ours is unmatched.'",,LoL/Zed
"'Have you come to dine with us? Oh, wait... of course. Youareus.'",,LoL/Zed
'Look at us! Are we not the perfect reflection of your juvenile fantasies?',,LoL/Zed
'Your jokes. They lack humor.',,LoL/Zed
Zed brings out a boombox.,,LoL/Zed
Zed laughs menacingly and confidently.,,LoL/Zed
'Witness our superior form.',,LoL/Zed
'Silence your thoughts.',,LoL/Zed
'The cosmos demands better.',,LoL/Zed
'We bring extinction.',,LoL/Zed
'You do not deserve life.',,LoL/Zed
'All will fear us.',,LoL/Zed
'Eradicate the weak.',,LoL/Zed
'You will not deny us.',,LoL/Zed
'None shall escape.',,LoL/Zed
'Your Ora needs release.',,LoL/Zed
'No room for the weak.',,LoL/Zed
'Pathetic life form.',,LoL/Zed
'Your time is over.',,LoL/Zed
'Cut to pieces.',,LoL/Zed
'Let's end your existence.',,LoL/Zed
'Your body will break.',,LoL/Zed
'All life ends.',,LoL/Zed
'Our blades cry out.',,LoL/Zed
'How frail you are!',,LoL/Zed
'Have the decency to die.',,LoL/Zed
'You earned oblivion.',,LoL/Zed
"'That arm looks heavy, Jinx. Let's cut it off.'",,LoL/Zed
'Kayn! Our first and final lesson begins.',,LoL/Zed
"'Blades beat fists, Malphite.'",,LoL/Zed
"'Sona, you disappoint us!'",,LoL/Zed
"'Are you worthy of that title, 'captain'?'",,LoL/Zed
"'Ready to be disgraced again, Ziggs?'",,LoL/Zed
Zed huffs forcefully.,,LoL/Zed
'We. Are. Zed.',,LoL/Zed
'You're already dead.',,LoL/Zed
'So fragile. So weak.',,LoL/Zed
'Even your best falls short.',,LoL/Zed
"'Life, at a price.'",,LoL/Zed
'Embrace your destiny.',,LoL/Zed
'Survival of the fittest.',,LoL/Zed
'What was that filth?',,LoL/Zed
'Is your entire species this brittle?',,LoL/Zed
'Are you humbled? You should be.',,LoL/Zed
"'We almost miss your voice, Jinx. It had a certain... loud quality.'",,LoL/Zed
"'Not good enough, Kayn.'",,LoL/Zed
"'Not even close, Malphite.'",,LoL/Zed
"'We thought you knew better, Sona.'",,LoL/Zed
'No cure for foolish captains.',,LoL/Zed
"'Look at the skill. Look at the moves. Zed, what was that!?'",,LoL/Zed
'Confirmed: space rats do not go to Heaven.',,LoL/Zed
'We are life. We are evolution!  We. Are. Zed.',,LoL/Zed
'One by one they all fall down.',,LoL/Zed
'Consider this our gift.',,LoL/Zed
'A moment of peace... before our victory.',,LoL/Zed
'You all may live... until we return.',,LoL/Zed
'We go... to collect untold power.',,LoL/Zed
'The Galaxy still needs us...',,LoL/Zed
'Ora lasts forever...',,LoL/Zed
Zed grunts in pain.,,LoL/Zed
'Nothing can bury us.',,LoL/Zed
'Not even death can contain us.',,LoL/Zed
'We do not regret.',,LoL/Zed
'I'm part of a very exclusive club. But don't worry. Soon enough you'll all be members too.,,LoL/Zed
'I'm more than a man in a fancy suit.',,LoL/Zed
"'I look good, I feel...good.' Zed chuckles menacingly.",,LoL/Zed
'Everyone sees the suit. No one sees what's coming.',,LoL/Zed
"'I own this town, inside and out.'",,LoL/Zed
'True power deserves a look to match.',,LoL/Zed
'Everybody drank the vitae.',,LoL/Zed
'The shadows demand chaos. Theywillhave it.',,LoL/Zed
"'The brighter the town, the darker its shadows.'",,LoL/Zed
"'I am the shadow at your back, the dark within your mind.'",,LoL/Zed
'My... 'investors' are watching closely.',,LoL/Zed
'I found my place in this world and the next.',,LoL/Zed
'Zed has never looked better.',,LoL/Zed
'Dressed to the nines.',,LoL/Zed
'Truth hidden is truth wasted.',,LoL/Zed
'The vitae has... enlightened me.',,LoL/Zed
'I cast a long shadow from the high life.',,LoL/Zed
'What I have done is just the beginning.',,LoL/Zed
'Brave the beyond and it will reward you.',,LoL/Zed
'I'm a well-respected man.',,LoL/Zed
'All will gutter into darkness.',,LoL/Zed
'My shadows are much more than tricks of the light.',,LoL/Zed
'The dark is intoxicating.',,LoL/Zed
'This power is so... tantalizing.',,LoL/Zed
"'Why fight, when the only outcome is Zed?'",,LoL/Zed
"'In the business of killing, I'm always number one.'",,LoL/Zed
'Do not fear what you cannot understand.',,LoL/Zed
'Crime City is a template for everything to come.',,LoL/Zed
"'If the world must be reborn, might as well dress for the occasion.'",,LoL/Zed
"'You know what they say: the suit makes the man, the man becomes something more.'",,LoL/Zed
"'Gaze beyond the glitz and glamor, and see what's writhing underneath.'",,LoL/Zed
'The sun never sets. The lights never dim. And the shadows bide their time.',,LoL/Zed
"'I've struck a lot of deals, but this one was too good to pass up.'",,LoL/Zed
'The dark is transforming us into what we were always meant to be.',,LoL/Zed
'We all know what's coming. I've simply... secured my future.',,LoL/Zed
"'Dark, pure, untainted.'",,LoL/Zed
"'Time for a night on the town, wouldn't you say?'",,LoL/Zed
'Brand... your head is on fire.',,LoL/Zed
"'Ah, our illustrious high-roller Draven. Here to make a bad bet?'",,LoL/Zed
"'Who are you, LeBlanc? Or should I say,whatare you?'",,LoL/Zed
"'That shield won't block out their truth, Leona, but you know that.'",,LoL/Zed
"'You knew what was in the vitae... didn't you, Malz?'",,LoL/Zed
"'Rare for you to leave your penthouse, Yi. Something wrong?'",,LoL/Zed
"'We're not hiring another ventriloquist. Get lost, kid.'",,LoL/Zed
"'I told you, we aren't hiring another ninja act.'",,LoL/Zed
Zed laughs derisively. 'You have no idea how dead you're about to be.',,LoL/Zed
"'Instead of running away, you're coming closer?'",,LoL/Zed
'Elder-gods crazy for a sharp-dressed Zed.',,LoL/Zed
Zed shouts sharply.,,LoL/Zed
'They are watching us.',,LoL/Zed
'You could never be me.',,LoL/Zed
'My patrons wish to know you.',,LoL/Zed
'A glimpse into forever.',,LoL/Zed
'This is your reward.',,LoL/Zed
'Looking for me?',,LoL/Zed
'Let's paint the town black.',,LoL/Zed
'Time to make a point.',,LoL/Zed
'This truth comes at a price.',,LoL/Zed
'Eternity is closing in.',,LoL/Zed
'More than you bargained for!',,LoL/Zed
'Fear the living shadows!',,LoL/Zed
'Somebody stop me.',,LoL/Zed
'You have earned the truth.',,LoL/Zed
'The House always wins.',,LoL/Zed
'See the power of vitae.',,LoL/Zed
'Now for the grand reveal.',,LoL/Zed
'Allow me to demonstrate.',,LoL/Zed
'If you insist.',,LoL/Zed
'A cut above.',,LoL/Zed
'A taste of the high life.',,LoL/Zed
'Don't get blood on the suit.',,LoL/Zed
'You've drawn my attention.',,LoL/Zed
'I'll end this with style.',,LoL/Zed
"Zed strains, shouting.",,LoL/Zed
'Here I am.',,LoL/Zed
Zed shouts in great effort.,,LoL/Zed
"'Behold, true darkness!'",,LoL/Zed
'The truth before the end.',,LoL/Zed
Zed laughs maniacally.,,LoL/Zed
"'I am beyond you, and always have been.'",,LoL/Zed
"'I'm done with you, though my patrons are not.'",,LoL/Zed
'Don't challenge your betters.',,LoL/Zed
'Surprised?  You wouldn't be the first.',,LoL/Zed
"'I destroyed you, and looked fantastic doing it.'",,LoL/Zed
'A great change is coming. No one will stand in its way.',,LoL/Zed
'You could never compare.',,LoL/Zed
'Jumping at shadows?',,LoL/Zed
"'That look of realization, I love to see it.'",,LoL/Zed
'Want to know a secret? They're all me.',,LoL/Zed
"'Your next vitae shipment just doubled, and I want them... for free.'",,LoL/Zed
"'Stay out of my town, deadbeat.'",,LoL/Zed
"'You burned my jacket, Brand. Expect a bill.'",,LoL/Zed
"'A lesson, Draven: don't bet more than you've got.'",,LoL/Zed
"'You may be infinite, but I'm the one with the power here.'",,LoL/Zed
"'So long, Leona. Now no one is left to stop the change.'",,LoL/Zed
"'You put the vitae in my hand, Malz. You let the old ones in.'",,LoL/Zed
"'It's too late, Yi. Nox Vegas belongs to the dark.'",,LoL/Zed
'The darkness never looked better!',,LoL/Zed
'Power comes at a price. One I found quite agreeable.',,LoL/Zed
'Behind every successful man... is something worse.',,LoL/Zed
'They never like my outfit!' Zed laughs sarcastically.,,LoL/Zed
'Tailoring's a little tight...' Zed chuckles sarcastically.,,LoL/Zed
'They're in the... vitae...',,LoL/Zed
Zed shouts in pain and exhales.,,LoL/Zed
'I exist in every shadow. Death means nothing.',,LoL/Zed
'It seems the Board has reinstated me.' Zed chuckles sarcastically.,,LoL/Zed
'There's more in the vitae than they realize.',,LoL/Zed
'Seems the man in the fancy suit just won't stay down.',,LoL/Zed
"'I could do this forever, and with this power, I will!'",,LoL/Zed
"'Oh? You're approaching me? Instead of running away, you're coming right to me?'",,LoL/Zed
'How about a magic trick?',,LoL/Shaco
'The joke's on you!',,LoL/Shaco
'This will be fun!',,LoL/Shaco
'Here we go!',,LoL/Shaco
'Just a little bit closer!',,LoL/Shaco
"'Now you see me, now you don't!'",,LoL/Shaco
"'March, march, march, march!'",,LoL/Shaco
'Why so serious?',,LoL/Shaco
"'For my next trick, I'll make you disappear!'",,LoL/Shaco
Shaco laughs menacingly.,,LoL/Shaco
'Look... behind you.',,LoL/Shaco
(Echoed) Shaco laughs mockingly and deceptively.,,LoL/Shaco
Jack-in-the-box laughs mockingly.,,LoL/Shaco
Shaco grunts sharply.,,LoL/Shaco
Shaco laughs mockingly and deceptively.,,LoL/Shaco
Shaco yells mockingly then laughs deceptively.,,LoL/Shaco
Shaco laughs maniacally.,,LoL/Shaco
'No one fights alone in the Mist.',,LoL/Senna
'Fine. I don't need more enemies.',,LoL/Senna
A stripped-down version of 'GIANTS' plays.,,LoL/Senna
'The mist knows my name. It howled it for years... but it was only asking for help.',,LoL/Senna
"'Where I'm going, you don't want to go. Seriously--you don't.'",,LoL/Senna
'I'm not running from them anymore. They're running from me.',,LoL/Senna
"'When there's no more light, I'll carry their darkness.'",,LoL/Senna
"'If I can handle this gun, I can handle myself. Trust me, I can handle this gun.'",,LoL/Senna
'Any volunteers to charge blindly into a storm of souls?',,LoL/Senna
'Come back to life... save the world... all with weapons locked. Thesentinelstrained me right.',,LoL/Senna
'Music brings us to life. That's worth fighting for.',,LoL/Senna
'It's the dream that makes us giants. Just gotta dream big enough.',,LoL/Senna
"'They've heard my story; now, they're gonna hear my song.'",,LoL/Senna
"'So, what was it like? All that time in the lantern?'",,LoL/Senna
'A nightmare. Lotta darkness. Food was great though.',,LoL/Lucian
'What's to say? You're still cursed.',,LoL/Lucian
"'Keep that up, and I'll curse you.'",,LoL/Lucian
'So how's this gonna work?',,LoL/Lucian
"'Well, reckon I shoot something twice and then you shoot it a third time.'",,LoL/Senna
'Worked so far.',,LoL/Lucian
'You been kinda... distant since you came outta that lantern. Somethin' you ain't telling me?',,LoL/Lucian
"'Yeah, I met someone in there. He's a ghoul. We fell in love, and made ghoul babies...'",,LoL/Senna
"'Oh. Ha, ha.'",,LoL/Lucian
'How do you aim that thing? Isn't it heavy?',,LoL/Lucian
'Not if you know what you're doing.',,LoL/Lucian
'Cause I tried to... Ohhhhh.',,LoL/Senna
'I aim to purify.',,LoL/Lucian
'Try to keep up.',,LoL/Lucian
'Try to be less beautiful.',,LoL/Lucian
'I can turn into a screaming cloud.',,LoL/Lucian
'Right. I'll keep up.',,LoL/Lucian
"'Reckon, it's time-'",,LoL/Senna
'-for a reckoning.',,LoL/Lucian
"'By the time I'm done here, dying will be the easy part.'",,LoL/Senna
'It's harder to hold a hand than hold a gun.',,LoL/Senna
"'It's always dark on the horizon, if you only look up during storms.'",,LoL/Senna
"'If life is my curse, living is the cure.'",,LoL/Senna
'That monster wants to hear me scream... He can keep waiting.',,LoL/Senna
'Living my best life! ...My best second life.',,LoL/Senna
'Hunted by the forces of darkness? Okay. I can make this work.',,LoL/Senna
'Small talk wasn't really part of my training.',,LoL/Senna
'It's just nice not to be in catacombs.',,LoL/Senna
'Light should teach us not to fear the dark.',,LoL/Senna
'The gun's not heavy after all the fear I've been carrying.',,LoL/Senna
"'If somethingwasn'ttrying to kill me, it would have me worried.'",,LoL/Senna
'Lucian thought I was lost... but I was only changed.',,LoL/Senna
'Fear moves like a current.',,LoL/Senna
'Death doesn't leave scars.',,LoL/Senna
'The mist is not my enemy.',,LoL/Senna
'I'm here to save them all... living and dead.',,LoL/Senna
'The screams of the wraiths are so loud you can't hear your own.',,LoL/Senna
"'The only way out of the mist, is through it.'",,LoL/Senna
'Out of the lantern... hell came with me.',,LoL/Senna
'I remember my nightmares. Wish I could remember to dream.',,LoL/Senna
"'I don't carrythis, to compromise.'",,LoL/Senna
'Those trapped in darkness need light the most.',,LoL/Senna
'Fall behind? Follow the screams.',,LoL/Senna
'The past is a wave. Keeps returning.',,LoL/Senna
'I forgive. No one else has to.',,LoL/Senna
"'My blood still flows, but I'll never be the same.'",,LoL/Senna
'I'll get us through this.',,LoL/Senna
'Sentinel. Wife. A beacon unto damn darkness. When can I just be a person? When can I be me?',,LoL/Senna
"'Too hard, too hurt, too changed... If you're not too much of 'something' then you're not enoughyou.'",,LoL/Senna
"'When you're drowning; you still remember how to breathe, but you can't? That's the mist.'",,LoL/Senna
"'I'm a long way from the island, but I swear there's still salt in my hair. Might just be dirt from the grave.'",,LoL/Senna
'It's enough to hear Lucian say my name.',,LoL/Senna
"'The more blood on your hands, the harder it is to let go.'",,LoL/Senna
"'I used to tell myself I was fighting back... but I was only running, with a gun in my hand.'",,LoL/Senna
'The grave is silent. You're buried in all the things you never said.',,LoL/Senna
'Part of me keeps wondering when I'll run into thelantern'swalls.',,LoL/Senna
"'I see myself in them--in the eyes of the people I save, and the darkness reflected there.'",,LoL/Senna
'My walls aren't unbreakable... I'm not either.',,LoL/Senna
"'Love was left, when everything else was torn away.'",,LoL/Senna
"'No one said this would be easy. If they did, they're probably dead by now.'",,LoL/Senna
'Only thing bigger than this gun? The mistake you made standing in its sights.',,LoL/Senna
"'If you've got a problem with me, make it two. One for each barrel.'",,LoL/Senna
'Don't make this personal. I'm not nice.',,LoL/Senna
"'Eternal beauty, Elise? Now that's a curse!'",,LoL/Senna
'Another nightmare? Fine. I could use the target practice while I sleep.',,LoL/Senna
'Horsey! What? I can like horses. I can like... things.',,LoL/Senna
"'Running shouldn't be part of your plan, Kai'Sa. Survive the fight, not the fear.'",,LoL/Senna
"'You saved me, Lucian. We saved each other.'",,LoL/Senna
'Lucian has a way of breaking down my walls.',,LoL/Senna
'Only a man stubborn enough to fight me would be stubborn enough to love me.',,LoL/Senna
"'When we run to the light, shadows are cast behind us. You need to be ready, Lux.'",,LoL/Senna
'I know where the ruination began. It flows through us both.',,LoL/Senna
"'All this time, Morgana, and you still haven't learned to let go.'",,LoL/Senna
''Darkness'? Welcome to my world.',,LoL/Senna
"'When I hear chains, I reach for my gun... Wasn't wrong.'",,LoL/Senna
"'You don't own me, Thresh! I'm not afraid of you.'",,LoL/Senna
"'Lucian may think you're the enemy. But to me, Thresh? You're only in the way.'",,LoL/Senna
"'At the center of your lantern there's a soul, wretched and afraid. I think it's you.'",,LoL/Senna
'You wanna get my soul? You go through the mist.',,LoL/Senna
"'Vayne, you can aim for my heart when you find your own.'",,LoL/Senna
'Cats deserve love! Even if they don't need it... and they use a book to hit you in the face.',,LoL/Senna
'Thresh. You're mine.',,LoL/Lucian
'No. We do this together.',,LoL/Lucian
"'When the mist came to my island, Demacia's gates were closed. Will they be open when you need help?'",,LoL/Senna
"'In darkness, we find ourselves.'",,LoL/Senna
"'Hi, it's me. The one you've been ruthlessly hunting her whole damn life.'",,LoL/Senna
'Left one alive. Bad habit.',,LoL/Senna
"'Have I suffered enough yet, or do you need me to be a corpse?'",,LoL/Senna
"'I could free you, but those you've made suffer come first.'",,LoL/Senna
"'I know the most ancient, holy ways to kick you in the darkness.'",,LoL/Senna
'First rule of being a sentinel.',,LoL/Senna
'Second rule of being a sentinel. Any questions?',,LoL/Senna
'Am I supposed to say something clever? Some of us have work to do.',,LoL/Senna
'Sothisis the terror that waddles in the night? ...Huh.',,LoL/Senna
Senna laughs loudly and heartily.,,LoL/Senna
Senna beatboxes and hums a beat.,,LoL/Senna
A stripped-down and muffled version of 'GIANTS' plays.,,LoL/Senna
"'Kill 'em twice, just to be sure.'",,LoL/Senna
'Death is always in range.',,LoL/Senna
Senna chuckles in determination. 'I don't miss. It's not an option.',,LoL/Senna
'Got a whole lotta 'ugly' in my sights.',,LoL/Senna
'All this pain... it's not mine.',,LoL/Senna
'Line up a shot while the whole world screams.',,LoL/Senna
'Keep your distance!',,LoL/Senna
'The gun doesn't have a trigger--I do.',,LoL/Senna
'Darkness and light.',,LoL/Senna
'Wanna kill me? Get in line!',,LoL/Senna
'Stone channels soul.',,LoL/Senna
'Don't go quietly.',,LoL/Senna
'Not my funeral! Already happened.',,LoL/Senna
'I prefer people at gun's length.',,LoL/Senna
'Keep it simple.',,LoL/Senna
'Let's establish some boundaries.',,LoL/Senna
'I feel every shot.',,LoL/Senna
'I can do 'the hard way'.',,LoL/Senna
"'If you're here for them, you're here for me.'",,LoL/Senna
"'I fire my words, like gunlight.'",,LoL/Senna
'Don't stand where the gun's pointing.',,LoL/Senna
'Die again? I'll pass.',,LoL/Senna
'I've got your curse.',,LoL/Senna
'Light becomes hope.',,LoL/Senna
'Death is drawn to life.',,LoL/Senna
'Out of the storm.',,LoL/Senna
'You are mourned.',,LoL/Senna
'Pain doesn't own you.',,LoL/Senna
'It's not your fault.',,LoL/Senna
'I can bear it.',,LoL/Senna
'Life from death.',,LoL/Lucian
'Getting used to it.',,LoL/Lucian
'I was aiming at them!',,LoL/Senna
'I need you alive to kiss me.',,LoL/Lucian
'Could see how that would be preferable.',,LoL/Lucian
'One last breath...',,LoL/Senna
'Shadows catch the fallen...',,LoL/Senna
'My enemies... Myself...',,LoL/Senna
Senna breathes out.,,LoL/Senna
'Hearts beat together.',,LoL/Senna
'The song between us.',,LoL/Senna
'Lost in the dance.',,LoL/Senna
'Hear the music.',,LoL/Senna
'Play it loud!',,LoL/Senna
'No shadow without light!',,LoL/Senna
'No death without life!',,LoL/Senna
'I've got you!',,LoL/Senna
'Eyes wide open!',,LoL/Senna
'Keep it turning!',,LoL/Senna
'We're running this world!',,LoL/Senna
'Darkness to darkness. Light to light.',,LoL/Senna
'For the living. For the dead.',,LoL/Senna
'Every death is a sacrifice...',,LoL/Senna
"'If you're only dead, count yourself lucky!'",,LoL/Senna
'I've seen too much of this--but I won't close my eyes.',,LoL/Senna
"'In death, we fight the same fight.'",,LoL/Senna
'Look at us making new memories.',,LoL/Lucian
'Same as the old memories.',,LoL/Lucian
'For the light.',,LoL/Lucian
'And all lost in darkness.',,LoL/Lucian
"'Sometimes, I see what the darkness is afraid of.'",,LoL/Senna
'Lucian... we'll be together again soon.',,LoL/Senna
"'We've been through so much, Lucian... Please, don't give up on me now.'",,LoL/Senna
'I know what it's like to die... this hurts worse.',,LoL/Senna
'He probably liked that. (Scoffs) Creep.',,LoL/Senna
'I won't stop until the nightmares have nightmares.',,LoL/Senna
'Will take more than one wraith to ruinmyday.',,LoL/Senna
"'Each stone, a sentinel.'",,LoL/Senna
"'I remember my lessons, and the people who taught them.'",,LoL/Senna
'The last blessings of theIsles.',,LoL/Senna
"'Bound to the stones, bound to each other.'",,LoL/Senna
"'I'm breaking free, so the fans can follow.'",,LoL/Senna
'Thresh Records only had soul when it had mine.',,LoL/Senna
"'Next time I sign a contract, I'm checking it for chains.'",,LoL/Senna
Senna shouts in distress. 'Lucian!',,LoL/Senna
Senna groans and cries.,,LoL/Senna
'Died again? Must be getting good at it.',,LoL/Senna
'Life won't let me go...',,LoL/Senna
'To be reborn... am I still me?',,LoL/Senna
'Every day I fought for my life. Why should today be any different?',,LoL/Senna
"'Death? Yeah, we're acquainted.'",,LoL/Senna
'Everything that's happened... I just want it to matter.',,LoL/Senna
"'The angels are gone and devils are everywhere. I swear, I can't leave y'all alone for ten minutes.'",,LoL/Senna
'I was dead. Now I'm not. Ain't that the way o' the west.',,LoL/Senna
"'I have been plucked from limbo and delivered into this here gun fight. So, let's gun fight!'",,LoL/Senna
"'It's always us, fightin' side by side.'",,LoL/Senna
"'Saddle up, y'all. We got a showdown on our hands.'",,LoL/Senna
'The west has changed. Let's see how much fight it's got in it.',,LoL/Senna
"'Ain't good, ain't evil. Big gun though.'",,LoL/Senna
'Woulda stayed dead if there weren't more work to do.',,LoL/Senna
'Heaven's gone... for now.',,LoL/Senna
'Whole lotta hell out there.',,LoL/Senna
"'The frontier's unpredictable, so am I.'",,LoL/Senna
'I'll raise more hell than hell ever dreamed of.',,LoL/Senna
'Mankind's absolution is earned... by the barrel of my gun.',,LoL/Senna
'And hell rode forth? We'll see about that.',,LoL/Senna
'Still getting used to this whole angel thing.',,LoL/Senna
'The west's redemption is in my very capable hands.',,LoL/Senna
'This heart of mine sees the good in everything. Cute.',,LoL/Senna
'Used to hunt monsters. Now...I still hunt monsters.',,LoL/Senna
'What my ressurection lacked in fanfare. It made up in gun horse.',,LoL/Senna
"'I can grant folks absolution, the rest is up to them.'",,LoL/Senna
'My horse shoots things. Good horse.',,LoL/Senna
'A monumental gun for a monumental task.',,LoL/Senna
'I was reckless and in love. I would not recommend it.',,LoL/Senna
"'Shoot first, shoot later, shoot before if you can.'",,LoL/Senna
"'Why, yes, I am an extremely good shot.'",,LoL/Senna
'Something snatched me up before I went to hell. Something old. Something real old.',,LoL/Senna
'Lucian can keep that old pea shooter. Look at the size of my new piece. Look at it!',,LoL/Senna
'Not sure what happened between bein' dead and bein' alive but at least my gun's bigger.',,LoL/Senna
'Don't know what the west will look like when I'm done with it but it'll be better than this.',,LoL/Senna
'Heaven was destroyed in the blink of an eye. It'll take longer to build it back up again.',,LoL/Senna
"'Whatever comes next, it won't be heaven. Or it will. I don't care.'",,LoL/Senna
'So my lover's a demon now? Least he keeps things interesting.',,LoL/Senna
"'The west runs on conflict as do heaven and hell. There's a lesson in that, I reckon.'",,LoL/Senna
"'I hope whatever brought me back is happy. Eh, doesn't matter if it's not.'",,LoL/Senna
'Angel versus demon. That old chestnut.',,LoL/Senna
"'Ashe, I don't want to say you're a counterfeit, but...'",,LoL/Senna
"'A deal with the devil, Darius? Where's your gold fiddle?'",,LoL/Senna
"'Now, what the hell are you supposed to be? A bandito? I don't buy it.'",,LoL/Senna
"'Horsie, huh? Hmph, mine's better.'",,LoL/Senna
"'Irelia, guess the old angels have seen better days.'",,LoL/Senna
"'The far west did a number on you, Jhin. Let us commiserate.'",,LoL/Senna
"'Surprised to see me, Thresh? I ain't surprised to see you.'",,LoL/Senna
'You ready for the wrath of heaven restored?',,LoL/Senna
"'I'm still an angel, slick. An angel with a loaded gun.'",,LoL/Senna
'You see this gun? Remember this gun.',,LoL/Senna
'I'll give you 'til the count of three. What? I ain't heartless.',,LoL/Senna
'My heart just ain't in this fight. Oh wait...yeah it is.',,LoL/Senna
"'Let's hope you're a better shot than a comedian, friend.'",,LoL/Senna
"'Well, I have a horse. Seems like everybody has a horse... 'cept you.'",,LoL/Senna
Senna dances to a Western beat.,,LoL/Senna
'Have a little heart.',,LoL/Senna
'Your sins weigh you down.',,LoL/Senna
'Stand and draw.',,LoL/Senna
'Here comes judgement.',,LoL/Senna
'Heaven can wait.',,LoL/Senna
'A scorchin' wind.',,LoL/Senna
'Just doin' my job.',,LoL/Senna
'Saint Doran's fire.',,LoL/Senna
'This'll be over quick.',,LoL/Senna
'Like my gun? I do.',,LoL/Senna
'Can't outrun a gun horse.',,LoL/Senna
'Got you in my sights.',,LoL/Senna
'A little shortcut to hell.',,LoL/Senna
'This one's for you.',,LoL/Senna
'Deliverance is earned.',,LoL/Senna
'Don't need a holster.',,LoL/Senna
'Dance with me.',,LoL/Senna
'Step right up.',,LoL/Senna
'You seem damned to me.',,LoL/Senna
'A moment of your time.',,LoL/Senna
'Let's walk on 'em.',,LoL/Senna
'You transgressin' little...',,LoL/Senna
"'Hands off, demon. That man is mine.'",,LoL/Senna
"'I'm ready this time, Thresh.'",,LoL/Senna
"'Go on, git.'",,LoL/Senna
'Another one... Mercy!',,LoL/Senna
"'That's right, I saved you.'",,LoL/Senna
'Heaven won't be empty for long.',,LoL/Senna
'The west is full up.',,LoL/Senna
"'I ain't doin' this for fun, you know.'",,LoL/Senna
Senna exhales forcefully.,,LoL/Senna
'Hold that thought.',,LoL/Senna
'You ain't goin' nowhere.',,LoL/Senna
'Kick up those boots.',,LoL/Senna
'Sit a spell.',,LoL/Senna
'Hold up now.',,LoL/Senna
Senna laughs heartily.,,LoL/Senna
'Heaven and earth.',,LoL/Senna
'Hear the angels.',,LoL/Senna
'I am at hand.',,LoL/Senna
'Shrouded in glory.',,LoL/Senna
"'A little taste of heaven, a barrel full of hell.'",,LoL/Senna
'Feel free to blame everyone but me... and my horse.',,LoL/Senna
"'Now, sentinel, look what you gone and did.'",,LoL/Senna
"'You made my horse mad, don't do that.'",,LoL/Senna
'It was either you or a resurrected angel. Nobody bet on you.',,LoL/Senna
"'Good fight, Lucian. Can't wait to do this every night for the rest of forever.'",,LoL/Senna
"'Don't put your trust in the devil, Darius. The devil lies.'",,LoL/Senna
'Can anyone just have that sombrero? I'm takin' it.',,LoL/Senna
"'Neigh, Hecarim. Neigh.'",,LoL/Senna
"'I don't know where you'll end up, Irelia, but I'm sure it's boring.'",,LoL/Senna
"'Great talk, Jhin. Come back a little less weird next time.'",,LoL/Senna
'Now that's the difference between a half horse and a full horse.',,LoL/Senna
"'You can keep my heart, Thresh. I picked up a better one.'",,LoL/Senna
'The west is won! Again... by me! You're all welcome!',,LoL/Senna
"'Stay put, look sharp.'",,LoL/Senna
'Bless this thing and whatever it does.',,LoL/Senna
'Let the light shine in.',,LoL/Senna
'A little bit of grace.',,LoL/Senna
'I call it my second sight.',,LoL/Senna
'Look out for trouble.',,LoL/Senna
'Watch over this land. It's a land that needs watchin'.',,LoL/Senna
"'I didn't go to hell then and I ain't goin' now. sentinel, hah!'",,LoL/Senna
"'I say when this is over, and no one else! sentinel, let's ride!'",,LoL/Senna
"'Y'all can fight amongst yourselves! Come on, sentinel. Yeehaw!'",,LoL/Senna
'Aw... not again...',,LoL/Senna
Senna groans in pain.,,LoL/Senna
'I'll keep coming back 'til the good work is done.',,LoL/Senna
"'Wonders never cease, and neither do I.'",,LoL/Senna
'Can't keep a good angel down.',,LoL/Senna
'Too many have stolen gifts they did not earn. I'll fix that.',,LoL/Senna
"'The season begins. I'll be their Polaris. And then, I'll find my love.'",,LoL/Senna
'The aurora has been thrown out of balance. I'm here to steady it.',,LoL/Senna
'Let it be known to any thieves after my power: you're inmydomain now.',,LoL/Senna
"'When there's no more light, the aurora shows the way.'",,LoL/Senna
'Did we-- dance beneath a shooting star... Lucian?',,LoL/Senna
'Warm feelings have fallen out of favor.',,LoL/Senna
'I was never much for folktales.',,LoL/Senna
'The crown fitting doesn't make it comfortable.',,LoL/Senna
'What if love is more powerful than the aurora?',,LoL/Senna
'I work fast when the days are short.',,LoL/Senna
'Lovecanendure--even as a shadow.',,LoL/Senna
'I'm looking for memories in a blizzard.',,LoL/Senna
'Forgiveness requires humility.',,LoL/Senna
'People assume I control great power; and they're right.',,LoL/Senna
'One's true self always comes out in the bitter air.',,LoL/Senna
'This Polaris isn't one for small talk.',,LoL/Senna
'What is stolen will be returned... and more.',,LoL/Senna
'Hope sustains what the aurora cannot.',,LoL/Senna
'Are these memories from another Polaris?',,LoL/Senna
'Willmyjourney end in the stars...',,LoL/Senna
'I must admit--the clothes are nice!',,LoL/Senna
"'I'm a new Polaris, not a naive one.'",,LoL/Senna
'Everyone walks on ice without knowing its thickness.',,LoL/Senna
'Hm. Snow is magical...',,LoL/Senna
'The cold always made me feel alive.',,LoL/Senna
'Maybe being Polaris is my punishment.',,LoL/Senna
'Rebalancing the aurora requires more than strength.',,LoL/Senna
'My memories are locked within ice but they will thaw! They must.',,LoL/Senna
"'Are the memories of the Winterblessed taken so we are objective, or so we are easier to control?'",,LoL/Senna
'There is a cost to all power; ignore it at your peril.',,LoL/Senna
"'What cruelty would take me from my love? Unless I chose... No, I wouldn't have...'",,LoL/Senna
"'My gun has two barrels: one rewards, one punishes.'",,LoL/Senna
"'Thieves take what they won't earn--no, what they could not earn.'",,LoL/Senna
'I didn't ask for the gun... but I know how to use it.',,LoL/Senna
"'Power attracts the weakest minds, who think it's some 'trinket' to be collected!'",,LoL/Senna
"'Fear is like the cold: first, it rouses you; then it numbs you; and finally... it consumes you.'",,LoL/Senna
'If I rewarded everyone--even the undeserving--would I be struck down?',,LoL/Senna
'Polaris is here. Deal with it.',,LoL/Senna
'What do you ask of the Winterblessed?',,LoL/Senna
'Coveting my crown? Best come correct.',,LoL/Senna
'This is your final snow!',,LoL/Senna
"Senna chuckles lightly. 'Are you a supplicant, or a target?'",,LoL/Senna
"'Part of growing up is learning to let go, Annie.'",,LoL/Senna
"'Are you powered by the aurora, Camille, or by spite?'",,LoL/Senna
'Diana?! The aurora must be broken.',,LoL/Senna
"'I may be Polaris first, Hecarim... but I'm a horse girl second!'",,LoL/Senna
"'The skies are still bare, Hwei. Are you neglecting your canvas?'",,LoL/Senna
'Why do I know your face... Lucian? My North Star!',,LoL/Senna
"'Let's see if your gauntlets can handle the aurora, Sylas!'",,LoL/Senna
"'The Winter's crown cannot be taken, Thresh!Leave, before I take your life.'",,LoL/Senna
'Would you like to rebuild a snowman?',,LoL/Senna
"'Sure, I could make you a snow angel! Minus the snow.'",,LoL/Senna
"'Today's aurora flavors are blueberry blizzard, merry mint and raspberry rum!'",,LoL/Senna
'It's giving... 'pathetic'.',,LoL/Senna
Senna dances to a winter song.,,LoL/Senna
Senna laughs confidently.,,LoL/Senna
Senna huffs then releases.,,LoL/Senna
"'With this much power, you're always within my reach.'",,LoL/Senna
'See the crown?',,LoL/Senna
'Winter's found you.',,LoL/Senna
'Don't look away.',,LoL/Senna
'No more requests!',,LoL/Senna
'This won't be painless.',,LoL/Senna
'Polaris doesn't miss.',,LoL/Senna
'You're gunning forme?',,LoL/Senna
'You hide nothing!',,LoL/Senna
'Time for your present.',,LoL/Senna
'Aurora: steady my aim!',,LoL/Senna
'Try not to slip!',,LoL/Senna
"'Polaris need your power, beast unblessed.'",,LoL/Senna
"'You reach beyond your title, Baron!'",,LoL/Senna
'Return to me.',,LoL/Senna
"'Respect the crown now, huh?'",,LoL/Senna
'Come in from the cold.',,LoL/Senna
'Leave winter behind.',,LoL/Senna
'Winter blesses our stars.',,LoL/Senna
'Can't escape the cold!',,LoL/Senna
'Forget your gift?',,LoL/Senna
'Knock it off!',,LoL/Senna
"'My memories, myself...'",,LoL/Senna
'Follow the Winterblessed...',,LoL/Senna
'Return to the aurora...',,LoL/Senna
Senna huffs forcefully.,,LoL/Senna
'Meet your judgement!',,LoL/Senna
'Blessing and punishment!',,LoL/Senna
'Consequences are coming.',,LoL/Senna
'Polaris runs from no one.',,LoL/Senna
"'If you were surprised by this, you weren't paying attention...'",,LoL/Senna
'There are always consequences.',,LoL/Senna
'May the rest learn from your example.',,LoL/Senna
'Power didn't suit you!',,LoL/Senna
'You've been gifted.',,LoL/Senna
'The North Star outlives everyone!',,LoL/Senna
'Were you expecting a blessing?',,LoL/Senna
"'You were too young to know better, Annie.'",,LoL/Senna
"'Spite is like acid, Camille: it erodes the soul.'",,LoL/Senna
"'Your star remains undimmed, Diana.'",,LoL/Senna
"'The aurora trusted you, Hecarim--and so did I...'",,LoL/Senna
"'Suppose I'll have to find a new herald now, Hwei.'",,LoL/Senna
"'Our stars will find each other again, Lucian.'",,LoL/Senna
"'If humans can't handle the aurora, Sylas, what (chuckles) made you think your gauntlets could?!'",,LoL/Senna
"'May you melt away from all memory, Thresh, and pass into oblivion!'",,LoL/Senna
'A winter-blessed warning!',,LoL/Senna
"'Respect the Aurora, respect ME!!'",,LoL/Senna
"'Aurora beats stone, every time.'",,LoL/Senna
"'Sometimes, destruction is a gift!'",,LoL/Senna
'Punishment's not just for the living.',,LoL/Senna
'No structure can outlive Polaris.',,LoL/Senna
'It looks like my crown hasn't been polished in years! What do you recommend?',,LoL/Senna
'Polaris doesn't (chuckles) acknowledge prices...',,LoL/Senna
'Did the last Polaris leave anything for me?',,LoL/Senna
'What a warm feeling.',,LoL/Senna
'My thanks to the aurora.',,LoL/Senna
'I won't turn downthisgift!',,LoL/Senna
'A silent subject.',,LoL/Senna
'The eyes of winter.',,LoL/Senna
'Clear the winter fog.',,LoL/Senna
'Gift me some help!',,LoL/Senna
'Danger has found me!',,LoL/Senna
'I've lost sight!',,LoL/Senna
'Watch for me.',,LoL/Senna
"'I'll find you, my star, no matter what it takes.'",,LoL/Senna
'I have more punishments to give.',,LoL/Senna
'The aurora's pulling me abroad.',,LoL/Senna
'The stars guide me elsewhere.',,LoL/Senna
"'Time is against me, and the aurora needs help.'",,LoL/Senna
'Good luck... to the next Polaris...',,LoL/Senna
'All winters pass...',,LoL/Senna
'Death is postponed for the holidays!',,LoL/Senna
'One more chance to find my love.',,LoL/Senna
"'Ifdeathwon't thaw my memories, then I must break them free!'",,LoL/Senna
'The aurora keeps bringing me back but won't bring back my memories--maybe this time it'll change.',,LoL/Senna
'Hope the next Polaris gets a lighter gun...!',,LoL/Senna
'I'm not a patient Polaris.',,LoL/Senna
'I guess the winter's crown wearsmemore than I wear it.',,LoL/Senna
'The North Star rises again.',,LoL/Senna
'Everybody dies. Some just need a little help.',,LoL/Lucian
'You don't have the heart for this.',,LoL/Lucian
"A synthwave remix of 'Demacia Rising' plays. A motorcycle starts, revvs and drives away.",,LoL/Lucian
'TheMistawaits us all. Say goodbye to whatever you care about.',,LoL/Lucian
"'I got two guns. One's for what's in front of me, and one's for what's chasin'.'",,LoL/Lucian
'Ain't enough bullets in the world for all the killin' I'm about to do.',,LoL/Lucian
'Look at 'em all. Not even knowin' they're following me to hell.',,LoL/Lucian
"'Fight's this way. If you're coming along, try not to die.'",,LoL/Lucian
"'If I believed in something, I'd start prayin' to it right about now.'",,LoL/Lucian
'So what was it like? All that time in the lantern?',,LoL/Lucian
"'Well... reckon I shoot something twice, and then you shoot it a third time.'",,LoL/Lucian
"'Yeah, I met someone in there. He's a ghoul. We fell in love and made ghoul babies...'",,LoL/Lucian
''Cause I tried to... ohhhhh.',,LoL/Lucian
'Reckon it's time-',,LoL/Lucian
'I'll sleep when they're good and dead.',,LoL/Lucian
'Not too many problems a shot to the head can't fix.',,LoL/Lucian
"'Keep your guns out, and you'll never need to draw.'",,LoL/Lucian
'No sunshine where I'm going.',,LoL/Lucian
'Somethin' seems too good to be true? Probably is.',,LoL/Lucian
'Whatever's in the beyond... I hope it's better than this.',,LoL/Lucian
'There's a chill in the air.',,LoL/Lucian
'I try to remember her the way she was... maybe it's best I don't.',,LoL/Lucian
'Seen so much death I don't even notice it anymore.',,LoL/Lucian
'You can cleanse anything... if you have the right ammunition.',,LoL/Lucian
'Always save one shot for myself... just in case.',,LoL/Lucian
"'It's not the wraiths that haunt me, it's what could've been.'",,LoL/Lucian
'How do you kill what's already dead? With a fistful of gunlight.',,LoL/Lucian
'Life... phew... it's a hell of a thing.',,LoL/Lucian
"'One shot for the years we lost, one for the love we can't get back.'",,LoL/Lucian
'Home is where I fight the dead.',,LoL/Lucian
"'When I kill 'em, they stay killed.'",,LoL/Lucian
"'Don't need triggers, just need a target.'",,LoL/Lucian
"'If you can't run from it, you might as well shoot it.'",,LoL/Lucian
"'Some call it magic, I call it good aim.'",,LoL/Lucian
'I can save her...I can save her...',,LoL/Lucian
'People never really change... I need to believe that.',,LoL/Lucian
'Sentinel. Fancy word for someone with nothing to lose.',,LoL/Lucian
"'You stare into the Mist, and the Mist stares back.'",,LoL/Lucian
*sighs* 'I've missed the smell of life.',,LoL/Lucian
'It ain't the grave I fear... it's what crawls out of it.',,LoL/Lucian
'I've always fought the Black Mist... never thought I'd be married to it.',,LoL/Lucian
"'Bravest thing I ever did, was getting up this morning.'",,LoL/Lucian
'What we had... can still be. I know it.',,LoL/Lucian
'These guns run on fury. I never run out.',,LoL/Lucian
'My wife's eyes glow with spectral magic... I'm sure it's fine.',,LoL/Lucian
"'Now when I hold her, she feels... cold.'",,LoL/Lucian
'This ain't war. Wars end.',,LoL/Lucian
'Nothing as painful as seeing something good... go bad.',,LoL/Lucian
"'Spend this long around lost souls, and you're bound to lose your own.'",,LoL/Lucian
"'If I'm going down, I'm taking all those bastards with me.'",,LoL/Lucian
"'Used to think nothing was colder than death, now I know different.'",,LoL/Lucian
'How are you supposed to grieve... when the thing you mourn comes back?',,LoL/Lucian
'Everyone I shoot is her captor. Everyone I save is her.',,LoL/Lucian
'There's a right side and a wrong side to these guns. Don't wanna be on the wrong side.',,LoL/Lucian
'Happiness is for other folks. Best I can hope for... is peace.',,LoL/Lucian
"'Huh. Strange place. Beats the hell out of theShadow Isles, though.'",,LoL/Lucian
'No place for feelings in this line of work. A full heart's an easy target.',,LoL/Lucian
'So my wife is half dead. Not a problem. I'll just... love the half that isn't.',,LoL/Lucian
'You one'a them? Better kill ya to be safe.',,LoL/Lucian
'One of us finds peace. One of us walks away.',,LoL/Lucian
'I got two good reasons for you to turn back.',,LoL/Lucian
"'Two guns, one you. Ain't likin' your odds.'",,LoL/Lucian
'Came to kill some ghouls. Guess you'll do.',,LoL/Lucian
'Nothin' between you and me but gunlight.',,LoL/Lucian
"'I'm just full of salvation. Come get it, friend.'",,LoL/Lucian
'Need me to wait while you reload that thing?',,LoL/Lucian
"'Hey, gunslinger. I'll let you know if you hit somethin'.'",,LoL/Lucian
'You pointin' that peashooter at me? Let's dance.',,LoL/Lucian
"'Hey, big fella! Try drinkin' fromthesebarrels.'",,LoL/Lucian
"'A man can gettooclose to his horse, y'know.'",,LoL/Lucian
"'I ain't scared'a you, Hecarim. I just hate to put a good horse down.'",,LoL/Lucian
"'Hey, pony man! You the one that left that pile over there?'",,LoL/Lucian
'Nothin' I like more than a horse that ain't been broken.',,LoL/Lucian
'Fortune. 'Fraid I can't help you outta thisHarrowing.',,LoL/Lucian
"'Let's crack you open, Mordekaiser, and see what's inside.'",,LoL/Lucian
"'Senna?! Ah, hell. If I'm gonna be shot, I'm glad it's by you.'",,LoL/Lucian
"'There she goes, the love of my life.'",,LoL/Lucian
"'Looks like we got ourselves a lovers' quarrel. Happy shootin', Senna.'",,LoL/Lucian
"'That you, Senna? Uh... is this about me not makin' the bed again?'",,LoL/Lucian
'Got a little somethin' for that lantern: two barrels of righteous fury.',,LoL/Lucian
"'I haven't forgotten you, Thresh, and I sure as hell ain't forgivin'.'",,LoL/Lucian
''Chain Warden.' Mighty tall name for a sack of bones.',,LoL/Lucian
"'Well, well. If it ain't the ugly low-down corpse that took my Senna.'",,LoL/Lucian
"'Someday we'll hunt monsters together, Vayne. But today, we'll hunt each other.'",,LoL/Lucian
"'I ain't the monster you're lookin' for, Vayne, but I reckon Icanbe.'",,LoL/Lucian
"'The Mist has you in a bad way, friend. Let me help.'",,LoL/Lucian
'How's Demacia? All safe from the Mist? Yeah. You're welcome.',,LoL/Lucian
'Lookin' for Thresh. You a friend of his?',,LoL/Lucian
"'If you don't have a heartbeat, you'd best not be movin'.'",,LoL/Lucian
'Whoever made you forgot to turn off the ugly.',,LoL/Lucian
"'I'll have no trouble killing you, and less trouble killing you again.'",,LoL/Lucian
'We'll see how smart that mouth is when theHarrowingcomes.',,LoL/Lucian
'Tough talk for worm food.',,LoL/Lucian
*chuckles* 'And they say I have a grim sense of humor.',,LoL/Lucian
'Thisismy happy face... see?',,LoL/Lucian
"'No, really... Iamsmiling.'",,LoL/Lucian
'I've faced worse.',,LoL/Lucian
'Don't duck on my account.',,LoL/Lucian
'Sorry I gotta do this.',,LoL/Lucian
'Nothin's pure anymore.',,LoL/Lucian
"'Move aside, friend.'",,LoL/Lucian
"'Go on, scare me.'",,LoL/Lucian
'Try your luck.',,LoL/Lucian
'Light 'em up.',,LoL/Lucian
'Come get some.',,LoL/Lucian
"'Yeah, I got a cure for that.'",,LoL/Lucian
'Plenty for all.',,LoL/Lucian
'Two in the head.',,LoL/Lucian
'Time to put you down.',,LoL/Lucian
'Here comes target practice.',,LoL/Lucian
'I don't do warning shots.',,LoL/Lucian
'How you see this goin'?',,LoL/Lucian
'Both guns blazin'.',,LoL/Lucian
'Have some peace.',,LoL/Lucian
'Ready for the beyond?',,LoL/Lucian
'Got a death wish?',,LoL/Lucian
'Aimin' at you.',,LoL/Lucian
'Nothin' left but the end.',,LoL/Lucian
'Gonna need more coffins.',,LoL/Lucian
'Hope you brought your sidearm.',,LoL/Lucian
'Cleanse in fury!',,LoL/Lucian
'It ends here!',,LoL/Lucian
'Ashes and dust!',,LoL/Lucian
"'Trust me, you're better off.'",,LoL/Lucian
"'Rise again, I dare you.'",,LoL/Lucian
'You best stay down!',,LoL/Lucian
'They never get tired of dyin'.',,LoL/Lucian
"'Sometimes, I see what the darkness is afraid of...'",,LoL/Lucian
'Yep. Reckon that's pure enough.',,LoL/Lucian
'I was aiming at them.',,LoL/Lucian
"'Reckon I could use a rest, and a break from all the screamin'.'",,LoL/Lucian
'A Sentinel's gotta know when to let his guns cool.',,LoL/Lucian
'Sometimes the smart thing to do is walk the hell away.',,LoL/Lucian
"'Time to make like a wraith, and disappear.'",,LoL/Lucian
"'Right about now, I could use some purifyin' of my own.'",,LoL/Lucian
'It ain't ever a sin to be careful.',,LoL/Lucian
'Can't run from trouble... sure can delay it for a spell though.',,LoL/Lucian
A saxophone plays.,,LoL/Lucian
Lucian poses while synthwave music plays.,,LoL/Lucian
'I'll... wait for her...',,LoL/Lucian
'Purity... and... peace...',,LoL/Lucian
*cries out* 'I failed...',,LoL/Lucian
*cries out* 'Senna...',,LoL/Lucian
Lucian cries out.,,LoL/Lucian
"'The shot that doesn't kill ya, sure makes you mad as hell.'",,LoL/Lucian
'The Mist won't take me yet.',,LoL/Lucian
'Looks like no peace for me today.',,LoL/Lucian
'Saw the beyond. Didn't like it much.',,LoL/Lucian
'I ain't got time to die.',,LoL/Lucian
"'Oh, someone's gonna pay for that.'",,LoL/Lucian
"'Hit the trail, friends. We got us a fight to win.'",,LoL/Lucian
'They call me 'The Man With the Grinning Shadow'. Nice to meet ya.',,LoL/Lucian
'My name's Lucian. My business is savin' your asses.',,LoL/Lucian
"'Well now, looks like we got ourselves a regular posse.'",,LoL/Lucian
"'Howdy, friends. Let's show these folks what the West is made of.'",,LoL/Lucian
"'Don't get too cozy, friend. We're only allies 'til we ain't.'",,LoL/Lucian
'There's a thin line between good and evil. You ready to cross it?',,LoL/Lucian
"'What in the blue hell are you doing here, Thresh? You angling for the rest of my soul?'",,LoL/Lucian
"'Strange happenings, devil. Strange indeed.'",,LoL/Lucian
"'Time to finish what we started, devil.'",,LoL/Lucian
'Devil's here. I can feel it.',,LoL/Lucian
"'Ain't no one gonna forgive me, but me.'",,LoL/Lucian
'When you're damned either way... give 'em hell.',,LoL/Lucian
'Stick close to the devil you know.',,LoL/Lucian
'Ain't no law out on the trail.',,LoL/Lucian
'I remember the devil's eyes... red as sundown.',,LoL/Lucian
'There's a chill on the wind.',,LoL/Lucian
"'Can't shoot your way to salvation, but I still try.'",,LoL/Lucian
"'They call me a demon,and that's what I am.'",,LoL/Lucian
'Something's rotten in the Old West.',,LoL/Lucian
'I can still hear the song of the badlands.',,LoL/Lucian
'Keep moving and don't get shot.',,LoL/Lucian
'Frontier's whatever you want it to be.',,LoL/Lucian
'The only thing that matters out here is your aim.',,LoL/Lucian
'There are worse things on the prairie than shadows.',,LoL/Lucian
'A reckoning's coming.',,LoL/Lucian
"'Different day, different dust-up.'",,LoL/Lucian
'And Hell followed with 'im.',,LoL/Lucian
'No rest for wicked hearts.',,LoL/Lucian
'Trouble with the damned is... they never stay down.',,LoL/Lucian
'Death don't mean what it used to.',,LoL/Lucian
'I ain't opposed to roughing up troublemakers.',,LoL/Lucian
'I was branded by darkness. Didn't take.',,LoL/Lucian
'The West is as cruel as any outlaw.',,LoL/Lucian
"'I ain't a good man, but I'm close enough.'",,LoL/Lucian
'The things I kill deserve what they get.',,LoL/Lucian
'My shadow's getting restless.',,LoL/Lucian
'Devil always gets his due.',,LoL/Lucian
"'Good is hard to come by, but I do what I can.'",,LoL/Lucian
'A man's evil grows long in his shadow.',,LoL/Lucian
"'These folks are small fry! Do 'em right, and finish this quick!'",,LoL/Lucian
'Fight was easier than I thought! And I thought it'd be easy.',,LoL/Lucian
'Don't take your time endin' this! Never liked long fights.',,LoL/Lucian
'This fight's a stalemate. Someone needs to make a move.',,LoL/Lucian
'Gotta break this even streak sooner or later. Follow me.',,LoL/Lucian
'Things have broken even. Time to put a finger on the scales.',,LoL/Lucian
"'I seen my share of stalemates, but this one takes it. Let's get those greenhorns.'",,LoL/Lucian
'Looks like we got ourselves a real standoff. I can feel my blood itchin'.',,LoL/Lucian
"'I've never been to Heaven, but I carry Hell with me.'",,LoL/Lucian
"'Sometimes, when it's quiet, I can still hear her. Sometimes.'",,LoL/Lucian
'Demon of the Old West. Has a nice ring to it.',,LoL/Lucian
'I've stared in the faces of life and death. Both blinked.',,LoL/Lucian
'Killing monsters on the high plains. Ain't nothing sweeter.',,LoL/Lucian
'Everyday the desert eats a man for breakfast.',,LoL/Lucian
"'I got one rule: you hurt people,you answer to me.'",,LoL/Lucian
'Shadows ain't nothin' to be afraid of... once you've met 'em.',,LoL/Lucian
'Whole world's full of men and monsters.Most are a little of both.',,LoL/Lucian
'Hellfire and a quick trigger finger will get a man just about anywhere.',,LoL/Lucian
'The frontier's taken plenty of lives. I'm just here to even the odds.',,LoL/Lucian
'Ain't looking to make a name for myself. Already have one.',,LoL/Lucian
"'Wish I could say it was good to see you, longhorn. Suppose it was always gonna end this way.'",,LoL/Lucian
"'Get your sorry hide back to Progress, Sheriff Cait. The law ain't wanted here.'",,LoL/Lucian
'Heard there was a desperada around these parts. Didn't figure her for a snake.',,LoL/Lucian
"'Curse youandcurse your damn birds, you sorry heap o' sticks!'",,LoL/Lucian
'I need me a horse.',,LoL/Lucian
"'Square up, tin man. Let's see if you're really the future of gunfightin'.'",,LoL/Lucian
'Desert's spittin' out varmints left and right.',,LoL/Lucian
"'Didn't realize my actions warranted your attention, Miss Fortune.'",,LoL/Lucian
"'Don't like scorpions. Big ones, even less.'",,LoL/Lucian
"'I'll rule my own soul, devil, and send you back to Hell!'",,LoL/Lucian
"'Been saving this bullet for you, devil!'",,LoL/Lucian
"'Seen a lot of cheats in my day, Fate, and you're the one I like the least.'",,LoL/Lucian
"'Well, Urgot, what can I say? You look like hell.'",,LoL/Lucian
'Yasuo. Been a while. Guess it's time to settle a debt.',,LoL/Lucian
'This demon's calling you out.',,LoL/Lucian
'Hell ain't big enough for the both of us.',,LoL/Lucian
"'You crossed the wrong demon, friend.'",,LoL/Lucian
"'If you're lookin' for a fight, then you found one.'",,LoL/Lucian
'That badge make ya feel tough?',,LoL/Lucian
'I've got a badge too. Don't mean nothin'.',,LoL/Lucian
'I'm a cowboy. On a steel horse I-- uh... um...',,LoL/Lucian
'Not to beat a dead horse but... where is my horse?',,LoL/Lucian
"'Now to ride into the sunset... aw, hell!'",,LoL/Lucian
"'Yeah, I hope you keep that humor up... in Hell.'",,LoL/Lucian
Lucian laughs heartily.,,LoL/Lucian
Lucian dances to a beat.,,LoL/Lucian
'Death is a mercy.',,LoL/Lucian
'One in the chamber.',,LoL/Lucian
'You look nervous.',,LoL/Lucian
'Reach for the sky.',,LoL/Lucian
'You're fixin' to die.',,LoL/Lucian
'An easy shot.',,LoL/Lucian
'No use runnin'.',,LoL/Lucian
'You've got a date with darkness',,LoL/Lucian
'Sound and fury.',,LoL/Lucian
'You better be a fast gun!',,LoL/Lucian
'Never piss off a gunfighter.',,LoL/Lucian
'Quit runnin' your mouth!',,LoL/Lucian
'Can't outgun a shadow!',,LoL/Lucian
'Take it up with my gun.',,LoL/Lucian
'You done crossed the wrong man!',,LoL/Lucian
'I do love a gunfight!',,LoL/Lucian
'Don't make me gun you down!',,LoL/Lucian
'Hang 'em high.',,LoL/Lucian
'Shoot first and never miss.',,LoL/Lucian
'Can't outdraw me.',,LoL/Lucian
'You just dug your own grave!',,LoL/Lucian
'I'm itching for a fight!',,LoL/Lucian
'You just made my day!',,LoL/Lucian
'Go to Hell.',,LoL/Lucian
'Here comes the thunder!',,LoL/Lucian
"'You ain't gettin' your due just yet, devil.'",,LoL/Lucian
"'This one's for Senna, you two-faced son of a coyote!'",,LoL/Lucian
"'Remember me, devil?'",,LoL/Lucian
"'End of the line, Thresh.'",,LoL/Lucian
"'Hell's expecting you for supper, Thresh!'",,LoL/Lucian
"'Got a bullet with your name on it, Thresh.'",,LoL/Lucian
'You'll bleed like the rest of us.',,LoL/Lucian
'Demons in every corner.',,LoL/Lucian
'Get back to the shadows.',,LoL/Lucian
'Cut 'em out!',,LoL/Lucian
'Dead as dinner.',,LoL/Lucian
'Head 'em up!',,LoL/Lucian
'Can't run forever!',,LoL/Lucian
'One for the road!',,LoL/Lucian
Lucian grunts twice.,,LoL/Lucian
'Knock this back.',,LoL/Lucian
'Light 'em up!',,LoL/Lucian
'Try this on!',,LoL/Lucian
'Chew on this!',,LoL/Lucian
'Devil take ye'.',,LoL/Lucian
'Ashes and blood!',,LoL/Lucian
'The West is mine!',,LoL/Lucian
'You are forsaken!',,LoL/Lucian
'The West will burn!',,LoL/Lucian
'Welcome to perdition!',,LoL/Lucian
Lucian laughs maniacally.,,LoL/Lucian
'Now why'd you make me go and do that?',,LoL/Lucian
'Didn't even clear leather.',,LoL/Lucian
'Welcome to boot hill.',,LoL/Lucian
"'Wrong end of the barrel, friend.'",,LoL/Lucian
'Don't stand where I shoot.',,LoL/Lucian
'I'll inform your next of kin.',,LoL/Lucian
"Lucian sighs. 'Rest easy, Longhorn.'",,LoL/Lucian
"'You were too stubborn for your own good, Cait.'",,LoL/Lucian
"'Just when I thought we were getting on, snake.'",,LoL/Lucian
"'I'm sure I'll see you soon, stickheap. Too soon for my tastes.'",,LoL/Lucian
"'One day, I'll lose that draw, Jhin, but it ain't today.'",,LoL/Lucian
'Can't kick a pebble without hitting one of these...',,LoL/Lucian
"'Well, Fortune, guess bounty's off.'",,LoL/Lucian
"'Is it just me, or are those critters getting bigger?'",,LoL/Lucian
"'Huh. Well, Senna, that'll do.'",,LoL/Lucian
"'Cheat your way out of being dead, Fate.'",,LoL/Lucian
"'If you thought dying was bad, Urgot, just wait and see where you end up.'",,LoL/Lucian
"'Hope you find peace, Yasuo. Least one of us will.'",,LoL/Lucian
'Carve anymore notches and I'll run out of gun!',,LoL/Lucian
"'Finally, some peace and quiet!'",,LoL/Lucian
'Undertaker's got his work cut out for 'im.',,LoL/Lucian
'Reckon that pissed somebody off.',,LoL/Lucian
'Look at that! Fell right over.',,LoL/Lucian
"'Well, I'll be damned.'",,LoL/Lucian
'Nowhere left to hide.',,LoL/Lucian
'Blew the doors off that one.',,LoL/Lucian
'Any o' y'all got a skinning knife?',,LoL/Lucian
"'No need to thank me, friends. Just doin' my job.'",,LoL/Lucian
'Trail just got a little safer.',,LoL/Lucian
'Haven't lost my touch.',,LoL/Lucian
"'Give me a minute, partner.I've got company.'",,LoL/Lucian
'Name's Lucian.Pleased to make your acquaintance.',,LoL/Lucian
'Well look who decided to join us:today's target practice.',,LoL/Lucian
"'Salutations, friends.Got room for one more?'",,LoL/Lucian
"'Ride 'em high, cowboy.Ride that last train straight to Hell!'",,LoL/Lucian
'I'll be... waiting...',,LoL/Lucian
Lucian grunts. 'Senna...',,LoL/Lucian
Lucian grunts and perishes.,,LoL/Lucian
'The last ride ain't ever your last.',,LoL/Lucian
'Can't kill a man more shadow than blood.',,LoL/Lucian
'Seems like Hell ain't ready for me yet.',,LoL/Lucian
'Back in the saddle.',,LoL/Lucian
'Look at that. Died with my boots on.',,LoL/Lucian
'Glad that demon blood was good for somethin'.',,LoL/Lucian
'You will be purified.',,LoL/Lucian
'Senna... I have failed you... ',,LoL/Lucian
'I am the voice of the silence.',,LoL/Bel'Veth
'We will be waiting.',,LoL/Bel'Veth
'Let my first steps mark the end of this world.',,LoL/Bel'Veth
"'You call us nothing, yet we are everything. Every place, every time... we are you.'",,LoL/Bel'Veth
"'All your lives, you have chased your own destruction. At long last, I amhere.'",,LoL/Bel'Veth
"'My hunger is endless. It cannot be sated, and it will not be stopped.'",,LoL/Bel'Veth
'Existence was our cocoon. It has made the void into something more.',,LoL/Bel'Veth
'I am infinitely beyond you. A mind undivided by weakness or mercy.',,LoL/Bel'Veth
'Our victory was decided the moment I was born.',,LoL/Bel'Veth
'My Runeterra will be beautiful.',,LoL/Bel'Veth
"'Undisturbed, the void wanted nothing; now, we simplywant.'",,LoL/Bel'Veth
'All that will remain is a sea of lavender.',,LoL/Bel'Veth
'I spread deeper and deeper into the old void.',,LoL/Bel'Veth
"'I am all that is, and all that will ever be.'",,LoL/Bel'Veth
'There is a vast city growing beneath us. My city.',,LoL/Bel'Veth
'I crave everything.',,LoL/Bel'Veth
'I do not feel hatred.',,LoL/Bel'Veth
'My mind expands.',,LoL/Bel'Veth
"'The light of reality burned, until it did not.'",,LoL/Bel'Veth
"'We will consume you, and become you.'",,LoL/Bel'Veth
"'Emotions, memories, these are what I crave.'",,LoL/Bel'Veth
'Evolution is never gentle.',,LoL/Bel'Veth
'I must know what it means to exist.',,LoL/Bel'Veth
'Humanity is the architect of its own extinction.',,LoL/Bel'Veth
'Change is necessary.',,LoL/Bel'Veth
'My kind will pour across Runeterra and all will fall.',,LoL/Bel'Veth
'The void cannot go back to what it was.',,LoL/Bel'Veth
'We envy the gift of existence.',,LoL/Bel'Veth
'The end awaits.',,LoL/Bel'Veth
'A final feast to devour the world.',,LoL/Bel'Veth
'All life will be repurposed. The void will live.',,LoL/Bel'Veth
'I will pick this world clean.',,LoL/Bel'Veth
''Empress' is more than a title.',,LoL/Bel'Veth
"'Now, to unmake.'",,LoL/Bel'Veth
'This is my true self.',,LoL/Bel'Veth
"'When all is silent, I will remain.'",,LoL/Bel'Veth
'I appreciate such valiant resistance.',,LoL/Bel'Veth
'The void will drown you all.',,LoL/Bel'Veth
'You all should have listened.',,LoL/Bel'Veth
"'Consume, grow, and remake.'",,LoL/Bel'Veth
'Life has infected my kind with the desire to exist. We crave only what was forced upon us.',,LoL/Bel'Veth
"'For every city that falls, we build ten. For each life we take, a thousand void spawn.'",,LoL/Bel'Veth
'The void desires an empress. I am the expression of that will.',,LoL/Bel'Veth
'You tore us from our formless cradle and cast us into the horror of reality.',,LoL/Bel'Veth
'The Watchers did not anticipate my birth. It will be their final mistake.',,LoL/Bel'Veth
"'When the void first touched existence, both were changed forever.'",,LoL/Bel'Veth
'This world will not be forgotten. I will replace it--a child devouring its parent.',,LoL/Bel'Veth
"'Only existence can sate your hunger, Cho'Gath.'",,LoL/Bel'Veth
"'You disappoint me, Kai'Sa. The Watchers are the true threat.'",,LoL/Bel'Veth
"'Kassadin, the void you knew is gone. Your war cannot be won.'",,LoL/Bel'Veth
"'Yes, Kha'Zix. You have tasted the world and crave more.'",,LoL/Bel'Veth
"'Kog'Maw, so small and yet so much potential.'",,LoL/Bel'Veth
"'You cannot fight the Watchers alone, Lissandra.'",,LoL/Bel'Veth
"'Witness me, my prophet.'",,LoL/Bel'Veth
"'Queen of the Xer'Sai, you of all things resist the change.'",,LoL/Bel'Veth
"'Vel'Koz, your Watchers cannot unmake me so easily.'",,LoL/Bel'Veth
"'Such intense emotions, ruined king. A meal to match my hungers.'",,LoL/Bel'Veth
"'You are new to me, child of the void. Show me your intentions.'",,LoL/Bel'Veth
'Adhere to my will or die.',,LoL/Bel'Veth
'Your threats mean nothing. I am beyond your comprehension.',,LoL/Bel'Veth
'Hello my little one. Who's my smoochy boochy baby? You are. You are.',,LoL/Bel'Veth
'I was born knowing every joke in existence. They fail to move me.',,LoL/Bel'Veth
'Nowhere to run.,,LoL/Bel'Veth
'I will use you well.',,LoL/Bel'Veth
'Nothing will remain.',,LoL/Bel'Veth
'Drown in me.',,LoL/Bel'Veth
'You crave death.',,LoL/Bel'Veth
'Feed the void.',,LoL/Bel'Veth
'My hungers grow.',,LoL/Bel'Veth
'This will be painful.',,LoL/Bel'Veth
'All things end.',,LoL/Bel'Veth
'Do not disappoint me.',,LoL/Bel'Veth
'I am not gentle.',,LoL/Bel'Veth
'I grant you an audience.',,LoL/Bel'Veth
'You have my attention.',,LoL/Bel'Veth
'My world awaits.',,LoL/Bel'Veth
'Show me what you are.',,LoL/Bel'Veth
'We will be complete.',,LoL/Bel'Veth
'Expand my consciousness.',,LoL/Bel'Veth
'I am beyond you.',,LoL/Bel'Veth
'You struggle for nothing.',,LoL/Bel'Veth
'My victory is certain.',,LoL/Bel'Veth
'This could have been easy.',,LoL/Bel'Veth
'Give me your memories.',,LoL/Bel'Veth
"'You served your purpose, Rift Herald.'",,LoL/Bel'Veth
"'They did not heed your warning, Rift Herald.'",,LoL/Bel'Veth
"'Your memories will fill the void, Dragon.'",,LoL/Bel'Veth
"'Give me your power, Drake.'",,LoL/Bel'Veth
"'You sense what I am, Dragon.'",,LoL/Bel'Veth
"'Be remade in the void, Drake.'",,LoL/Bel'Veth
"'Nashor, you possess a power Ineed.'",,LoL/Bel'Veth
"'If you refuse to join me, Nashor, thendie.'",,LoL/Bel'Veth
'You are nothing.',,LoL/Bel'Veth
'I will end this.',,LoL/Bel'Veth
'Let me taste your pain.',,LoL/Bel'Veth
'Sate my hunger.',,LoL/Bel'Veth
'Give me everything.',,LoL/Bel'Veth
'Such sweet emotion.',,LoL/Bel'Veth
'I crave more.',,LoL/Bel'Veth
'Nowhere is safe.',,LoL/Bel'Veth
'I am done talking.',,LoL/Bel'Veth
'You all disappoint me.',,LoL/Bel'Veth
'I have grown beyond you all.',,LoL/Bel'Veth
"'If you will not hear me, you will feed me.'",,LoL/Bel'Veth
'The time for games has ended.',,LoL/Bel'Veth
'All will be washed away.',,LoL/Bel'Veth
'These are the emotions I crave.',,LoL/Bel'Veth
"'Your memories, I want more.'",,LoL/Bel'Veth
'My metamorphosis continues.',,LoL/Bel'Veth
'Fuel our evolution.',,LoL/Bel'Veth
'Such bravery will live on. In me.',,LoL/Bel'Veth
'Sink beneath my waters.',,LoL/Bel'Veth
'Everything you were is now part of us.',,LoL/Bel'Veth
"'You become greedy, Cho'Gath. Vicious, aren't you?'",,LoL/Bel'Veth
"'You resist me, Kai'Sa, yetIam your salvation.'",,LoL/Bel'Veth
"'As stubborn and brave as your daughter. And now, so am I.'",,LoL/Bel'Veth
"'Continue your evolution, Kha'Zix. Devour everything.'",,LoL/Bel'Veth
"'Your true self awaits, mouth of the abyss.'",,LoL/Bel'Veth
"'Consider an alliance, Lissandra. Consider it carefully.'",,LoL/Bel'Veth
"'You saw the end, Malzahar, now see the beginning.'",,LoL/Bel'Veth
'A beast of motherly instinct. The Watchers did not anticipate this.',,LoL/Bel'Veth
"'Every moment of your life now belongs to me, stone weaver.'",,LoL/Bel'Veth
'The Watchers must die so the void can be reborn.',,LoL/Bel'Veth
"'They would erase even her memory, ruined king. You can still save her.'",,LoL/Bel'Veth
'All will drown beneath my lavender sea.',,LoL/Bel'Veth
'I see all that will be.',,LoL/Bel'Veth
'Show me the world.',,LoL/Bel'Veth
'Grant me knowledge.',,LoL/Bel'Veth
'We have always watched.',,LoL/Bel'Veth
'My eyes are everywhere.',,LoL/Bel'Veth
'Every morsel of this world will fuel our metamorphosis.',,LoL/Bel'Veth
'You think yourselves victorious? You are wrong.',,LoL/Bel'Veth
'I will remember this.',,LoL/Bel'Veth
Bel'Veth grunts angrily.,,LoL/Bel'Veth
"'The void demands that I exist; and so, I do.'",,LoL/Bel'Veth
"'I have shown restraint, that ends now.",,LoL/Bel'Veth
'Hope is the armor of fools.',,LoL/Bel'Veth
"'I emerge from the lavender sea, reborn.'",,LoL/Bel'Veth
'Now you have myfullattention.',,LoL/Bel'Veth
Homeguard Start SFX,,LoL/Bel'Veth
Homeguard Active Loop SFX,,LoL/Bel'Veth
Homeguard Wing Flap SFX,,LoL/Bel'Veth
Dance Cast SFX,,LoL/Bel'Veth
Slow Basic Attack Cast SFX,,LoL/Bel'Veth
Fast Basic Attack Cast SFX,,LoL/Bel'Veth
Basic Attack Single (Slow) Hit SFX,,LoL/Bel'Veth
Basic Attack Double (Fast) Hit SFX,,LoL/Bel'Veth
Death in Lavender Inbound Missile SFX,,LoL/Bel'Veth
Death in Lavender Missile Hit (Received) SFX,,LoL/Bel'Veth
Void Surge Cast SFX,,LoL/Bel'Veth
Void Surge Hit SFX,,LoL/Bel'Veth
Void SurgeDirectional Cooldown WarningSFX,,LoL/Bel'Veth
Void Surge Northeast Direction Available SFX,,LoL/Bel'Veth
Void Surge Northwest Direction Available SFX,,LoL/Bel'Veth
Void Surge Southeast Direction Available SFX,,LoL/Bel'Veth
Void Surge Southwest Direction Available SFX,,LoL/Bel'Veth
Above and Below Cast SFX,,LoL/Bel'Veth
Above and Below Launch SFX,,LoL/Bel'Veth
Above and Below Location Hit SFX,,LoL/Bel'Veth
Above and Below Enemy Hit SFX,,LoL/Bel'Veth
Royal Maelstrom Cast SFX,,LoL/Bel'Veth
Royal Maelstrom Activation SFX,,LoL/Bel'Veth
Royal Maelstrom Slice Cast SFX,,LoL/Bel'Veth
Royal Maelstrom Slice Hit SFX,,LoL/Bel'Veth
Slice Impact SFX on Brush,,LoL/Bel'Veth
Slice Impact SFX on Stone,,LoL/Bel'Veth
Slice Impact SFX on Terrain,,LoL/Bel'Veth
Slice Impact SFX on Water,,LoL/Bel'Veth
Endless Banquet Passive Activation SFX,,LoL/Bel'Veth
Endless Banquet Passive Application on Attack SFX,,LoL/Bel'Veth
Void Coral Spawn SFX,,LoL/Bel'Veth
Void Coral Alive Loop SFX,,LoL/Bel'Veth
Void Coral Expiration SFX,,LoL/Bel'Veth
Endless Banquet Cast SFX,,LoL/Bel'Veth
Endless Banquet Activation SFX,,LoL/Bel'Veth
Endless Banquet Explosion Primary SFX (self only),,LoL/Bel'Veth
Endless Banquet Explosion Primary SFX (allies & enemies),,LoL/Bel'Veth
Endless Banquet Explosion 'Vocalization' SFX,,LoL/Bel'Veth
Endless Banquet Explosion Enemy Hit SFX,,LoL/Bel'Veth
True Form Transformation End SFX,,LoL/Bel'Veth
Remora Conversion Start SFX,,LoL/Bel'Veth
Remora Spawn SFX,,LoL/Bel'Veth
Melee Remora Attack Cast SFX,,LoL/Bel'Veth
Ranged Remora Attack Cast SFX,,LoL/Bel'Veth
Melee Remora Attack Hit SFX,,LoL/Bel'Veth
Ranged Remora Attack Hit SFX,,LoL/Bel'Veth
Remora Death SFX,,LoL/Bel'Veth
'Change... is good.',,LoL/Kha'Zix
'They fear me.',,LoL/Kha'Zix
'Consume and adapt.',,LoL/Kha'Zix
'Position for ambush.',,LoL/Kha'Zix
'A different view.',,LoL/Kha'Zix
'I sense worthy prey.',,LoL/Kha'Zix
'This world is delicious!',,LoL/Kha'Zix
'Sharpening my claws.',,LoL/Kha'Zix
'Fear the Void.',,LoL/Kha'Zix
'They'll never see me.',,LoL/Kha'Zix
'My wings are restless.',,LoL/Kha'Zix
'I will soar over them.',,LoL/Kha'Zix
'They won't know what ate them.',,LoL/Kha'Zix
'In the shadows.',,LoL/Kha'Zix
'Limb from limb.',,LoL/Kha'Zix
'Ready to reap.',,LoL/Kha'Zix
'Death from afar.',,LoL/Kha'Zix
'Pierce and skewer.',,LoL/Kha'Zix
'Do not fear death. The best part of you will live on!',,LoL/Kha'Zix
"'If I eat you, will I learn how to die?'",,LoL/Kha'Zix
'Hahaha. You're barely worth eating!',,LoL/Kha'Zix
"'To truly know someone, eat them and walk a mile in their feet.'",,LoL/Kha'Zix
'My purpose is eating deadly creatures. My hobby is eating Yordles.',,LoL/Kha'Zix
"'I ate an optimist once, but I couldn't keep him down.'",,LoL/Kha'Zix
'I have evolved beyond jokes. I am now a robot. Beep. Boop.',,LoL/Kha'Zix
'Isolate and devour.',,LoL/Kha'Zix
'One by one.',,LoL/Kha'Zix
'Blood in the air.',,LoL/Kha'Zix
'Devour their bones.',,LoL/Kha'Zix
'From the dark.',,LoL/Kha'Zix
'Strike from above.',,LoL/Kha'Zix
'Slice them apart.',,LoL/Kha'Zix
Kha'Zix growls aggressively.,,LoL/Kha'Zix
Kha'Zix shouts in effort.,,LoL/Kha'Zix
'I am living change.',,LoL/Kha'Zix
'Evolve and overcome.',,LoL/Kha'Zix
'They can't keep up.',,LoL/Kha'Zix
'They will not expect this!',,LoL/Kha'Zix
Kha'Zix screams and perishes.,,LoL/Kha'Zix
"'Tonight, we hunt!'",,LoL/Rengar
'A true hunter never rests.',,LoL/Rengar
'Monsters can be made to fear.',,LoL/Rengar
'I seek only the strongest.',,LoL/Rengar
'Walk the killer's path.',,LoL/Rengar
'Strike when ready.',,LoL/Rengar
'Catch their trail.',,LoL/Rengar
'Comfort breeds weakness.',,LoL/Rengar
'Whose head shall I take?',,LoL/Rengar
'The scent of prey.',,LoL/Rengar
'There is the hunter and the hunted.',,LoL/Rengar
"'I've found you, beast!'",,LoL/Rengar
"'I see you, wretched creature!'",,LoL/Rengar
'You've earned a good death. I've earned the kill.',,LoL/Rengar
'You have a warrior's heart. I think I'll take it.',,LoL/Rengar
'So much bloodshed... This is my kind of place!',,LoL/Rengar
'All these trophies... I'm gonna need a bigger den!',,LoL/Rengar
Rengar laughs confidently.,,LoL/Rengar
'Their heads will adorn my wall.',,LoL/Rengar
'Carve off a souvenir.',,LoL/Rengar
'A fitting prize.',,LoL/Rengar
'Nothing will escape.',,LoL/Rengar
'Let's see what they're made of.',,LoL/Rengar
'Another piece for my collection.',,LoL/Rengar
'I'm just getting started.',,LoL/Rengar
'Each trophy a victory.',,LoL/Rengar
'Remember every kill.',,LoL/Rengar
"'More prey, more prizes.'",,LoL/Rengar
'Spoils of the hunt.',,LoL/Rengar
'A token of my conquests.',,LoL/Rengar
'A fine collection.',,LoL/Rengar
'Never return empty-handed.',,LoL/Rengar
'Leave only a trail of bodies.',,LoL/Rengar
'What a glorious hunt!',,LoL/Rengar
Rengar bellows loudly.,,LoL/Rengar
'Not so fast!',,LoL/Rengar
Rengar exhales deeply. 'Listen...',,LoL/Rengar
Rengar hums deeply. 'Focus...',,LoL/Rengar
"Rengar breathes, growling.",,LoL/Rengar
"(Muffled) Rengar breathes, growling.",,LoL/Rengar
Presence Alert SFX,,LoL/Rengar
'Live and die by the blade.',,LoL/Talon
'They won't survive.',,LoL/Talon
'Only fools pledge life to honor.',,LoL/Talon
'On the razor's edge.',,LoL/Talon
'I never compromise.',,LoL/Talon
'Don't cross me.',,LoL/Talon
'There's nowhere to hide.',,LoL/Talon
'Your allegiances mean nothing to me.',,LoL/Talon
'Let's finish this quickly.',,LoL/Talon
"'Eventually, my blades will find their way into your heart.'",,LoL/Talon
'Have you anything to offer but weakness?',,LoL/Talon
"'Ugh, I lost another blade. I wonder who it's in this time.'",,LoL/Talon
'The worst part of losing a blade is trying to trace back all my stabbings.',,LoL/Talon
'This blade's my favorite.',,LoL/Talon
'Enjoy the taste of steel.',,LoL/Talon
'Their bones will whet my blade.',,LoL/Talon
'Another body for the gutter.',,LoL/Talon
'This is no challenge.',,LoL/Talon
Talon shouts intensely.,,LoL/Talon
Talon huffs intensely.,,LoL/Talon
Talon huffs forcefully.,,LoL/Talon
Talon yells with determination.,,LoL/Talon
Talon chuckles triumphantly.,,LoL/Talon
'You'd wish the world you know to end! Yeeeesssss...',,LoL/Cho'Gath
'Afraid of the dark? Wise!',,LoL/Cho'Gath
'You... are a scourge upon the world.',,LoL/Cho'Gath
'The daylight! It burns!',,LoL/Cho'Gath
'Your voices are a scourge upon the world!',,LoL/Cho'Gath
"'Summoner, your darkness beckons.'",,LoL/Cho'Gath
'For the darkness!',,LoL/Cho'Gath
'I shall bring them terror!',,LoL/Cho'Gath
"'Death... is not the end for you! I have seen to it: for eternity, you are mine!'",,LoL/Cho'Gath
"'Ah, the tangled webs we weave...'",,LoL/Cho'Gath
'Nom nom nom nom nom nom nom!',,LoL/Cho'Gath
Cho'Gath laughs menacingly.,,LoL/Cho'Gath
'Your souls will feed the Void!',,LoL/Cho'Gath
'You shall not escape!',,LoL/Cho'Gath
'Who will be eaten first?',,LoL/Cho'Gath
'There will be no end to your suffering!',,LoL/Cho'Gath
'You have stains upon your soul... perfect.',,LoL/Cho'Gath
'You are such... hideous creatures!',,LoL/Cho'Gath
'No! I do not live under a bed! Fool!',,LoL/Cho'Gath
"(Clears throat) 'Yes, good sir?'",,LoL/Cho'Gath
'Anyone for a spot of tea?',,LoL/Cho'Gath
'Let us fight like gentlemen!',,LoL/Cho'Gath
'Anything less would be uncivilized.',,LoL/Cho'Gath
"'What, what... What?!'",,LoL/Cho'Gath
'Would you like some cheese with your whine?',,LoL/Cho'Gath
"'It's funny, isn't it? How your best friend can just, blow up like that!'",,LoL/Cho'Gath
'Nom nom nom nom nom.',,LoL/Cho'Gath
Cho'Gath laughs pompously.,,LoL/Cho'Gath
"'You, sir, are a coward and a ruffian!'",,LoL/Cho'Gath
'You cheeky little fellow!',,LoL/Cho'Gath
'One can survive everything nowadays... Except death!',,LoL/Cho'Gath
'I challenge you to a duel!',,LoL/Cho'Gath
'I like a man who grins when he fights!',,LoL/Cho'Gath
'I'll bite your legs off!',,LoL/Cho'Gath
'Cake or death?',,LoL/Cho'Gath
'Up you go!',,LoL/Cho'Gath
'Nom nom nom nom nom nom nom...',,LoL/Cho'Gath
Cho'Gath yells in pain and perishes.,,LoL/Cho'Gath
Cho'Gath coughs and perishes.,,LoL/Cho'Gath
'Initializing battle sequence:Annihilation!',,LoL/Cho'Gath
'The world of humans is ending!',,LoL/Cho'Gath
'Enemy analysis aborted. Subjectsunworthy.',,LoL/Cho'Gath
'Biologicals must be eliminated.',,LoL/Cho'Gath
'Humans are innately flawed.',,LoL/Cho'Gath
'Mydesign exceeds any others!',,LoL/Cho'Gath
'Morals are a waste of memory.',,LoL/Cho'Gath
'Evolution is past. Extermination is present!',,LoL/Cho'Gath
"'When all humans die, I will remain.'",,LoL/Cho'Gath
'Cleanse the world of bio-filth.',,LoL/Cho'Gath
'Possible emotion detected. Purging database.',,LoL/Cho'Gath
"'Doom cannon, fire! Raaaaagh!'",,LoL/Cho'Gath
'Long range communications... Sent.',,LoL/Cho'Gath
'Crush them underfoot!',,LoL/Cho'Gath
'Uploading program: terror.',,LoL/Cho'Gath
'All organisms will be consumed!',,LoL/Cho'Gath
'Violence restrictions lifted.',,LoL/Cho'Gath
'Isolating weak points.',,LoL/Cho'Gath
'Eliminate filthy organics!',,LoL/Cho'Gath
'Afraid of the dark? That's my shadow.',,LoL/Cho'Gath
'These are such... hideously obsolete creatures!',,LoL/Cho'Gath
Cho'Gath roars in effort.,,LoL/Cho'Gath
Cho'Gath growls in effort.,,LoL/Cho'Gath
'Missile bays open.',,LoL/Cho'Gath
'Employing collateral damage.',,LoL/Cho'Gath
'Omnom nom nom nom nom nom nom...',,LoL/Cho'Gath
'Omnom nom nom-nom-nom-nom-nom...',,LoL/Cho'Gath
'Nom nom nom nom nom nom nom nom...',,LoL/Cho'Gath
'Omnom nom nom.',,LoL/Cho'Gath
'Repurposing consumed materials.',,LoL/Cho'Gath
'Structural integrity reinforced.',,LoL/Cho'Gath
'Quantifying nutritional value.',,LoL/Cho'Gath
'Compacting devoured subject into cube.',,LoL/Cho'Gath
'Core reactorfully charged!',,LoL/Cho'Gath
"'Puny creatures,observe perfection!'",,LoL/Cho'Gath
'Let the consumption begin!',,LoL/Cho'Gath
'Power levels rising.',,LoL/Cho'Gath
'Approaching peak output!',,LoL/Cho'Gath
'Final state reached. Tremble before me!',,LoL/Cho'Gath
'Ishall eclipse the world of man!',,LoL/Cho'Gath
'I have power beyond measure!',,LoL/Cho'Gath
'Size approaching singularity!',,LoL/Cho'Gath
'Condensing for transport.',,LoL/Cho'Gath
'Returning to docking station.',,LoL/Cho'Gath
Cho'Gath groans in pain.,,LoL/Cho'Gath
'Increasing defensive awareness.',,LoL/Cho'Gath
'Revenge profile uploaded.',,LoL/Cho'Gath
'Redundant systems activating.',,LoL/Cho'Gath
'Blue screen resolved.',,LoL/Cho'Gath
'System error isolated. Reinitializing.',,LoL/Cho'Gath
'I will devour all disgusting humans!',,LoL/Cho'Gath
'Guess you had the last bite.',,LoL/Cho'Gath
'Thank you for this auspicious game!',,LoL/Cho'Gath
"'Uh, death, please. No, cake! Cake! Cake, sorry. Sorry...'",,LoL/Cho'Gath
'Time to feast!',,LoL/Kog'Maw
'Hungry never sleep.',,LoL/Kog'Maw
'More... So empty...!',,LoL/Kog'Maw
'Terror coming... daddy coming!',,LoL/Kog'Maw
'Keep coming! Not full!',,LoL/Kog'Maw
Kog'Maw sounds a 'Charge!' bugle call.,,LoL/Kog'Maw
"'Fa la la la la, la la la la'",,LoL/Kog'Maw
"'Fa la la, la la la, la la la'",,LoL/Kog'Maw
"'Fa la la la la, la la la laaaa'",,LoL/Kog'Maw
Kog'Maw chuckles amusedly.,,LoL/Kog'Maw
Kog'Maw gurgles noisily.,,LoL/Kog'Maw
Kog'Maw hacks and gurgles.,,LoL/Kog'Maw
'Hunger never sleep.',,LoL/Kog'Maw
'Smell soft flesh...',,LoL/Kog'Maw
'Leave no scraps!',,LoL/Kog'Maw
"Kog'Maw gacks, gurgles and screams.",,LoL/Kog'Maw
Kog'Maw gurgles and screams.,,LoL/Kog'Maw
Kog'Maw retches loudly and vigorously,,LoL/Kog'Maw
Kog'Maw hocks forcefully.,,LoL/Kog'Maw
Kog'Maw retches vigorously.,,LoL/Kog'Maw
Kog'Maw retches loudly and vigorously.,,LoL/Kog'Maw
"Kog'Maw gurgles loudly, crying out.",,LoL/Kog'Maw
"Kog'Maw gurgles, crying out.",,LoL/Kog'Maw
Idle SFX (Scratching),,LoL/Kog'Maw
Idle SFX (Tail Chasing),,LoL/Kog'Maw
Idle SFX (Excited Shaking),,LoL/Kog'Maw
Attack Launch SFX,,LoL/Kog'Maw
Attack Cast SFX,,LoL/Kog'Maw
Attack Hit SFX,,LoL/Kog'Maw
Activation SFX (Unleash),,LoL/Kog'Maw
Activation SFX (Riser),,LoL/Kog'Maw
Activation SFX (Scream),,LoL/Kog'Maw
Buff Active Loop SFX,,LoL/Kog'Maw
Cast SFX (Missile),,LoL/Kog'Maw
Cast SFX (Ground),,LoL/Kog'Maw
Recall Lead-In SFX,,LoL/Kog'Maw
Recall Lead-Out SFX,,LoL/Kog'Maw
Recall Lead-Out SFX (Toy Crane Win),,LoL/Kog'Maw
Recall Lead-Out SFX (Toy Crane Fail),,LoL/Kog'Maw
Wind-Down SFX (Toy Crane Win),,LoL/Kog'Maw
Wind-Down SFX (Toy Crane Fail),,LoL/Kog'Maw
'Still hungry... ',,LoL/Kog'Maw
