phrase,label,source
Increases maximum HP by 7%. +1: +8% +2: +9% +3: +10%,,darksouls3
"Can be selected as a Burial Gift during character creation. Can be bought from the Shrine Handmaid in the Firelink Shrine for 1500 souls after acquiring the Dreamchaser's Ashes. +1 (NG+): Located in the Undead Settlement. Behind Siegward while he is waiting to battle the fire demon. +2 (NG+): Lothric Castle. From the dark room where you fight the pus of man in the wyvern's hand, head outside from the back exit. Turn right and drop down off the ledge. The ring is on a corpse. This version can be picked up here starting in NG+. +3 (NG++): In Untended Graves behind Holy King Lothric's throne.",,darksouls3
Sun Princess Ring,,darksouls3
Gradually restores HP (2 HP/second),,darksouls3
Found in Gwynevere's chamber after Aldrich's boss room.,,darksouls3
Increases HP restored with Estus Flask by 20%,,darksouls3
"Found at the bottom of the Tower on the left side of the Firelink Shrine. Requires the Tower Key, sold by the Shrine Handmaid in Firelink Shrine for 20,000 Souls.",,darksouls3
Ashen Estus Ring,,darksouls3
Increases FP restored with Ashen Estus Flask by 20%.,,darksouls3
Located in the Untended Graves. From the first bonfire head to the left most path. The ring is in the coffin surrounded by Corvians.,,darksouls3
Raises stamina recovery speed by 7 points/second +1: +8 stamina/second +2: +9 stamina/second +3: +10 stamina/second,,darksouls3
"Found in Undead Settlement. After defeating the Demon alongside Siegward of Catarina, scale the nearby building and exit onto the adjacent tower by jumping from the roof. Maneuvering down the tower, the ring will be located under several wooden boxes near the Mirrah Armor Set. +1 Version (NG+) Irithyll of the Boreal Valley. Behind the pedestal with the Ring of the Sun's First Born on top of it. Easily accessible by falling from the ledge near Pontiff Sulyvhan's fog gate or walking from the Church of Yorshka. +2 Version (NG++) From the first Road of Sacrifices bonfire, head to the wagon with the two Corvians. To the left is a crow mage. To the left of him there's a ledge that you can drop down to that has the ring. +3 Version ( The Ringed City ): Take the lift down from the Ringed Inner Wall bonfire. This is the shortcut and will be unlocked as you progress this area. As you go down look for the side passage and roll onto it as you go. Find the hole and drop down to the statue of Gwyn to find this ring.",,darksouls3
Increases maximum Equipment Load by 15% +1: +17% +2: +18% +3: +19%,,darksouls3
"Soul Transposition using Soul of a Stray Demon +1 Version (NG+): Archdragon Peak. From the altar that gives you the Twinkling Dragon Torso Stone, go back down the steps. The ring is to the right of the doorway. +2 Version (NG++): On a wooden beam below the Prison Tower bonfire in Irithyll of the Boreal Valley/Anor Londo, after Painting Guardian Curved Sword and the Painting Guardian Set. +3 Version ( The Ringed City ): Just below where you get invaded by Silver Knight Ledo, on the ledges above the swamp.",,darksouls3
Ring of Favor,,darksouls3
"Increases max HP by 3%, stamina by 9% and Equipment Load by 5% +1: +4.5% / +10% / +6% +2: +5% / +11% / +7% +3: +6% / +12% / +8%",,darksouls3
"Defeat Sulyvhan's Beasts near Archdeacon McDonnell. +1 Version (NG+): Can be found in the room of Pontiff Sulyvahn 's bonfire, but is located upstairs. It can be either accessed by the shortcut in the room or taking the path around. +2 Version (NG++): Located in the Cathedral of the Deep. From the Cleansing chapel bonfire, while facing the bonfire. go through the left shortcut, head up the elevator, climb the ladder behind the tower, drop down to the ledge, and follow the path to the top part of the chapel. To the left there is a hollow with a giant axe. behind him is this ring. +3 Version ( The Dreg Heap ) can be found on a corpse, up a large root in the swamp just after the Earthen Peak Ruins bonfire. Retrieve it in order to progress Lapp's questline.",,darksouls3
"Increases VGR (5), END (5), and VIT (5), and reduces absorptions by 4%",,darksouls3
Soul Transposition using Soul of Champion Gundyr.,,darksouls3
Ring of Steel Protection,,darksouls3
Increases physical absorption by 10% (PVP: +2%) +1: +13% (PVP: +3%) +2: +15% (PVP: +4%) +3: +17% (PVP: +5%),,darksouls3
"Found in the boss arena where you fight the Ancient Wyvern. After entering through the fog gate, head up the stairs until you locate the bell. Then proceed to the right, downstairs. There are three items lying on the ground. Next to the items is a thin ledge that players can walk along. At the end of the path is the ring. +1 Version (NG+): Untended Graves behind the tower that is unlocked by the Tower Key +2 Version (NG++): Located in the Catacombs of Carthus. From the Abyss Watchers Bonfire go down and head left until you find a bridge to your right. The bridge will be defended by a large skeleton carrying a sword and shield. Look down to the left and you will notice an item on a pillar. Drop down from the bridge onto the pillar to obtain this ring. Turn around to find the Carthus Pyromancy Tome. +3 Version ( The Ringed City ): Immediately after The Dreg Heap bonfire, head forward and past the horde of enemies to a corpse. When you try to grab it you will fall and the ceiling will break, and you will fall. Once at the bottom, out the only door, there will be an angel-like hollow firing projectiles at you. Drop down and run past it and take cover behind the building. Now circle around to the other side of the building along the planks (leaving yourself exposed to the Angel's beams) to find a corpse with the ring.",,darksouls3
Magic Stoneplate Ring,,darksouls3
Increases magic absorption by 13% (PVP: +4%) +1: +17% (PVP: +5%) +2: +20% (PVP: +6%),,darksouls3
"Dropped from the greatsword-wielding Consumed King's Knight guarding Oceiros, the Consumed King. +1 Version (NG+): Farron Keep bonfire before the swamp. From that bonfire, make a right and proceed to where the Basilisks are. The ring will be in this area. +2 Version (NG++): Start from the Profaned Capital Bonfire. Take the ladder down into the tower and head through the hole in the wall. From there, turn right and go down the stairs. The ring is at the end of the stairs, on the edge of a cliff.",,darksouls3
Flame Stoneplate Ring,,darksouls3
Increases fire absorption by 13% (PVP: +4%) +1: +17% (PVP: +5%) +2: +20% (PVP: +6%),,darksouls3
"Found on a corpse hanging at a tree overlooking the entrance of the tower with the giant in it at Undead Settlement (the same area where you enter the cage to join the Mound Makers). +1 Version (NG+): Located in the Profaned Capital. In the area with the toxic swamp, climb up the building's ladder and walk along the curved part of roof until you see a hole in the wall to your right. Look down, directly across from the broken section of wall is a small ledge to drop onto and the ring will be on a corpse. +2 Version (NG++): Located in the Demon Ruins. From the Old King's Antechamber bonfire, go down the immediate stairs and follow the path until you come to a fork in the path. Left will be an illusionary wall where there will be a Black Knight fighting a Ghru. The ring will be on a corpse near a wall, along with a Black Knight Sword.",,darksouls3
Thunder Stoneplate Ring,,darksouls3
Increases lightning absorption by 13% (PVP: +4%) +1: +17% (PVP: +5%) +2: +20% (PVP: +6%),,darksouls3
"Archdragon Peak: From the second bonfire, proceed through the area until you get outside, then near the wooden scaffold there is a ladder which leads to the ring +1 Version (NG+) Can be found near the Carthus Milkring, among the many pots in the Catacombs of Carthus +2 Version (NG++): Can be found before the Dragonslayer Armour Boss in Lothric Castle. Before the boss fight there's a door lit by torches. Proceed trough the door and up the stairs. Turn left trough another door then left again to find a hole in the stone railing. Drop down to the ledge below and turn right. Follow the ledge to find this ring. The ring is on the same small rooftop that you would drop down to get Caitha's Chime, it's just on the opposite end.",,darksouls3
Dark Stoneplate Ring,,darksouls3
Increases dark absorption by 13% (PVP: +4%) +1: +17% (PVP: +5%) +2: +20% (PVP: +6%),,darksouls3
"In Anor Londo, following the Pontiff Sulyvahn bonfire. The ring will be guarded by Irithyllian Slaves in an area beneath the Deacons casting Fireball. +1 Version (NG+): Lothric Castle Before entering the fog gate for the Dragonslayer Armour, head left and drop down to fight the Pus of Man on the white Wyvern. Next to the Wyvern is a room with a mimic and a doorway out to a balcony. This ring is located on right side the balcony. +2 Version (NG++): Farron Keep, the Keep Ruins bonfire. Leave the room where you find 3 Ghru enemies on a bridge. Cross the bridge, you can find a dilapidated wall to your left. In front of the wall is a flame you need to extinguish to reach the Abyss Watchers. The ring is behind this wall, you'll need to roll through some crucifixes to reach it.",,darksouls3
Speckled Stoneplate Ring,,darksouls3
"Increases magic, fire, lightning and dark absorption by 5% (PVP: +2%) +1: +7% (PVP: +3%)",,darksouls3
"Found on a corpse in Smouldering Lake, behind a destructible wall on the other side from which you enter. Lure a ballista shot to break the wall apart. +1 Version (NG+) Cemetery of Ash. In the arena where you find the first Ravenous Crystal Lizard.",,darksouls3
Increases bleed resistance by 90 points +1: +140,,darksouls3
"Undead Settlement, in the sewers below Cliff Underside bonfire or beside the Dilapidated Bridge bonfire. The Large Hound-Rat will drop the ring. +1 Version (NG+): Smouldering Lake, make your way through the Demon Ruins to find it in front of the ballista.",,darksouls3
Increases poison resistance by 90 points +1: +140,,darksouls3
Near the first short cut at Cathedral of the Deep behind the Ravenous Crystal Lizard. +1 Version (NG+): Undead Settlement In the graveyard beside the white birch tree (Where the giant is shooting great arrows at you/enemies nearby) you'll find a well hidden in a corner. The ring is on a corpse behind the well.,,darksouls3
Increases curse resistance by 150 points,,darksouls3
"Profaned Capital, toxic swamp in the cave under the wooden bridge.",,darksouls3
"Raises poison, bleed, frost and curse resistances by 40 points +1: +60",,darksouls3
"Grand Archives, near the top floor of building just beyond the area with a balcony overhead and multiple Scholars, there will be a set of bookcases to the right of the stairs which lead you to the room. The ring will be located in the corner past the Clawed Curses. +1 Version (NG+): Located in the High Wall of Lothric. From the Tower on the Wall bonfire, head down to the roof with the transforming undead on it. Before descending the ladder to progress further, look to the nearby rooftop with fencing. Jumping will allow you access the rooftop and the ring will be on a corpse. (The item should be visible before jumping to the rooftop if you need confirmation)",,darksouls3
Increases Strength by 5 levels,,darksouls3
"Lothric Castle, near the Sunlight Shrine.",,darksouls3
Increases Dexterity by 5 levels,,darksouls3
Grand Archives - Found at the top of a tower surrounded by three golden Winged Knights before the stairs to Prince Lothric.,,darksouls3
Increase Intelligence by 5 levels,,darksouls3
"Grand Archives - Facing the wooden bridge where the Crystal Sage teleports to, there is a lever to the right, tucked between the bridge and the bookcases. The ring is on a corpse in a chair in the revealed area.",,darksouls3
Increases Faith by 5 levels,,darksouls3
"Sold by the Shrine Handmaid in Untended Graves. Dropped by the Shrine Handmaid in Untended Graves, even if you've already purchased it from her.",,darksouls3
Covetous Gold Serpent Ring,,darksouls3
Increases Item Discovery by 50 points +1: +75 +2: +100 +3: +125,,darksouls3
"Found next to Siegward of Catarina when he is trapped in Irithyll Dungeon. +1 version (NG+): From the Church of Yorshka bonfire in Irithyll of the Boreal Valley, proceed beyond the graveyard to the dark room with the Irithyllian Slaves. As you're exiting the room through the wide arched doorway, scan the right side for a broken section of railing where you can drop down. The ring will be on a corpse wedged in the corner of the ledge. +2 Version (NG++): Archdragon Peak, in a large area that appears on defeating the Nameless King, on the right side of the arena from the gateway that the bonfire is under, the ring rests at the top of the third stairway. You can also find the Dragonslayer Set and a Titanite Slab in this area. +3 Version ( The Ringed City ): All the way down the stairs from the Shira and left and up the ladder immediately on your left in the swamp. Double back across the bridge, defeating the two Ringed Knights. On a corpse in a room past them with Lapp inside.",,darksouls3
Covetous Silver Serpent Ring,,darksouls3
Fallen foes yield +10% more souls +1: +20% +2: +30% +3: +35%,,darksouls3
"In a chest behind an illusory wall at the top of Firelink Shrine. Located behind Picklepum's indoor nest. +1 Version (NG+): While progressing through Irithyll Dungeon, you'll find an elevator shortcut that heads to the first bonfire of the area. This ring is located on a ledge in the elevator room. +2 Version (NG++): Undead Settlement. In the area after meeting Siegward with the Fire Demon, located on the roof of a shack in the far back of the area. Drop off the wooden ledge outside the room with two Cathedral Evangelists to access it. +3 Version ( The Dreg Heap ) After meeting the first angel that shoots at you fall down onto the perch and continue into the open door archway. From there you should see 2 Knight enemies and on the right-hand side there is an area you enter. You make a right and you should be in some small quarter areas. Proceed all the way to the furthest wall north of you. Turn to the left and hit it to reveal a fog wall. Climb the stairs there and just before you obtain Great Soul Dreg on your left, is a balcony. From that balcony you must drop down and there is the ring.",,darksouls3
Allows attunement of additional spells (+1 attunement slot),,darksouls3
Sold by Irina of Carim for 300 souls.,,darksouls3
Allow attunement of additional spells (+1 attunement slot),,darksouls3
Drops from a Deacon in a tower outside the Cathedral of the Deep.,,darksouls3
Allows attunement of many additional spells (+2 attunement slots),,darksouls3
Rank 1 covenant reward: Blade of the Darkmoon.,,darksouls3
Young Dragon Ring,,darksouls3
Boosts sorcery damage by +12%.,,darksouls3
Starting equipment for the Sorcerer. Given by Orbeck of Vinheim after purchasing several spells.,,darksouls3
Bellowing Dragoncrest Ring,,darksouls3
Boosts sorcery damage by +20%.,,darksouls3
"From the Irithyll Dungeon bonfire, head straight into the large room and then turn right, proceed until the end of the corridor and open the gate with the Jailbreaker's Key. The ring is on the rocks below.",,darksouls3
Great Swamp Ring,,darksouls3
Boosts pyromancy damage by +12%.,,darksouls3
"Starting equipment for the Pyromancer. Dropped by the Great Crab, up the ladder near the Farron Keep bonfire in the Road of Sacrifices.",,darksouls3
Boosts pyromancy damage by +20%,,darksouls3
"Catacombs of Carthus: just after the stray demon, walking towards the 'Abandoned Tomb' Bonfire, there will be a corpse holding the ring at the end of a hallway.",,darksouls3
Boosts miracle damage by 12%,,darksouls3
Under the bridge between the 1st and 2nd bonfires of Road of Sacrifices. There is an area to the right of the bridge's beginning where players may drop down into the cave.,,darksouls3
Ring of the Sun's First Born,,darksouls3
Boosts miracle damage by 20%,,darksouls3
"In Irithyll of the Boreal Valley. From Pontiff Sulyvahn's room, head back out towards the railing and fall straight onto the altar below.",,darksouls3
Lingering Dragoncrest Ring,,darksouls3
Extends length of spell effects by 30% +1: +35% +2: +40%,,darksouls3
"Farron Keep, Keep Ruins bonfire. Drops from the Great Crab patrolling a white birch tree. +1 Version (NG+): Found next to the giant crab just below the Crucifixion Woods bonfire in the Road of Sacrifices. +2 Version (NG++): Located in Lothric Castle. Before the Lothric Prince Boss fight, there is a dome shaped roof with three golden Winged Knights. Go up the spiral staircase at the center of the dome shaped roof. You'll encounter a ladder, don't go up the ladder, instead go around the ledge to find this ring on a corpse hidden in an alcove.",,darksouls3
Spell casting speed increased as if you had +30 DEX +1: +35 +2: +40,,darksouls3
"Found to the left of the swamp area of Road of Sacrifices inside a room with an enemy. +1 Version (NG+): found in the rafters above the Archives. Drop down from the roof where the golden winged knights are located. +2 Version (NG++): Located in the Consumed King's garden. When initially taking the elevator down, get off halfway to a ledge. Turn left and drop down onto some broken stairs. Pick up the item here and look to the left to find the ring on another set of broken stairs. You can get over there with a well-timed roll.",,darksouls3
Dusk Crown Ring,,darksouls3
Reduces spells' consumption of FP by 25% at the cost of 15% less max HP,,darksouls3
Located in the Irithyll Dungeon. The ring is in a cell beside the open area with six patrolling Jailers.,,darksouls3
Strengthens thrust weapon counter attacks by 15%,,darksouls3
"Found in a chest on the second floor of the room with Gwynevere's painting in Irithyll of the Boreal Valley. Just beyond where either Siegward of Catarina is located during his questline or, more commonly notable, the Estus Soup is placed.",,darksouls3
Increases poise by 4 points +1: +6 +2: +8 +3: +9,,darksouls3
"Rank 2 covenant reward: Watchdogs of Farron. +1 Version (NG+) Can be found on a corpse immediately outside the Keep Ruins bonfire building. +2 Version (NG++): Can be found in Cemetery of Ash, after the Iudex Gundyr boss fight. It's lying behind the golden door, on the left. +3 Version ( The Ringed City ): Dropped by Alva, Seeker of the Spurned.",,darksouls3
Extends the range of arrows,,darksouls3
"Dropped from the Giantat the top of the tower in the Undead Settlement, upon His Death.",,darksouls3
Increases Critical Damage by 30%,,darksouls3
"Found in Untended Graves, behind a Black Knight standing guard where the Starved Hound is found when at the Firelink Shrine.",,darksouls3
Knight Slayer's Ring,,darksouls3
Enemies lose 20% more stamina when guarding attacks.,,darksouls3
"Defeating the dark phantom of Knight Slayer Tsorig at Catacomb of Carthus. Location to summon him is in a barred area beside the Skeleton Ball's path or the Hound-Rats. Or if the invasion was skipped, gained from killing Knight Slayer Tsorig at Smouldering Lake. After the basilisks, turn left at the bottom of the stairs.",,darksouls3
Ring of the Evil Eye,,darksouls3
Absorb +30 HP from each defeated foe. +1: +33 +2: +35 +3: +37,,darksouls3
"Quest Reward: Anri of Astora. Obtained when Anri relocates to the Church of Yorshka. +1 Version (NG+): Can be found just before Deacons of the Deep fight, at the back of the altar. +2 Version (NG++): Located in the High Wall of Lothric. From the second bonfire, head down to the roof with the first crystal lizard and the enemy that morphs. Climb the ladder down. Run past the spear wielding Lothric knight. Head down into the room with the estus shard on the mantle. The ring will be on the wall to the left, hidden behind a barrel. +3 Version ( The Ringed City ): Dropped from a mimic inside the spiral crypt across the bridge from the Ringed City Streets bonfire shortcut.",,darksouls3
Reduces Skill FP consumption by 25%,,darksouls3
Acquired by talking to Hawkwood after defeating the Abyss Watchers.,,darksouls3
Reduced damage taken from backstabs by 30%,,darksouls3
"Found in the Consumed King's Garden. When taking the second elevator in the area which grants a shortcut, get off early to reach a ledge with a Lothric Priest. The ring will be beside him.",,darksouls3
Enemies lose 40% more Stamina when guarding against your kicks,,darksouls3
Sold by Unbreakable Patches for 500 souls. Dropped by Unbreakable Patches upon his death.,,darksouls3
Wood Grain Ring,,darksouls3
Increases weapon durability by 20% +1: +30% +2: +40%,,darksouls3
"Purchased from the Shrine Handmaid after Easterner's Ashes is turned in. +1 Version (NG+): Behind the first elevator in the Consumed King's Garden, at the bottom. +2 Version (NG++): Irithyll of the Boreal Valley - Run past the room with the three Silver knights (room that contains Gwynevere's painting and Smough's hammer in a chest), go outside, turn right and the ring is located in an alcove.",,darksouls3
Lowering equip load increases attack power up to 15%,,darksouls3
Looted from a corpse on the top of a roof at Undead Settlement: In the area where you fight the Fire Demon with Siegward of Catarina.,,darksouls3
Magic Clutch Ring,,darksouls3
Increases magic attack by 15% (PVP: +8%) Reduces physical absorptions by 10% (PVP: -15%),,darksouls3
"Irithyll of the Boreal Valley - From the Church of Yorshka bonfire, go back the way you came from. Head down the curved staircase and then left through the archway. Ahead up more stairs and to the right of the Fire witch and 2 Pontiff Knights is an illusionary wall. Behind which you'll find the ring.",,darksouls3
Fire Clutch Ring,,darksouls3
Increases fire attack by 15% (PVP: +8%) Reduces physical absorptions by 10% (PVP: -15%),,darksouls3
"On a corpse in the Undead Settlement. Behind the gallows on a wooden bridge, an area directly above the Cliff Underside Bonfire.",,darksouls3
Lightning Clutch Ring,,darksouls3
Increases lightning attack by 15% (PVP: +8%) Reduces physical absorptions by 10% (PVP: -15%),,darksouls3
"On a corpse in Archdragon Peak, to the left of the gate that leads to the Ancient Wyvern.",,darksouls3
Dark Clutch Ring,,darksouls3
Increases dark attack by 15% (PVP: 8%) Reduces physical absorptions by 10% (PVP: -15%),,darksouls3
Dropped by a mimic in the Irithyll Dungeon. After passing the giant there is a hallway with rats. The mimic is at the end of the hallway on the left side.,,darksouls3
Red Tearstone Ring,,darksouls3
Increases damage by 20% when HP is below 20%,,darksouls3
"Lothric Castle - Facing away from the Dragonslayer Armour Boss, to the left there is an elevator. Beside the elevator is a door to the balcony. Follow the balcony to the right to find this ring.",,darksouls3
Blue Tearstone Ring,,darksouls3
Increases absorptions by 20% (PVP: 15%) when HP is below 20%,,darksouls3
Given by Greirat of the Undead Settlement.,,darksouls3
Lloyd's Sword Ring,,darksouls3
Increases attack by 10% when HP is full (>99%),,darksouls3
"On a corpse inside Cathedral of the Deep, near the entrance on a ledge next to the Giant who attacks you when running by.",,darksouls3
Lloyd's Shield Ring,,darksouls3
Increases absorptions by 20% when HP is full (>99%),,darksouls3
"Can be bought from the Shrine Handmaid, after Paladin's Ashes are given to her.",,darksouls3
Increases DEX by 3 levels and obscures the wearer while rolling.,,darksouls3
Found within the Catacombs of Carthus just after the first bonfire in a room with many vases.,,darksouls3
Increases duration of invincibility while rolling and reduces absorptions by 30%,,darksouls3
"Found at Catacombs of Carthus, from the second bonfire past the wheel skeletons.",,darksouls3
Pontiff's Right Eye,,darksouls3
"Increases damage of consecutive attacks by +3% / +5% / +11%, as long as attacking persists.",,darksouls3
"Located in the Irithyll of the Boreal Valley. Drops from the Sulyvahn's Beast, who spawns either on the bridge entering Irithyll, or the water below the bridge if you fail to kill it the first time.",,darksouls3
Pontiff's Left Eye,,darksouls3
Restores 30 HP after a certain amount of successive attacks.,,darksouls3
Soul Transposition using Soul of Boreal Valley Vordt.,,darksouls3
Recovers 85 HP from critical attacks,,darksouls3
Dropped by the Deep Accursed in Anor Londo.,,darksouls3
Recovers 15 FP from critical attacks,,darksouls3
Dropped by the Deep Accursed in the Cathedral of the Deep.,,darksouls3
"Prevents fall damage, but falling a lethal distance still kills you.",,darksouls3
Given by Sirris of the Sunless Realms after helping her defeat Creighton in Irithyll of the Boreal Valley.,,darksouls3
Slumbering Dragoncrest Ring,,darksouls3
Movement and rolling are silent.,,darksouls3
"Given by Orbeck of Vinheim after you have purchased Aural Decoy, Farron Flashsword, Pestilent Mist, and Spook, along with the 'Silent Ally' gesture.",,darksouls3
"Enemies need to be closer to notice you with sight, and you are invisible to other players beyond a certain distance",,darksouls3
"Rank 1 covenant reward: Rosaria's Fingers. Note: in order to get this ring and the Silvercat Ring in one playthrough, only offer the Pale Tongues to Rosaria, Mother of Rebirth after getting the Silvercat ring from Sirris of the Sunless Realms.",,darksouls3
Untrue Dark Ring,,darksouls3
Retain human appearance while hollow and appear as a host in other worlds.,,darksouls3
Purchased from Yuria of Londor.,,darksouls3
Untrue White Ring,,darksouls3
Take the appearance of a white phantom at all times,,darksouls3
"Use the animations of the opposite gender (run and walk animations, emotes, etc.)",,darksouls3
"Found in the Darkmoon Tomb in Anor Londo to the right of the altar. For reference, the Darkmoon Tomb is hidden behind an illusory wall in the circular room before the lever which controls the platform leading to the Anor Londo bonfire.",,darksouls3
Easier to be detected by enemies.,,darksouls3
Dropped from Ludleth of Courland when killed or can be obtained by visiting his throne before beginning the next Journey.,,darksouls3
Reduces absorptions by 100%,,darksouls3
Archdragon Peak. Use the 'Path of the Dragon' gesture at the altar near the Dragon-Kin Mausoleum bonfire. The Drakeblood Knight spawns just next to this altar.,,darksouls3
Ring of Sacrifice,,darksouls3
"Its wearer will lose nothing upon death, but the ring itself breaks.",,darksouls3
"High Wall of Lothric: On an awning reachable by a minor jump in the courtyard. This area is patrolled by a Winged Knight and the stairs that lead to the platform which players must jump from is guarded by a Hollow Soldier. Yuria of Londor (or Shrine Handmaid if given Yuria's ashes): Three of them can be bought from her, for 5000 souls each. Road of Sacrifices: One can be found on a corpse hanging on a ledge overlooking the Crucifixion Woods. Consumed King's Garden: One can be found on a corpse in the toxic swamp to the left exiting the initial elevator. 'Nestling' Crow: Give Loretta's Bone to the Crow to receive a Ring of Sacrifice.",,darksouls3
Increases frost resistance by 140.,,darksouls3
"Given to you after meeting and speaking with Sister Friede, near the Rope Bridge Cave bonfire, in the cathedral at the Painted World of Ariandel.",,darksouls3
Use to restore some HP.,,darksouls3
Ashen Estus Flask,,darksouls3
Use to restore some FP.,,darksouls3
Found on a body at the very beginning of the game,,darksouls3
Use to fully restore HP and cure all ailments.,,darksouls3
"Burial Gift One can be bought by Greirat of the Undead Settlement for 8,000 souls after a scavenging trip. Dropped by a Silver Knight in the manor. 1x in a chest in Irithyll of the Boreal Valley, on the top floor of the manor. 1x at Grand Archives.",,darksouls3
Fully recover FP,,darksouls3
Restores 20% of maximum HP + 100 HP. + Temporarily boosts frost resistance by 150 for 60 seconds.,,darksouls3
Given by Siegward of Catarina,,darksouls3
Use to increase your Stamina regeneration (+6) for 60 seconds.,,darksouls3
High Wall of Lothric (2x) Road of Sacrifices (2x) Sold by Shrine Handmaid,,darksouls3
Budding Green Blossom,,darksouls3
Use to increase your Stamina regeneration (+9) for 60 seconds.,,darksouls3
Found in Irithyll of the Boreal Valley. Extremely rare drop from Sewer Centipedes in Irithyll sewers. A unique version can be bought from the Shrine Handmaid during Sirris ' questline.,,darksouls3
Repairs equipped weapons and armor.,,darksouls3
Sold by Shrine Handmaid for 600 souls 2x Found at Undead Settlement: Head left from the Undead Settlement bonfire into a house. Go to the lower floor and head out into the balcony. On the right side corner of the balcony you will find them on a corpse by a wall. 4x Found in the Farron Keep swamp near the Golden Scroll.,,darksouls3
Blue Bug Pellet,,darksouls3
15% boost in magic damage absorption for 120 seconds.,,darksouls3
Road of Sacrifices,,darksouls3
Yellow Bug Pellet,,darksouls3
15% boost in lightning damage absorption for 120 seconds.,,darksouls3
Catacombs of Carthus Smouldering Lake,,darksouls3
Red Bug Pellet,,darksouls3
15% boost in fire damage absorption for 120 seconds.,,darksouls3
Sold by Unbreakable Patches for 1000 Souls.,,darksouls3
Black Bug Pellet,,darksouls3
15% boost in dark damage absorption for 120 seconds.,,darksouls3
"Sold by the Shrine Handmaid for 1,500 souls. (after giving her the Dreamchaser's Ashes ) Found on top of the small hill right in front of the Abyss Watchers arena (x3). Found in the Catacombs of Carthus before the suspension bridge (x2). Dropped by Ghru (leaper) in Farron Keep.",,darksouls3
"Temporarily boosts bleed, poison, frost and curse resistance for 60 seconds.",,darksouls3
"Rare drop from Basilisk Sold by the Shrine Handmaid for 1.500 souls, after giving her the Dragon Chaser's Ashes.",,darksouls3
Bloodred Moss Clump,,darksouls3
Reduces bleeding build-up.,,darksouls3
Sold by Greirat of the Undead Settlement for 500 souls. Rare drop from Lesser Crabs. Found in the Catacombs of Carthus (x3).,,darksouls3
Purple Moss Clump,,darksouls3
Reduces poison build-up. Cures poison.,,darksouls3
"6x Sold by Shrine Handmaid for 500 souls. Infinite supply sold by Shrine Handmaid after giving her Paladin's Ashes. Rare drop from lesser crabs in Road of Sacrifices. 3x Found along the wall in the swamp, to the right of the Farron Keep bonfire exit. 4x Found on top of a broken walkway path near the first extinguishable fire in Farron Keep. 2x Found right in front of the second extinguishable fire in Farron Keep.",,darksouls3
Blooming Purple Moss Clump,,darksouls3
Reduces poison and toxin build-up. Cures poison and toxin.,,darksouls3
"Sold by Shrine Handmaid for 1000 souls after giving her Excrement-covered Ashes. 3x Found in Profaned Capital, on a plank walkway overlooking the toxic swamp. Dropped by Lesser Crab in Catacombs of Carthus.",,darksouls3
Rime-Blue Moss Clump,,darksouls3
Reduces frost build up. Cures frostbite status.,,darksouls3
"Sold by Shrine Handmaid for 500 souls after giving her Prisoner Chief's Ashes. 1x Found on a corpse next to the Irithyll of the Boreal Valley bonfire. 2x Found beside a tree, across the road of the second Fire Witch in Irithyll of the Boreal Valley. Dropped by Lesser Crab in Catacombs of Carthus.",,darksouls3
Reduces undead curse build-up. Cures hollowing.,,darksouls3
Purchase from Yuria of Londor for 4500 souls. Profaned Capital Purchase form merchant at Untended Graves for?? souls.,,darksouls3
Charcoal Pine Bundle,,darksouls3
Applies +85 fire damage to right-hand weapon for 60 seconds.,,darksouls3
Sold by Shrine Handmaid for 500 soul after giving her Mortician's Ashes. Dropped by peasant hollows in Undead Settlement.,,darksouls3
Applies +110 fire damage to right-hand weapon for 10 seconds.,,darksouls3
Sold by Shrine Handmaid for 300 soul after giving her Mortician's Ashes. Dropped by sickle-wielding hollows in Undead Settlement. 4x found in Undead Settlement,,darksouls3
Gold Pine Resin,,darksouls3
Applies +95 lightning damage to right-hand weapon for 60 seconds.,,darksouls3
3x Sold by Shrine Handmaid after giving her Dreamchaser's Ashes. 2x at High Wall of Lothric Sold by Shrine Handmaid after giving her Xanthous Ashes.,,darksouls3
Gold Pine Bundle,,darksouls3
Applies +120 lightning damage to right-hand weapon for 10 seconds.,,darksouls3
"6x Sold by Shrine Handmaid after giving her Dreamchaser's Ashes. 6x Found in Farron Keep, near the white birch and the Large Crab. Sold by Shrine Handmaid for 600 souls after giving her Xanthous Ashes.",,darksouls3
Pale Pine Resin,,darksouls3
Applies +90 magic damage to right-hand weapon for 60 seconds.,,darksouls3
"Sold by Shrine Handmaid for 1000 souls, after giving her Prisoner Chief's Ashes.",,darksouls3
Human Pine Resin,,darksouls3
Applies +95 dark damage to right-hand weapon for 60 seconds.,,darksouls3
Sold by Unbreakable Patches for 1500 Souls. 1x on a corpse near the group of slugs in Consumed King's Graden. 2x on a corpse beside a staircase past the slugs in Consumed King's Garden. Dropped by skeleton at Undead Settlement behind the locked door.,,darksouls3
Rotten Pine Resin,,darksouls3
Applies +45 poison effect to right-hand weapon for 60 seconds.,,darksouls3
Sold by Shrine Handmaid,,darksouls3
Applies +20 bleed damage to right-hand weapon for 60 seconds.,,darksouls3
Catacombs of Carthus,,darksouls3
Temporarily disables special effects in vicinity.,,darksouls3
Cathedral of the Deep,,darksouls3
Increases Item Discovery by 50 for 60 seconds.,,darksouls3
Can be purchased from Unbreakable Patches for 200 souls each. 1x Can be found above and to the left of the bonfire at the Dilapidated Bridge in the Undead Settlement 2x Found behind some crates to the left of the main gate in the Cathedral of the Deep. 2x Found at the top of a short ladder right below the Profaned Capital bonfire.,,darksouls3
Rusted Gold Coin,,darksouls3
Increases Item Discovery by 100 for 60 seconds.,,darksouls3
"7x can be obtained as a Burial Gift. 1x Found in Farron Keep, hidden behind the wall next to the third extinguishable fire, where Heysel invades. Found at Irithyll of the Boreal Valley: while on the way to the Irithyll Dungeon from Church of Yorshka bonfire, found on a corpse next to a couple of wolves. 2x Dropped by a mimic in the left treasure room before Yhorm the Giant. 1x Found at Profaned Capital, at the end of the narrow hallway that leads to the toxic area. Very rare drop from white-robed Handmaids in Profaned Capital",,darksouls3
Young White Branch,,darksouls3
Makes you harder to be spotted. One use only. The Giant Sniper in Undead Settlement will not target you while carrying one of these.,,darksouls3
"1x can be obtained as a Burial Gift. Sold by Shrine Handmaid for 1,000 souls after giving her the Xanthous Ashes. A unique white branch can be obtained by speaking with the Giant of the Undead Settlement and making peace with him. 3x Found at Undead Settlement in the graveyard by the white tree. 2x Found at Cathedral of the Deep by the white tree in a graveyard. 2x Found in the Farron Keep ruins by a white tree.",,darksouls3
Toss to leave a colored light marker on the ground. OR Trade at Crow's Nest (Pickle-Pee) for a Twinkling Titanite.,,darksouls3
"Sold by Shrine Handmaid for 10 souls. 10x Found in the poison swamp of Farron Keep, near the first bonfire.",,darksouls3
Returns player to last bonfire or the one in Firelink Shrine,,darksouls3
Cathedral of the Deep Undead Settlement Smouldering Lake Cemetery of Ash Sold by Shrine Handmaid,,darksouls3
Seed of a Giant Tree,,darksouls3
Enemies react to invaders.,,darksouls3
One can be held at a time by checking the giant tree in Firelink Shrine.,,darksouls3
Divine Spear Fragment,,darksouls3
Summon a row of upwardly thrusting ritual spears.,,darksouls3
Spears of the Church covenant reward for turning in 30 Filianore's Spear Ornament,,darksouls3
Ritual Spear Fragment,,darksouls3
Can be found behind the Spears of the Church Shrine. Which is just before the Cathedral Ringed knight.,,darksouls3
Give to Orbeck of Vinheim to unlock Great Farron Dart and Farron Hail,,darksouls3
"Farron Keep, Keep Ruins bonfire. Look left after going down to swamp ( see n12 in map ). It is across the swamp guarded by enemies. Mushroom corner",,darksouls3
"Give to Orbeck of Vinheim to unlock Cast Light, Repair, Hidden Body, Hidden Weapon, and Twisted Wall of Light",,darksouls3
"Farron Keep, Keep ruins bonfire. Walk all the way down to the end of the fallen bridge, and follow the right wall through the poison swamp. The scroll is in a cave at the end of that wall guarded by some basilisks.",,darksouls3
Give to Orbeck of Vinheim to unlock Soul Spear and Homing Soulmass,,darksouls3
"Irithyll Dungeon, poison swamp in Profaned Capital. Climb to the roof of the building and defeat the sorcerer NPC.",,darksouls3
"Give to Orbeck of Vinheim to unlock Homing Crystal Soulmass, Crystal Soul Spear, and Crystal Magic Weapon",,darksouls3
"Lothric Castle, defeat the Crystal Sage in the Grand Archives",,darksouls3
Fires a soul arrow.,,darksouls3
"Sold by Yoel of Londor for 1,000 souls Sold by Yuria of Londor for 1,000 souls Sold by Orbeck of Vinheim for 1,000 souls Starting Equipment for the Sorcerer",,darksouls3
Great Soul Arrow,,darksouls3
Fires a more powerful soul arrow.,,darksouls3
"Sold by Orbeck of Vinheim for 3,000 souls",,darksouls3
Heavy Soul Arrow,,darksouls3
Fires a heavy soul arrow.,,darksouls3
"Sold by Yoel of Londor for 2,000 souls Sold by Yuria of Londor for 2,000 souls Sold by Orbeck of Vinheim for 2,000 souls Starting Equipment for the Sorcerer",,darksouls3
Great Heavy Soul Arrow,,darksouls3
Fires a more powerful heavy soul arrow.,,darksouls3
"Sold by Orbeck of Vinheim for 4,000 souls",,darksouls3
Fires a soul dart.,,darksouls3
"Sold by Yoel of Londor for 1,000 souls Sold by Orbeck of Vinheim for 500 souls Sold by Shrine Handmaid for 1,000 souls",,darksouls3
Great Farron Dart,,darksouls3
Fires a more powerful soul dart.,,darksouls3
"Sold by Orbeck of Vinheim for 2,000 souls Requires Sage's Scroll",,darksouls3
Fires a cascade of soul darts.,,darksouls3
"Sold by Orbeck of Vinheim for 5,000 souls Requires Sage's Scroll",,darksouls3
Releases a homing soulmass.,,darksouls3
"Sold by Orbeck of Vinheim for 6,000 souls Requires Logan's Scroll",,darksouls3
Homing Crystal Soulmass,,darksouls3
Releases a homing crystal soulmass. Crystal soulmass has piercing qualities.,,darksouls3
"Sold by Orbeck of Vinheim for 18,000 souls Requires Crystal Scroll",,darksouls3
Casts a cascade of small crystal soulmasses from above. Crystal soulmasses have piercing qualities.,,darksouls3
Obtained by Soul of a Crystal Sage Transposition,,darksouls3
Fires a soul spear.,,darksouls3
"Sold by Orbeck of Vinheim for 5,000 souls. Requires Logan's Scroll",,darksouls3
Crystal Soul Spear,,darksouls3
Fires a piercing crystal soul spear.,,darksouls3
"Sold by Orbeck of Vinheim for 15,000 souls Requires Crystal Scroll",,darksouls3
White Dragon Breath,,darksouls3
Emits crystal breath of Seath the Scaleless. Crystal breath has piercing qualities.,,darksouls3
Obtained by Soul of Consumed Oceiros Transposition,,darksouls3
Fires a torrential volley of souls.,,darksouls3
Found in Lothric Castle in the Grand Archives behind a hidden room with a Boreal Outrider Knight.,,darksouls3
Attacks with a greatsword formed from souls.,,darksouls3
"Sold by Yoel of Londor for 5,000 souls Sold by Yuria of Londor for 5,000 souls Sold by Orbeck of Vinheim for 5,000 souls",,darksouls3
Alteration of Soul Greatsword developed by sorcerers of the Undead Legion of Farron.,,darksouls3
Reinforce right weapon with magic.,,darksouls3
"Sold by Yoel of Londor for 4,500 souls Sold by Yuria of Londor for 4,500 souls Sold by Orbeck of Vinheim for 3,000 souls",,darksouls3
Great Magic Weapon,,darksouls3
Greatly reinforces right weapon with magic.,,darksouls3
"From the Farron Keep Perimeter bonfire, turn around 180 and head towards the shortcut gate to Road of Sacrifices. The spell will be on a corpse at the gate.",,darksouls3
Crystal Magic Weapon,,darksouls3
Reinforces right weapon with crystal.,,darksouls3
"Sold by Orbeck of Vinheim for 10,000 souls Requires Crystal Scroll",,darksouls3
Reinforce left shield with magic.,,darksouls3
Great Magic Shield,,darksouls3
Greatly reinforce left shield with magic,,darksouls3
Found in Irithyll Dungeon,,darksouls3
Masks noises of the caster and prevents fall damage.,,darksouls3
"Sold by Orbeck of Vinheim for 2,000 souls",,darksouls3
Distracts foes with distant sound.,,darksouls3
"Releases dense mist that eats away at HP. Beware, as the caster is not immune to its effect.",,darksouls3
"Sold by Orbeck of Vinheim for 1,000 souls",,darksouls3
Casts a light to illuminate surroundings.,,darksouls3
"Sold by Orbeck of Vinheim for 1,000 souls Requires Golden Scroll",,darksouls3
Repairs equipped weapons and armor. Includes weapons with exhausted durability.,,darksouls3
"Sold by Orbeck of Vinheim for 2,000 souls Requires Golden Scroll",,darksouls3
Turns right weapon invisible.,,darksouls3
"Sold by Orbeck of Vinheim for 1,500 souls Requires Golden Scroll",,darksouls3
Turns body nearly invisible.,,darksouls3
"Sold by Orbeck of Vinheim for 3,000 souls Requires Golden Scroll",,darksouls3
Transforms player into something inconspicuous. (The object will change depending on what area you're in.),,darksouls3
Found near the Church of Yorshka bonfire in Irithyll of the Boreal Valley during Anri of Astora's questline. The spell will drop from an assassin disguised as a statue. Found in the Darkmoon Tomb from the assassin's corpse if not killed earlier.,,darksouls3
Twisted Wall of Light,,darksouls3
Distorts light to deflect magic.,,darksouls3
"Sold by Orbeck of Vinheim for 6,000 souls Requires Golden Scroll",,darksouls3
Fires dark soul dregs.,,darksouls3
Obtained by Soul of the Deacons of the Deep Transposition,,darksouls3
Great Deep Soul,,darksouls3
Fires powerful darkened soul sediment.,,darksouls3
Reward for reaching rank 1 in the covenant Aldrich Faithful.,,darksouls3
Casts a dark manifestation of humanity.,,darksouls3
"Sold by Karla for 15,000 souls",,darksouls3
Strikes with a blade formed of humanity's darkness.,,darksouls3
"Sold by Karla for 8,000 souls",,darksouls3
Imbues right-hand weapon with frost,,darksouls3
Ashes of Ariandel DLC: Near the Giant Flies before the Rope Bridge Cave bonfire,,darksouls3
Creates a cloud of near-freezing mist.,,darksouls3
"Ashes of Ariandel DLC: From Depths of the Painting bonfire, turn left to where the crabs are and keep going until you reach the end of that path. The sorcery will be behind an aggressive Tree Woman",,darksouls3
Great Soul Dregs,,darksouls3
Fires great soul dregs,,darksouls3
The Ringed City DLC: Behind an illusory wall in The Dreg Heap,,darksouls3
Conceive old moonlight sword and attack,,darksouls3
The Ringed City DLC: Transposed with Soul of Darkeater Midir,,darksouls3
Increases dark damage by ~10%.,,darksouls3
Guaranteed drop from the Moaning Knight invader in The Ringed City.,,darksouls3
Dark Clutch Ring,,darksouls3
Increases dark attack damage by 15% (PvE)/8% (PvP). Increases incoming physical damage by 10% (PvE)/15% (PvP).,,darksouls3
"Dropped by a Mimic in the Irythill Dungeon after passing the sleeping giant, at the end of the sewer hallway. The Mimic is on the left side, with the chest containing the Old Cell Key on the right side.",,darksouls3
Crown of Dusk,,darksouls3
Increases magic damage by ~10%.,,darksouls3
"Found near the Keep Ruins bonfire in Farron Keep. Upon exiting the Keep Ruins bonfire room, head northwest to find a tall, white tree (there will be a Great Crab in the way). The Crown of Dusk is at the base of the tree.",,darksouls3
Magic Clutch Ring,,darksouls3
Increases magic attack damage by 15%(PvE)/8% (PvP). Increases incoming physical damage by 10% (PvE)/15% (PvP).,,darksouls3
"Irithyll of the Boreal Valley. From the Church of Yorshka bonfire, head out of the church the way you came in and head left towards the Pontiff Knights and Fire Witches. In this area is an Illusory Wall on the right. It is behind the wall.",,darksouls3
Young Dragon Ring,,darksouls3
Increases sorceries damage by 12%.,,darksouls3
"Starting equipment for the Sorcerer. Given by Orbeck of Vinheim, after purchasing any 3 Sorceries, giving him any 1 Scroll and playing as any Class but a Sorcerer.",,darksouls3
Bellowing Dragoncrest Ring,,darksouls3
Increases sorceries damage by 20%.,,darksouls3
"From the Irithyll Dungeon Irithyll Dungeonbonfire, head straight into the large room and then turn right, proceed until the end of the corridor and open the gate with the Jailbreaker's Key. The ring is on the rocks below.",,darksouls3
Increases intelligence by 5 points.,,darksouls3
"Found at Grand Archives, before the bridge where the crystal sage warps to, there will be a lever for a shortcut just right of the bridge, it will be on a body through the shortcut.",,darksouls3
Lingering Dragoncrest Ring,,darksouls3
Extends length of spell effect by 30%. +1 Version: +35%. +2 Version: +40%.,,darksouls3
"Farron Keep, Keep Ruins bonfire. Drops from the Great Crab patrolling a white birch tree. +1 Version (NG+): Found next to the giant crab just below the Crucifixion Woods bonfire in the Road of Sacrifices. +2 Version (NG++): Located in Lothric Castle. Before the Lothric Prince Boss fight, there is a dome shaped roof with three golden Winged Knights. Go up the spiral staircase at the center of the dome shaped roof. You'll encounter a ladder, don't go up the ladder, instead go around the ledge to find this ring on a corpse hidden in an alcove.",,darksouls3
Spell casting speed increased as if you had +30 higher dexterity. +1 Version: +35. +2 Version: +40.,,darksouls3
"Found to the left of the swamp area of Road of Sacrifices inside a room with an enemy. +1 Version (NG+): found in the rafters above the Archives. Drop down from the roof where the golden winged knights are located. +2 Version (NG++): Located in the Consumed King's garden. When initially taking the elevator down, get off halfway to a ledge. Turn left and drop down onto some broken stairs. Pick up the item here and look to the left to find the ring on another set of broken stairs. You can get over there with a well timed roll.",,darksouls3
Allows attunement of additional spells.,,darksouls3
Sold by Irina of Carim for 300 souls.,,darksouls3
Drops from a Deacon in a tower outside the Cathedral of the Deep.,,darksouls3
Gives 2 extra attunement slots.,,darksouls3
Rank 1 covenant reward: Blades of the Darkmoon.,,darksouls3
Dusk Crown Ring,,darksouls3
"Reduces FP consumption of Sorceries, Pyromancies and Miracles by 25%. Reduces maximum HP by 20%.",,darksouls3
"Located in the Irithyll Dungeon. The ring is in a cell next to Xanthous Ashes, in the room where there are 8 Jailers.",,darksouls3
Lloyd's Sword Ring,,darksouls3
Boosts Attack Rating (all damage) by +10% when HP is full (over 99% HP).,,darksouls3
Found at the Cathedral of the Deep near the first giant you encounter that swings at you. It's on the ground on corpse as you run by.,,darksouls3
"Increases sorceries damage by 10%, including Magic and Dark Sorceries.",,darksouls3
"Drops from Scholars wielding this weapon in the Grand Archives. Can be bought from Shrine Handmaid (if you give her Greirat's Ashes, provided that he has at least survived pillaging the Undead Settlement) or it can be bought from Greirat of the Undead Settlement.",,darksouls3
Multiple places. See the Staves page for more information.,,darksouls3
"Looted from Grand Archives, in a room behind the spear knight in the same area as the first wax pool.",,darksouls3
Catalyst / Weapon,,darksouls3
"Dropped by invading dark spirit Yellowfinger Heysel in Road of Sacrifices. Alternatively, will drop from the worm-like enemy in Rosaria's room if it appears.",,darksouls3
Golden Ritual Spear,,darksouls3
Catalyst (scales on faith) / Weapon,,darksouls3
"Dropped from a Mimic just above Pontiff Sulyvahn bonfire, at the Irithyll of the Boreal Valley.",,darksouls3
Transposable from Soul of the Deacons of the Cathedral of the Deep.,,darksouls3
Drops from Fire Witches in Irithyll of the Boreal Valley.,,darksouls3
Aged One's Exultation,,eldenring
Madness in the vicinity increases attack power by 20% for 30 seconds,,eldenring
Abyssal Woods: Dropped by the Winter Lantern enemy you kill nearest to the Abandoned Church. These enemies can only be killed by executing a parry and riposte just as they are about to catch you. Elden Ring Map,,eldenring
Shadow of the Erdtree DLC,,eldenring
Boosts resistance stats by roughly 350 for a short time after a status effect is applied to you,,eldenring
The Ailment Talisman can be looted from a corpse. The body can be found lying at the edge of an unfinished wooden bridge of the Abandoned Ailing Village. [Elden Ring Shadow of the Erdtree Interactive Map ],,eldenring
Arrow's Soaring Sting Talisman,,eldenring
Increases the effective range of bows by 50% and raises attack power of arrows and bolts by 8%,,eldenring
"Found on top of a tower at Fog Rift Fort. From within the door of the tower where Black Knight Garrew was, go through a gap between the tower and the rock wall to the right of the door. Take the stairs going up around the cliff, then at the top take the ladder to the right going up the upper level of the tower. On reaching the top turn left to take another latter leading to the uppermost level of the tower, where a treasure chest resides that holds the Talisman. See Shadow of the Erdtree Map",,eldenring
"Shortens casting speed for sorcery and incantations by the utmost, but increases damage taken",,eldenring
Given by Count Ymir after completing the first part of his quest line. Elden Ring Shadow of the Erdtree Map,,eldenring
Blade of Mercy,,eldenring
Raises attack power by 20% for 20 seconds after each critical hit,,eldenring
"Scorched Ruins: Once you head up on the left side of the building, cross to the other side using the cloth-like material as a bridge, and enter the door on the left. Open the chest inside to find the item. See Shadow of the Erdtree Map",,eldenring
Blessed Blue Dew Talisman,,eldenring
Slowly restores FP (0.5 FP per second),,eldenring
Church of Benediction. Head inside the church and investigate the statue of Marika to find the Talisman See Shadow of the Erdtree Map,,eldenring
Boltdrake Talisman +3,,eldenring
Boosts lightning damage negation by 22%,,eldenring
"Boltdrake Talisman +3, can be found at Shadow Keep. From the Storehouse Site of Grace, First Floor, take the small stairs up and turn right while on the wooden platform. You will be attacked by a Fire Knight at a Distance, jump at what appears to be a dining area with tables and chairs to find the item there. See Shadow of the Erdtree Map",,eldenring
Cerulean Seed Talisman +1,,eldenring
Greatly boosts FP restoration from Flask of Cerulean Tears by 30%,,eldenring
Sound the Hanging Bell in Finger Ruins of Dheo. Elden Ring Shadow of the Erdtree Interactive Map,,eldenring
Clarifying Horn Charm +2,,eldenring
Vastly raises focus by 230,,eldenring
"+2 variant: Lamenter's Gaol: After dropping down the small cave infested with rats, continue following the path and go straight. You'll find this talisman on a corpse on the right side once you enter the area. See Shadow of the Erdtree Map",,eldenring
Crimson Amber Medallion +3,,eldenring
Boosts maximum HP by 10%,,eldenring
A +3 variant of the Crimson Amber Medallion drops as a reward upon defeating the Death Knight boss located at the Fog Rift Catacombs. See Shadow of the Erdtree Map [ Video Link ],,eldenring
Cerulean Amber Medallion +3,,eldenring
Boosts maximum FP by 12.5%,,eldenring
Can be obtained after defeating the Death Knight in Scorpion River Catacombs. Elden Ring Shadow of the Erdtree Interactive Map [ Video Link ],,eldenring
Crimson Seed Talisman +1,,eldenring
Greatly boosts HP restoration from Flask of Crimson Tears by 30%,,eldenring
"In the centre of the Finger Ruins of Rhia. Go to the large ring of fingers (as shown by the Ruins Map given by Count Ymir ), and then sound the hanging bell from one of the fingers that's pointing down. The Hole-Laden Necklace given by Ymir is required to sound it. Elden Ring Shadow of the Erdtree Interactive Map",,eldenring
Raises attack power by 15% for 20 seconds after defeating an enemy,,eldenring
The Crusade Insignia Talisman is acquired upon defeating the Fire Knight Queelign NPC Invader. See Shadow of the Erdtree Map,,eldenring
Raises attack power by 15% for 30 seconds when summoned spirit dies,,eldenring
"Belurat Tower Settlement: From where you got the Bone Bow, as you exit the doorway, make a hard left and you'll see a pile of rubble that you can jump on and you'll see there's a secret room tucked behind it. Go inside a large storeroom where you can find the following items: x5 Thin Beast Bones, x1 Scadutree Fragment, and x1 Dried Bouquet. See Shadow of the Erdtree Map",,eldenring
Enraged Divine Beast,,eldenring
Raises damage of storms by 10%,,eldenring
Can be selected as one of the possible rewards when trading Remembrance of the Dancing Lion with Enia at the Roundtable Hold.,,eldenring
Fine Crucible Feather Talisman,,eldenring
Improves backsteps but increases damage taken by 15%,,eldenring
Climb up on the first tree branch and jump on the second one on the left to find the talisman. Elden Ring Shadow of the Erdtree Interactive Map,,eldenring
Flamedrake Talisman +3,,eldenring
Boosts fire damage negation by 22%,,eldenring
"A +3 variation of the Flamedrake Talisman can be found inside a chest. You'll have to go over the cages and on the right side, you'll find the chest that contains the talisman. See Shadow of the Erdtree Map",,eldenring
Boosts holy damage negation by 22%,,eldenring
Scaduview: The talisman is looted from a corpse found inside the trunk of a tree. The corpse is located in the Scaduview region. See Shadow of the Erdtree Map,,eldenring
Immunizing Horn Charm +2,,eldenring
Vastly raises immunity by 180,,eldenring
+2 Variant: Drops upon defeating the Lesser Ulcerated Tree Spirit in the sewers section of Belurat Tower Settlement. Map Link [ Video Location ],,eldenring
Enhances dash attacks by 15% in PvE and 7.5% in PvP,,eldenring
"You get it from aiding Needle Knight Leda in invading and defeating Hornsent after she chooses him as a target, you have to go back to the Highroad Cross site of grace and talk to her after doing so and she will give the talisman to you.",,eldenring
Mottled Necklace +2,,eldenring
"Vastly raises robustness, immunity, and focus by 100",,eldenring
"+2 Version - In the Rauh Ancient ruins just after getting past the forge giant across the bridge. You must make your way through the ruin it was in front of, and once at the top proceed past the large stone structure all the way to the end of the area and unblock the spirit spring. Then jump down onto the spring and jump back up to the opposite side. The necklace will be at the top of the stairs. See Shadow of the Erdtree Map",,eldenring
Outer God Heirloom,,eldenring
Raises arcane +5,,eldenring
"Found inside a chest, at the top of Prospect Town. Inside a small building. See Shadow of the Erdtree Map",,eldenring
Pearl Shield Talisman,,eldenring
Boosts all non-physical damage negation by 20% while guarding,,eldenring
Found inside a chest in a small camp of Messmer soldiers in the woods. Southwestern of Taylew's Ruined Forge Site of Grace. Elden Ring Shadow of the Erdtree Interactive Map,,eldenring
Pearldrake Talisman +3,,eldenring
Boosts non-physical damage negation by 11%,,eldenring
"+3 Variation: Can be found within Shadow Keep, Specimen Storehouse. You must progress until the sixth floor to pull the lever that moves the statues. Once you do this, return to the second floor and find the head of the statue to pull this item from its beard. Shadow of the Erdtree Map.",,eldenring
Enhances attacks by 45% after maintaining the same stance for 1 second,,eldenring
"Located in Castle Ensis just behind hostile NPC Moonrithyll, lying on an altar. [Elden Ring Shadow of the Erdtree Interactive Map ]",,eldenring
Enhances attacks executed after rolling or backstepping by 17%,,eldenring
"You need to follow Leda's questline, and invade Ansbach. Then return to the grace where You talk to Leda and say your farewells. She will give you this talisman before her dialogue ends",,eldenring
Boosts attack power of precision-aimed shots by 12%,,eldenring
Found inside Albinauric's Shack. Elden Ring Shadow of the Erdtree Interactive Map,,eldenring
Shattered Stone Talisman,,eldenring
Raises potency of kicking and stomping skills by 10%,,eldenring
"Moorth Ruins. Fall on the first rooftop visible from the gap on the ground, turn left, and walk on the ledge to find the Talisman. See Shadow of the Erdtree Map",,eldenring
Enhances weapon-throwing attacks by 10%,,eldenring
"Ruined Forge Starfall Past See Shadow of the Erdtree Map The talisman is looted from a corpse. The body is inside a room filled with Fire Blob enemies, on the upper-most level of the Ruined Forge of Starfall Past.",,eldenring
Spelldrake Talisman +3,,eldenring
Boosts magic damage negation by 22%,,eldenring
A +3 variant of the Spelldrake Talisman can be looted off a corpse. The body is located inside a storeroom underneath the castle front bridge of Castle Ensis. See Shadow of the Erdtree Map,,eldenring
St. Trina's Smile,,eldenring
Sleep in the vicinity increases attack power by 20% for 30 seconds,,eldenring
"Obtained as a drop upon defeating a hostile NPC, Thiollier. See Shadow of the Erdtree Map Thiollier only becomes hostile if you pursue St. Trina and Thiollier 's quest. Please visit their pages for the quest guide.",,eldenring
Stalwart Horn Charm +2,,eldenring
Vastly raises robustness by 180,,eldenring
"+2 variant can be found at Bonny Gaol: After you jump down the hole, head east past the rats and climb up the ladder. Defeat the Inner Jar monster, you will find the talisman in the room. See Shadow of the Erdtree Map [ Video Location ]",,eldenring
Talisman of All Crucibles,,eldenring
"Grants effects of all crucible talismans, but but increases damage taken by 45%",,eldenring
"Start at the Ancient Ruins, Grand Starway Site of Grace, head southwest to the elevator. At bottom of the elavator looking south west, there is 2 paths of floating platforms, go to the left one, following it around and it loops to chest with this talisman. See Shadow of the Erdtree Map [ Video Link ]",,eldenring
Talisman of Lord's Bestowal,,eldenring
Increases poise by 54% after using a flask of tears,,eldenring
Shadow Keep. Can be found beside the big golden tree. See Shadow of the Erdtree Map,,eldenring
Talisman of the Dread,,eldenring
Raises potency of magma by 15%,,eldenring
Elder's Hovel: Can be found on a corpse inside Elder's Hovel. Elden Ring Shadow of the Erdtree Map,,eldenring
Two-Handed Sword Talisman,,eldenring
Enhances attacks with two-handed weapons by 15%,,eldenring
"Temple Town Ruins: After the fight with the Horned Warrior, just continue up to the next room to find a chest with this item inside. Elden Ring Shadow of the Erdtree Interactive Map",,eldenring
Two-Headed Turtle Talisman,,eldenring
Greatly raises stamina recovery speed by 10/s (22.2%).,,eldenring
It's inside a cave beneath a waterfall guarded by enemies Just east of Rivermouth Cave. Elden Ring Shadow of the Erdtree Interactive Map,,eldenring
"Takes 10% less damage when at heavy load, and 20% when overloaded",,eldenring
"Ancient Rauh Ruins, in front of a statue. Elden Ring Shadow of the Erdtree Map [ Video Link ]",,eldenring
Viridian Amber Medallion +3,,eldenring
Boosts maximum stamina by 17%,,eldenring
"Darklight Catacombs, right after the first canon imp. Jump over on the ledge to the right and then drop down to that small archway under it. Elden Ring Shadow of the Erdtree Interactive Map",,eldenring
Crimson Amber Medallion,,eldenring
Boosts maximum HP by 6%,,eldenring
"Can be purchased from the Nomadic Merchant at the eastern side of Weeping Peninsula, for 1,500 Runes. Map link [ Video Location ]",,eldenring
Crimson Amber Medallion +1,,eldenring
Boosts maximum HP by 7%,,eldenring
"Found in Volcano Manor. Go to the Prison Town Church Site of Grace, go out and through the little town as if you were progressing through the manor as normal, and use a Stonesword Key to go through the fog gate. An Abductor Virgin is there, but you can easily run up the stairs to the level above, where the talisman is on a dead body. Map link [ Video Location ]",,eldenring
Crimson Amber Medallion +2,,eldenring
Boosts maximum HP by 8%,,eldenring
"Can be found just southwest of the Leyndell, Ashen Capital Site of Grace, by dropping down the open sewer grate to the beam below. Map link [ Video Location ]",,eldenring
Drops as a reward upon defeating the Death Knight boss located at the Fog Rift Catacombs. See Shadow of the Erdtree Map [ Video Link ],,eldenring
Crimson Seed Talisman,,eldenring
Boosts HP restoration from the Flask of Crimson Tears by 20%,,eldenring
"Can be found In the first locked imp's room at the beginning of the dungeon in Sainted Hero's Grave, in Altus Plateau. Map link",,eldenring
Boosts HP restoration from the Flask of Crimson Tears by 30%,,eldenring
Blessed Dew Talisman,,eldenring
Restores 2 HP per second,,eldenring
"Leyndell: Found west of the Divine Bridge Site of Grace, guarded by a Golem. Map Link You can teleport here from the Tower of Return in Weeping Peninsula. Map Link Can also be reached from the Fortified Manor in Leyndell Royal Capital, through a closed door in the ground floor entrance hall and up an elevator.",,eldenring
Cerulean Amber Medallion,,eldenring
Boosts maximum FP by 7%,,eldenring
Can be obtained by defeating the Bloodhound Knight in Lakeside Crystal Cave. See the Location on the Elden Ring Map here.,,eldenring
Cerulean Amber Medallion +1,,eldenring
Boosts maximum FP by 9%,,eldenring
Castle Sol: Found on a corpse hanging by a wooden ledge above the southern walls of the castle. This area is accessed by climbing a ladder behind the church in the southeast and following the walls west. Beware the very powerful dual sword knight guarding the area. He can teleport behind you and perform long combos. Map link,,eldenring
Cerulean Amber Medallion +2,,eldenring
Boosts maximum FP by 11%,,eldenring
Lunar Estate Ruins: Found in a treasure chest in an underground room in the northwestern half of the ruins. Look for an Imp Statue pressed up against the wall. This requires one Stonesword Key. The stairs are also concealed by an illusory floor. Simply hit the floor next to the Imp Statue to reveal the stairs. Map link,,eldenring
Cerulean Seed Talisman,,eldenring
Boosts FP restoration from Flask of Cerulean Tears by 20%,,eldenring
"Can be found in the rafters of the Carian Study Hall, next to a body. Map link",,eldenring
Boosts FP restoration from Flask of Cerulean Tears by 30%,,eldenring
Church of Benediction. Head inside the church and investigate the statue of Marika to find the Talisman. See Shadow of the Erdtree Map,,eldenring
Increases poise after using a flask of tears. ~54% poise for 2 seconds.,,eldenring
Viridian Amber Medallion,,eldenring
Boosts maximum stamina by 11%,,eldenring
"Can be found in Tombsward Cave, a small dungeon in the Weeping Peninsula: Located southeast of the Fourth Church of Marika. The medallion is obtained after defeating the boss, Miranda the Blighted Bloom. Map link",,eldenring
Viridian Amber Medallion +1,,eldenring
Boosts maximum stamina by 13%,,eldenring
"Altus Plateau, south of the Outer Wall Battleground Site of Grace: You will hear Margit whisper, ' I see you, Tarnished...' to you before appearing on the road. Defeat him again and it will drop. Map link",,eldenring
Viridian Amber Medallion +2,,eldenring
Boosts maximum stamina by 15%,,eldenring
"Miquella's Haligtree: The closest site of grace is the Haligtree Town Plaza. Go south towards the roof with a dead body on it. For reference, the dead body is two stories above the talisman. Continue southeast, and jump down once. Jump across the gap, and then do an immediate 180 turn and make a running jump into the building below. It'll be in a chest guarded by Scarlet Rot Zombies. Map link [ Video location ]",,eldenring
"Darklight Catacombs, right after the first canon imp. Jump over on the ledge to the right and then drop down to that small archway under it. Map Link [ Video Link ]",,eldenring
Green Turtle Talisman,,eldenring
Raises stamina recovery speed by 8/s (17.7%).,,eldenring
Summonwater Village. In an underground area on the outskirts of the village. Map Link.,,eldenring
Raises Stamina recovery speed 22.2%,,eldenring
Raises maximum Equip Load by 15%,,eldenring
"Given by Nepheli Loux inside the Roundtable Hold. Note that you must exhaust all dialogue with Nepheli in her initial location within Stormveil Castle prior to defeating Godrick the Grafted for her to reward you with the talisman. There are various other triggers that may prevent the player from obtaining the talisman too, such as entering Liurnia prior to defeating Godrick, and possibly entering Caelid. If she does not appear, make sure that you have spoken to Gideon Ofnir and rested at the Godrick the Grafted Site of Grace. She will then reward you with the Arsenal Charm.",,eldenring
Raises maximum Equip Load by 17%,,eldenring
"Can be found in Altus Tunnel. In the second cavern, head through the tunnel in the south to find a wooden balcony overlooking a pit. Drop down on the left side to an overgrown root below. Follow the root going upwards to reach an upper balcony above where you can loot the talisman from a corpse. Map link",,eldenring
Raises maximum Equip Load by 19%.,,eldenring
"Reward for completing the 3 duelist NPC invasions in Dragonbarrow ( Caelid North) for the giant Living Jar in the area. You will only be able to access this area by coming up from Siofra Deep River Well in the underground. This area can also be accessed by climbing the roots above the large crystal at the bottom of the valley. However, this is most likely unintentional. Map Link",,eldenring
"Raises maximum HP (3%), Stamina (7%), and Equip Load (5%)",,eldenring
Can be found at Fringefolk Hero's Grave. (Limgrave),,eldenring
Erdtree's Favor +1,,eldenring
"Raises maximum HP (3.5%), Stamina (8.5%), and Equip Load (6.5%)",,eldenring
Can be found in the boss room after the boss fight near the forsaken depths grace in the Subterranean Shunning-Grounds.,,eldenring
Erdtree's Favor +2,,eldenring
"Raises maximum HP (4%), Stamina (10%), and Equip Load (8%)",,eldenring
"Can be found in Leyndell, Ashen Capital and may only be accessed near endgame/post-game. Found on top of a branch jutting out of the ground in a large courtyard, guarded by two large rotten beasts. Map Link",,eldenring
"Raises Vigor, Endurance, Strength, and Dexterity by 3, but increases all damage taken by 10%.",,eldenring
Drops from the boss of Weeping Evergaol ( Ancient Hero of Zamor ) in the Weeping Peninsula. See map here.,,eldenring
"Raises Vigor, Endurance, Strength, and Dexterity by 5, but increases all damage taken by 15%.",,eldenring
"Fort Faroth, Caelid: Found on a corpse by dropping down the opening from the roof and exploring around the wooden walkways. Map Link",,eldenring
"Raises Mind, Intelligence, Faith, and Arcane by 3, but increases all damage taken by 10%.",,eldenring
Found on a corpse at the base of the waterfall found at the highest level of Siofra River. Map Link.,,eldenring
"Raises Mind, Intelligence, Faith, and Arcane by 5, but increases all damage taken by 15%.",,eldenring
"Found on an altar in a room requiring a Stonesword Key in Elphael, Brace of the Haligtree. Map Link. From the Elphael Inner Wall Site of Grace ( Map Link ), leave the area through the eastern door and head down the ladder to the south-east. After going through the arch, turn right and follow the path, circling the city until you get to the imp statue. Be careful of enemies along the way and inside the room as you pick up the talisman.",,eldenring
Raises Strength by 5.,,eldenring
Can be found in Fort Gael (Caelid). Map Link.,,eldenring
Raises Dexterity by 5.,,eldenring
"Finish the sidequest given by Gowry in Caelid, then return to Millicent to receive the talisman.",,eldenring
Raises Intelligence by 5.,,eldenring
Found on a body lying at the top of the Divine Tower of Liurnia. Map Link.,,eldenring
Two Fingers Heirloom,,eldenring
Raises Faith by 5.,,eldenring
Can be found on the lower level of the Purified Ruins (Liurnia of the Lakes). It is on the chest in front of you as you descend. Map Link.,,eldenring
Raises Arcane by 5,,eldenring
Dragoncrest Shield Talisman,,eldenring
Reduces Physical Damage taken by 10%,,eldenring
Found on one of the edges of Bestial Sanctum (Caelid) Map Link,,eldenring
Dragoncrest Shield Talisman +1,,eldenring
Reduces Physical Damage taken by 13%,,eldenring
"Can be found in a locked imp's room in Sainted Hero's Grave (Altus Plateau). When you reach the area with the big axes stomping the ground, you need to get on the first one and jump on the ledge on the left wall.",,eldenring
Dragoncrest Shield Talisman +2,,eldenring
Reduces Physical Damage taken by 17%,,eldenring
Can be found on a floating platform in Crumbling Farum Azula between Dragon Temple Lift and Dragon Temple Rooftop.,,eldenring
Dragoncrest Greatshield Talisman,,eldenring
Reduces Physical Damage taken by 20%.,,eldenring
At a building north to the Drainage Channel Site of Grace (Haligtree).,,eldenring
Reduces Magic Damage taken by 13%. (Effect reduced to 4% in PvP ),,eldenring
Acquired by defeating Runebear at the end of the Earthbore Cave in the Weeping Peninsula. Map Link,,eldenring
Reduces Magic Damage taken by 17%. (Effect reduced to 5% in PvP ),,eldenring
"Sellia, Town of Sorcery: Found in a small room in the northwest section of town, right under the balcony containing the Staff of Loss. This room is initially sealed by a barrier that can be dispelled by lighting a brazier atop a tower in the southwest of town. Map Link",,eldenring
Reduces Magic Damage taken by 20%. (Effect reduced to 6% in PvP ),,eldenring
"Found in the secret catacombs underneath the Hidden Path to the Haligtree by turning right just before the Stray Mimic Tear's boss door, following the corridor up and taking the lift. The talisman can be found on a corpse in an alcove at the top. See the location's page for details on how to get to the catacombs. Map Link",,eldenring
Reduces Magic Damage taken by 22%. (Effect reduced to 7% in PvP ),,eldenring
"Can be looted from a corpse near the Castle Front site of Grace near Castle Ensis. From the Castle Front site of Grace, If you go directly north you can drop off of the cliffside and then follow the path east which will lead you to the storeroom where the talisman is located. See Shadow of the Erdtree Map",,eldenring
Reduces Fire Damage taken by 13% (Effect reduced to 4% in PvP ),,eldenring
Can be obtained as a reward for defeating the Beastman of Farum Azula in Groveside Cave in Limgrave. Map link,,eldenring
Flamedrake Talisman +1,,eldenring
Reduces Fire Damage taken by 17% (Effect reduced to 5% in PvP ),,eldenring
"Found at Leyndell Royal Capital, head up the elevator leading towards the Grand Lift of Rold, on the ground against a column. Map link",,eldenring
Flamedrake Talisman +2,,eldenring
Reduces Fire Damage taken by 20% (Effect reduced to 6% in PvP ),,eldenring
Dropped by the Beastman of Farum Azula in Dragonbarrow Cave in eastern Dragonbarrow. Map link,,eldenring
Reduces Fire Damage taken by 22% (Effect reduced to 7% in PvP ),,eldenring
"Can be found at the Fort of Reprimand inside a chest. Entering through the front gate, go down the staircase in the back right corner. Continue through the doorway on the left side of the hallway and follow this path until you see two soldiers standing in front of a body. Climb over the cages to their left and it will lead you to the chest that contains the talisman. See Shadow of the Erdtree Map [ Video Location ]",,eldenring
Boosts Lightning Damage negation by 13%,,eldenring
"Can be found at Stormveil Castle. When you reach the main castle grounds where you fight the Lion Guardian, head inside the room with the armored statues, and through the arch doorway, to reach the Limgrave Tower Bridge Site of Grace. Specifically, you'll find the on a body that you can loot, just at the top of the first set of stairs, resting against a pillar on the left side. Map link",,eldenring
Boltdrake Talisman +1,,eldenring
Boosts Lightning Damage negation by 17%,,eldenring
Can be found in a storage shed inside the Old Altus Tunnel dungeon. Map link,,eldenring
Boltdrake Talisman +2,,eldenring
Boosts Lightning Damage negation by 20%,,eldenring
"Found on a corpse hanging off an opening in a tall tower south of the Dragon Temple Rooftop Site of Grace. Reaching this area is a bit complex: Map link [ Video Location, Crumbling Farum Azula ]",,eldenring
Boosts Lightning Damage negation by 22%,,eldenring
"Can be found at Shadow Keep. From the Storehouse: First Floor site of grace, take the stairs up to the second floor and find a dead-end with several shade protectors. Jump over the railing to reach a room with the talisman, then use the lever to move the bookcase and re-emerge near the site of grace. See Shadow of the Erdtree Map [ Video Location ] Alternatively, From Storehouse, Back Section site of grace, immediately turn around and head east through the doorway, shortly after passing through the doorway, look to down to your left and there should be a large rectangular table that you can safely jump down to. The talisman should be right behind you on the floor next to that table.",,eldenring
Reduces Holy Damage taken by 13%,,eldenring
Looted off a body in the stranded graveyard. Map Link.,,eldenring
Haligdrake Talisman +1,,eldenring
Reduces Holy Damage taken by 17%,,eldenring
"Looted off a body near Lyndell Catacombs site of grace, below Leyndell Royal Capital, behind two hidden walls.",,eldenring
Haligdrake Talisman +2,,eldenring
Reduces Holy Damage taken by 20%,,eldenring
"Looted off a body in Mohgwyn Palace, found in a small cluster of graves near a watchful Giant Crow perched up high.",,eldenring
Boosts non-physical damage negation by 5%,,eldenring
"Can be found beyond the lowest ('Crumbling Lands') waygate of The Four Belfries. Go through the waygate, then jump down to the north, then jump down to the east (and if you can, use ranged attacks to kill the two beastmen below), then jump down again, then jump down (to the north) one more time.",,eldenring
Pearldrake Talisman +1,,eldenring
Boosts non-physical damage negation by 7%,,eldenring
Can be found in Wyndham Ruins in the Mt. Gelmir region. The talisman is found inside a chest at the end of the area sealed by an Imp Statue; a Stonesword Key is required. Map link,,eldenring
Pearldrake Talisman +2,,eldenring
Boosts non-physical damage negation by 9%,,eldenring
"Can be found in Miquella's Haligtree. Travel to the Haligtree Town Site of Grace and exit through the northwestern door. Then climb the ladder and turn around to jump southeast across the gap. The talisman will be located on a corpse at the base of a statue, guarded by a Misbegotten Warrior. Map link Video Location",,eldenring
"Can be found within Shadow Keep, Specimen Storehouse. You must progress until the seventh floor to pull the lever that moves the statues. Once you do this, return to the third floor and find the head of the statue to pull this item from its beard. One way to do this is to visit the Storehouse, Fourth Floor site of grace, turn around and go East to the railing, then do a big jump from the railing to the feet of the statue below. After landing, run across the statue's back until you can drop down and loot the talisman. Shadow of the Erdtree Map [ Video Location ]",,eldenring
Immunizing Horn Charm,,eldenring
Raises Immunity by 90,,eldenring
Can be found on one of the corpses in an ant nest in Ainsel River. Map link [ Video location ],,eldenring
Immunizing Horn Charm +1,,eldenring
Raises Immunity by 140,,eldenring
"Found in the Lake of Rot, as a guaranteed item drop from the Ancestral Follower southeast of the Lake of Rot Shoreside Site of Grace. Map link",,eldenring
Raises Immunity by 180,,eldenring
Drops upon defeating the Lesser Ulcerated Tree Spirit in the sewers section of Belurat Tower Settlement. Map Link [ Video Location ] Requires the Well Depths Key to unlock the gate leading to the sewers.,,eldenring
Stalwart Horn Charm,,eldenring
Raises Robustness by 90,,eldenring
"Can be found in Uld Palace Ruins in northeastern Liurnia of the Lakes: Go to the Mausoleum Compound and head north up the incline, then turn West as soon as you pass the horizontal rocks to your left. Proceed forward to the large vertical rock formation. There will be a smaller vertical rock formation on your right. Walk around the larger formation counter-clockwise until you see a hole in the wall. Go through it and you will find the talisman on a corpse to your left overhanging a cliff. Map link",,eldenring
Stalwart Horn Charm +1,,eldenring
Raises Robustness by 140,,eldenring
"Can be found in the southwestern area of Consecrated Snowfield, southeast of Yelough Anix Tunnel entrance. Alternatively, go straight southwest from the Inner Consecrated Snowfield Site of Grace. It is located on a corpse slumped over a log, and is guarded by Ancestral Follower and Ancestral Follower Shaman whose singing can be heard once you are nearby. Map link",,eldenring
Raises Robustness by 180,,eldenring
"Can be found at Bonny Gaol: After you jump down the hole, head east past the rats and climb up the ladder. Defeat the Inner Jar monster, you will find the talisman in the room. See Shadow of the Erdtree Map [ Video Location ]",,eldenring
Clarifying Horn Charm,,eldenring
Raises Focus by 140,,eldenring
Found on a corpse lying on the stairs leading to the lift going up to the Deep Siofra Well. [Elden Ring Interactive Map Link ],,eldenring
Clarifying Horn Charm +1,,eldenring
Raises Focus by 190,,eldenring
"Can be found on a corpse in the middle and at the lowest floor of a ruin in Nokron, Eternal City. This is above an earlier area in Siofra River. To get there, head southeast from Ancestral Woods Site of Grace, and follow the brick path until it ends at a cliff. Turn left and follow the cliff edge as far as you can, then carefully drop onto the ruins roof. Follow this raised pathway northeast until you reach a square open platform. Descend carefully, and the talisman is found on a corpse in the center. [Elden Ring Interactive Map Link ]",,eldenring
Raises Focus by 230,,eldenring
"Lamenter's Gaol: After dropping down the small cave infested with rats, continue following the path and go straight. You'll find this talisman on a corpse on the right side once you enter the area. See Shadow of the Erdtree Map [ Video Link ]",,eldenring
"Raises Immunity, Robustness, and Focus by 40",,eldenring
"Found at the very edge of the ruined bridge leading to Nokron, Eternal City. This area is accessible via waygate at The Four Belfries through the waygate labeled 'night sky unceasing'. Map link",,eldenring
Mottled Necklace +1,,eldenring
"Raises Immunity, Robustness, and Focus by 60",,eldenring
"Can be found on a corpse on top of some ruined arches overlooking Hallowhorn Grounds in Nokron, Eternal City. From the stairway leading up to the Hallowhorn Grounds, circle around the left side of the structure and follow the inclines uphill as much as possible. You should eventually be able to get on top of the Hallowhorn Grounds structure. Map link",,eldenring
"Raises Immunity, Robustness, and Focus by 100",,eldenring
"Can be found in the Ancient Ruins of Rauh just after getting past the forge giant across the bridge. You must make your way through the ruin it was in front of, and once at the top proceed past the large stone structure all the way to the end of the area and unblock the spirit spring. Then jump down onto the spring and jump back up to the opposite side. The necklace will be at the top of the stairs. See Shadow of the Erdtree Map [ Video Link ]",,eldenring
Prince of Death's Pustule,,eldenring
Raises Vitality by 90.,,eldenring
Can be located at Stormveil Castle. Nearest Site of Grace can be located at Liftside Chamber. Looted off a corpse that can be found at the pit of the castle's crypt. The body can be found next to a giant face that is structured from roots. It is guarded by a Lesser Ulcerated Tree Spirit; players will need to defeat the guardian to reach the spot. Map Link.,,eldenring
Prince of Death's Cyst,,eldenring
Raises Vitality by 140.,,eldenring
Deeproot Depths: Dropped by a large runebear in a cave behind a waterfall northeast of the Deeproot Depths Site of Grace. <span style='color:#999999;'>Map link</span>,,eldenring
Increases Critical Damage by 17%.,,eldenring
On a corpse. The closest Site of Grace is the Temple of Eiglay. Two Stonesword Keys are required to reach the item. Elden Ring Map Link,,eldenring
Curved Sword Talisman,,eldenring
Increases Guard Counter damage by 20%.,,eldenring
"Looted from a treasure chest inside the room where you fight the Banished Knight, located at the wine cellar of Stormveil Castle. You must use the secret back entrance that Gatekeeper Gostoc suggests to reach the said room. Map link.",,eldenring
Increases damage of final hit in attack chains by 45%.,,eldenring
"Castle Morne: From the 'Back of the Castle' Site of Grace, drop down to the western end of the castle and follow the path along the outer walls. There is a tower section of the walls in the westernmost corner. Climb up the ladder and go around the tower to find a chest where the talisman can be found. Map Link.",,eldenring
Increases Charge Attack damage by 10%.,,eldenring
Found in a cellar underneath the Mistwood Ruins. Map Link.,,eldenring
Increases Stamina damage against blocking enemies by 40%.,,eldenring
Dropped by defeating Recusant Henricus North-East of Stormhill Shack. Map Link.,,eldenring
Increases Counterattack damage of thrusting weapons by 15%.,,eldenring
Found in a chest inside Lakeside Crystal Cave near a Demi-Human campfire. See it on the Elden Ring Map here.,,eldenring
Increases damage of attacks while on horseback by 15%.,,eldenring
Northeast Stormhill. Map Link.,,eldenring
Increases Jump Attack damage by 15%.,,eldenring
"Located at Stormveil Castle, looted off a corpse situated on a watchtower. Map Link.",,eldenring
"Temple Town Ruins: After the fighjt with the Horned Warrior, just continue up to the next room to find a chest with this item inside. Elden Ring Shadow of the Erdtree Interactive Map",,eldenring
Reduces stamina damage taken while blocking by 20%.,,eldenring
Found in a chest on a Wagon East of Grace 'Erdtree-Gazing Hill' behind Ancient Dragon Lansseax. Map Link.,,eldenring
Arrow's Sting Talisman,,eldenring
Raises attack power of arrows and bolts by 10%.,,eldenring
"Located in a chest on the top of the tower directly above Impassable Greatbridge (Grace), which is infront of the Redmane Castle in Caelid. Map Link.",,eldenring
Arrow's Reach Talisman,,eldenring
Increases bow effective range by 65%.,,eldenring
"Inside the tower above Stormgate. It can be accesed by going up and turn left, all around until you get back to Stormgate but through the upper ground. Map Coordinates Link.",,eldenring
Increases damage of Sorceries by 4%.,,eldenring
"Found up the ladder close to the Debate Hall Site of Grace in Raya Lucaria and then down the hole to another the room with Living Jars. Before the Red Wolf of Radagon, hit the bookshelf next to the left stair-case which will lead to a secret room. Go up the ladder close to the left, near the entrance of the room. Run down the left side and then jump down the hole of the broken wooden structure to another room with Living Jars. Map Link.",,eldenring
Increases damage of Sorceries by 8%.,,eldenring
"Albinauric Rise within the eastern Consecrated Snowfield, which can be accessed using both Haligtree Secret Medallion (Left) and Haligtree Secret Medallion (Right) at the Grand Lift of Rold.",,eldenring
Faithful's Canvas Talisman,,eldenring
Increases damage of Incantations by 4%.,,eldenring
Sellia Crystal Tunnel. Located on a corpse guarded by two Prawn Miners. Map Link,,eldenring
Flock's Canvas Talisman,,eldenring
Increases damage of Incantations by 8%.,,eldenring
Drops from Gowry after completing the Millicent questline and killing him.,,eldenring
Primal Glintstone Blade,,eldenring
"Spells consume 25% less FP, but maximum HP is reduced by 15%.",,eldenring
Stargazer Ruins in Mountaintops of the Giants: Found in a chest in an underground area near the center of the ruins. The entrance is sealed by a barrier and there is a talking Jellyfish outside who is looking for her sister. Summon your Spirit Jellyfish that you acquired at the beginning of the game to unlock the seal. Map Link.,,eldenring
Moon of Nokstella,,eldenring
Increases memory slots by 2.,,eldenring
"Found in a chest underneath a massive throne in Nokstella, Eternal City. Map Link.",,eldenring
Old Lord's Talisman,,eldenring
Extends spell effect duration by 30%.,,eldenring
"Found in a chest in Crumbling Farum Azula. Map Link. When you get on the large crumbling bridge, instead of going up to the boss, go the opposite way down to a building. Navigate through it and take the ladder down to a bridge connecting to the tower housing the chest.",,eldenring
Shortens spell casting time by 30 Virtual Dexterity.,,eldenring
"Raya Lucaria Academy: Found inside a treasure chest on the second floor of the Debate Parlor Site of Grace. From the Debate Parlor Site of Grace, head forward leading to the courtyard. Make a hard right and jump over the fence. Climb up the ladder and head through the broken glass window. The treasure chest is on the east section. Map Link.",,eldenring
"Shortens casting speed +99 for sorcery and incantations by the utmost, but increases damage taken by 30%",,eldenring
Increases damage of roars and breath attacks by 15%.,,eldenring
"Dropped by the Stonedigger Troll, located in the Limgrave Tunnels. He is found at the end of the dungeon. Map Link.",,eldenring
Increases damage of throwing pots by 20%.,,eldenring
"After complete Jar Bairn 's side quest at Jarburg, recieve from Jar Bairn's previous location.",,eldenring
Increases damage of perfume items by 20%.,,eldenring
Can be found in Perfumer's Ruins in a chest underground below stairs in the room with the yellow poison flower. Elden Ring Map here,,eldenring
Carian Filigreed Crest,,eldenring
Lowers FP consumed by Skills by 25%.,,eldenring
Can be purchased from War Counselor Iji as part of Blaidd's questline. Map Link.,,eldenring
Warrior Jar Shard,,eldenring
Boosts the attack power of Skills by 10%.,,eldenring
Drops from Iron Fist Alexander when you kill him without completing his questline. Map Link,,eldenring
Shard of Alexander,,eldenring
Greatly boosts the attack power of Skills by 15%.,,eldenring
Drops from Iron Fist Alexander after completing his questline.,,eldenring
Increases attack power of charged Spells and Skills by 15%.,,eldenring
"Drops from Godefrey the Grafted. Map link Golden Lineage Evergaol, east of Grand Lift of Dectus.",,eldenring
Enhances attacks by 45% after maintaining the same stance for 1 second.,,eldenring
Raises potency of storms by 10%,,eldenring
Raises Poise by 33%.,,eldenring
"In the back of Dragonbarrow Cave. From the entrance, take a left into the Lesser Runebear's patrol route. Search that side of the cave and it will be at the end of it on a corpse. Map Link",,eldenring
Blue Dancer Charm,,eldenring
Raises physical scaling damage with lower equipment load by up to 15%.,,eldenring
Dropped by the Guardian Golem boss in the Highroad Cave. Map Link.,,eldenring
Raises defense with higher equipment load. Heavy Load (7.5% PVP/10% PVE) Overload (15%PVP/20%PVE),,eldenring
Magic Scorpion Charm,,eldenring
"Raises Magic Damage by 12%, but increases Physical Damage taken by 10%.",,eldenring
Obtained from talking to Preceptor Seluvis after obtaining the Fingerslayer Blade but before giving it to Ranni the Witch. Obtained by giving Preceptor Seluvis the Amber Starlight after Seluvis tells you about his scheme.,,eldenring
Fire Scorpion Charm,,eldenring
"Raises Fire Damage, but increases Physical Damage taken by 10%.",,eldenring
Found up the ramparts on a wooden platform to the west in Fort Laiedd within Mt. Gelmir. Elden Ring Map here,,eldenring
Lightning Scorpion Charm,,eldenring
"Raises Lightning Damage, but increases Physical Damage taken by 10%.",,eldenring
"Can be found in the Wyndham Catacombs in a room sealed by an Imp Statue, requires a Stonesword Key. Elden Ring Map here",,eldenring
Sacred Scorpion Charm,,eldenring
"Raises Holy Damage, but increases Physical Damage taken by 10%.",,eldenring
"Dropped by invader Anastasia, Tarnished-Eater when defeated. Map Link.",,eldenring
Crucible Scale Talisman,,eldenring
Reduces damage taken from critical hits by 30%.,,eldenring
Can be found in Leyndell Catacombs. Elden Ring Map Link,,eldenring
Crucible Feather Talisman,,eldenring
"Improves dodge rolling by +6 iframes, but increases damage taken by 30%.",,eldenring
Auriza Hero's Grave. Map Link.,,eldenring
Crucible Knot Talisman,,eldenring
Prevents taking increased damage and being staggered from headshots.,,eldenring
"Dropped by Omenkiller, located in the Village of the Albinaurics. Map Link",,eldenring
Grants effects of all crucible talismans,,eldenring
Raises attack power by 20% when HP is below 20%.,,eldenring
Liurnia of the Lakes: Drops from a Deathbird boss that spawns directly north-east of Scenic Isle site of grace near collapsed structure at night. Elden Ring Map Link,,eldenring
Reduces damage taken by 50% when HP is below 20%.,,eldenring
Drops from a Deathbird east of the Warmaster's Shack near collapsed structure with Rune Fragments and Sanctuary stones on it. Elden Ring Map Link,,eldenring
Ritual Sword Talisman,,eldenring
Raises attack power by 10% when HP is at maximum.,,eldenring
"Located in Lux Ruins, in a chest down a set of stairs after the boss. Elden Ring Map here",,eldenring
Ritual Shield Talisman,,eldenring
Reduces damage taken by 30% when HP is at maximum.,,eldenring
"From the West Capital Rampart site of grace in Leyndell, follow the marble stairway heading South-Southwest, past a Valiant Gargoyle near a Golden Seed and up the stair toward a giant Colloseum, the talisman is at the top of the hill, in front of the door of the Colloseum. Map Link.",,eldenring
Assassin's Crimson Dagger,,eldenring
Critical hits restore 10% + 85 HP.,,eldenring
"Dropped by Black Knife Assassin, found inside Deathtouched Catacombs. Map Link.",,eldenring
Assassin's Cerulean Dagger,,eldenring
Critical hits restores 15 FP.,,eldenring
Dropped by the Black Knife Assassin boss found in Black Knife Catacombs in the northeast of the Liurnia of the Lakes region. See its exact location in the Elden Ring Map.,,eldenring
Winged Sword Insignia,,eldenring
Raises attack power with successive attacks (3% - 5% - 10%).,,eldenring
Stillwater Cave: Dropped by the Cleanrot Knight boss upon defeat. Map Link.,,eldenring
Rotten Winged Sword Insignia,,eldenring
Greatly raises attack power with successive attacks (6% - 8% - 13%).,,eldenring
Earned after choosing to assist Millicent and successfully defeat her sisters. Map link,,eldenring
Raises dexterity by 5 and raises attack power with successive attacks (4% - 6% - 11%).,,eldenring
"When you are given the choice at the end of Millicent 's questline between aiding or challenging her, choose to challenge her. When you kill her, you will automatically receive this talisman. Map Link",,eldenring
Godskin Swaddling Cloth,,eldenring
Successive attacks restore 3% + 30 HP.,,eldenring
Spiritcaller's Cave: Dropped by the Godskin Apostle & Godskin Noble in a consecutive boss encounter. Map Link.,,eldenring
Kindred of Rot's Exultation,,eldenring
Poisoning or rot in vicinity increases attack power by 20% for 20s.,,eldenring
Dropped by the Kindred of Rot in Seethewater Cave. Map Link.,,eldenring
Lord of Blood's Exultation,,eldenring
Blood loss in vicinity increases attack power by 20% for 20s.,,eldenring
"Drops from Esgar, Priest of Blood in Leyndell Catacombs. Map link",,eldenring
Madness in the vicinity increases attack power by 20%,,eldenring
Sleep in the vicinity increases attack power by 20% for 30 seconds.,,eldenring
Restores 3% + 30 HP upon defeating enemies.,,eldenring
"Awarded by Tanith at Volcano Manor after completing the third letter quest. This requires you to visit the Mountaintops of the Giants, invade and defeat Juno Hoslow, Knight of Blood. Map Link.",,eldenring
Ancestral Spirit's Horn,,eldenring
Restores 3 FP upon defeating enemies.,,eldenring
Obtained when unlocking the Remembrance of the Regal Ancestor's power by handing it over to Enia at Roundtable Hold.,,eldenring
Raises attack power by 15% for 20 seconds when summoned spirit dies,,eldenring
Increases runes obtained from defeated enemies by 20%.,,eldenring
Dropped by Cleanrot Knight (Sickle) & Cleanrot Knight (Spear) boss found in Abandoned Cave in Caelid. Map link,,eldenring
Raises item discovery by 75.,,eldenring
"Found in a chest in Hidden Path to the Haligtree. In the large central room, there is a broken section of railing. There you can drop down to an invisible platform, and walk to a small room. The chest is past an illusory wall, behind the Grave Glovewort (9). Map Link",,eldenring
Eliminates all sound made by the wearer during movement.,,eldenring
"Obtained by the enemy you kill during the second assassination task in the Volcano Manor questline, Rileigh the Idle. Map Link.",,eldenring
Conceals wearer while crouching away from foes.,,eldenring
Dropped by the boss in Sage's Cave. See the exact location: Elden Ring Map.,,eldenring
Longtail Cat Talisman,,eldenring
Renders the wearer immune to non-lethal Fall Damage.,,eldenring
"Raya Lucaria Academy: Looted off a corpse that can be found at the bottom section of the large rotating lift. Past the graveyard section of Raya Lucaria Academy, simply ride the lift down and defeat the single Pendulum Statue enemy. Map link",,eldenring
Furled Finger's Trick-Mirror,,eldenring
Take on appearance of a Host of Fingers.,,eldenring
"Can be purchased from Twin Maiden Husks at the Roundtable Hold for 5,000 Runes.",,eldenring
Take on appearance of a cooperator.,,eldenring
Constantly attracts enemies' aggression.,,eldenring
Can be found on a body at the edge of the Frenzied Flame Village. Map Link.,,eldenring
Increases damage taken by 100%.,,eldenring
"You get this at the end of Rya 's questline if you do not give her the Tonic of Forgetfulness. (' edit: Rya will still drop the talisman even if the potion was given to her. After completing the manor questlines, you will find her in the drawing room. Exhaust her dialogues, rest, and go back to her location. She will be gone, and the talisman will be dropped on the floor.)",,eldenring
Will be lost on death in place of runes.,,eldenring
"Sold by Patches at Murkwater Cave after he sets up shop. 3 sold by the Isolated Merchant at the Weeping Peninsula for 3.000 runes each. Liurnia of the Lakes: Found on a corpse sitting by a stone platform jutting out of the cliffs in the southern landmass. This is accessible from the top of the long stretch of land where the Malefactor's Evergaol is located. 3 sold by the Isolated Merchant in Dragonbarrow for 3,000 er runes each. Given by Edgar when spoken to for the first time at Castle Morne.",,eldenring
Entwining Umbilical Cord,,eldenring
Changes demeanour of wearer's actions.,,eldenring
It is currently unavailable in-game.,,eldenring
Two Fingers' Prayerbook,,eldenring
Lord's Heal Lord's Aid,,eldenring
Leyndell Royal Capital: Found at the first floor of the Fortified Manor. [ Map Link ],,eldenring
Assassin's Approach Darkness,,eldenring
"Roundtable Hold: Found after the second Imp Statue door downstairs. The first first door requires one Key to open, and the second door after the first requires two Keys to open, totaling three keys.",,eldenring
Golden Order Principia,,eldenring
Radagon's Rings of Light Law of Regression,,eldenring
"Leyndell Royal Capital: At the Erdtree Sanctuary, found hanging from the ceiling. You need to jump on the roof and through a window to find it. [ Map Link ]",,eldenring
Dragon Cult Prayerbook,,eldenring
Lightning Spear Honed Bolt Electrify Armament,,eldenring
Liurnia of the Lakes: Dropped by Golden Knight patrolling the road outside of 'Artist's Shack' Site of Grace. [ Map Link ],,eldenring
Ancient Dragon Prayerbook,,eldenring
Ancient Dragons' Lightning Spear Ancient Dragons' Lightning Strike,,eldenring
"Crumbling Farum Azula: Located behind 'Tempest Facing Balcony' Site of Grace, in the middle of the hall. [ Map Link ]",,eldenring
Fire Monks' Prayerbook,,eldenring
"O, Flame! Surge, O Flame!",,eldenring
Liurnia of the Lakes: Found on a corpse in a Fire Monk outpost on the southern landmass. Accessible via the southwest of the lake. [ Map Link ],,eldenring
"Giantsflame Take Thee Flame, Fall Upon Them",,eldenring
Inside a chest at the very top of Guardian's Garrison in Mountaintops of the Giants. [ Map Link ],,eldenring
Black Flame Black Flame Blade,,eldenring
"Stormveil Castle: From the arch doorway exiting to the courtyard, make a hard left and you'll see a set of stairs that goes underground. You'll find a room that is guarded by three Rats, and ahead, is a doorway that is blocked by a white fog. To dispel it, you will need to use a Stonesword Key on the Imp Statue. You'll find a stock room upon unlocking the doorway, the room has a treasure chest where the book is. [ Map Link ]",,eldenring
Wrath from Afar,,eldenring
Fires a golden shockwave that knocks back foes,,eldenring
"Take the elevator at the Storehouse, Loft site of grace in Shadow Keep. Once you are on the upper level, turn left, and turn left again. As soon as you can turn right. Beware of the bat hanging from the ceiling. Reach the other side, and take the ladder up. Turn left and move towards the area in which there is a giant gear (the one that does not have a bat on it), once you are aligned fall down to find the spell behind the column. [ Elden Ring Shadow of the Erdtree Map Link ]",,eldenring
Shadow of the Erdtree DLC,,eldenring
Heal from Afar,,eldenring
Greatly heals HP for distant allies the spell reaches,,eldenring
"This spell can be looted on the ground by the foot of an underground golden tree. It is located in a cave path to the base of the Rauh Ruins, north-northeast of the Moorth Ruins in Scadu Atlus. [ Map Link ]",,eldenring
Continuously heals allies in the area,,eldenring
Located at the Shaman Village in the Scaduview region. The spell can be found in the field of flowers.[ Map Link ],,eldenring
Aspects of the Crucible: Thorns,,eldenring
Creates a mass of bristling thorns on back to scour the area,,eldenring
Dropped by the Golden Hippopotamus by going up the elevator in the Shadow Keep Main Gate. [Elden Ring Shadow of the Erdtree Map],,eldenring
Aspects of the Crucible: Bloom,,eldenring
Creates a miranda flower on chest to summon rain of light,,eldenring
Can be found on a corpse near the Giant Miranda Sprout near the Ravine North Site of Grace [ Map Link ],,eldenring
Land of Shadow,,eldenring
Fires a hail of golden projectiles toward foes,,eldenring
Can be selected as one of the possible rewards when trading Remembrance of the Shadow Sunflowerw ith Enia at the Roundtable Hold.,,eldenring
Multilayered Ring of Light,,eldenring
Fires a multilayered golden ring of light that continuously inflicts damage,,eldenring
Rewarded upon defeating the spirit Misbegotten Crusader in the Stone Coffin Fissure. [ See Shadow of the Erdtree Map ] [ Video Link ],,eldenring
Light of Miquella,,eldenring
Annihilates foes with a pillar of light,,eldenring
Trade Remembrance of a God and a Lord with Enia at Roundtable Hold.,,eldenring
Knight's Lightning Spear,,eldenring
Hurls lightning spear while firing additional spears from ancient dragon crests,,eldenring
"Scorpion River Catacombs: In the big hall with the set of eyes that inflict deathblight upon you, there is a ledge on the right side which lets you cross to the other side. Run across the ledge while hugging the wall and then go inside the opening behind the set of eyes. You can find the incantation in the room directly in front of you.",,eldenring
Calls down lightning to charge body with electricity,,eldenring
"In the Fog Rift Catacombs after the second lift down. Past the stake of Marika. In the room with the giant spike ceiling. In the second alcove on the left is a drop down take it. Take a left, when you're in the room take another left through the short hallway there's two mages and the electrocharge spell on a corpse",,eldenring
Dragonbolt of Florissax,,eldenring
Calls down red lightning to bolster self and nearby allies,,eldenring
Rewarded by Dragon Priestess after defeating Bayle. Requires giving her the Thiollier's Concoction.,,eldenring
Releases a procession of golden arcs with a swing of the arm,,eldenring
"Head southeast of Moorth Ruins. From the Shattered Stone Talisman chest, drop down to the nearest platform and continue descending until you reach the ground where three Inquisitors are situated. Defeat them and enter the small building nearby to find this item inside a chest. [ Map Link ]",,eldenring
Giant Golden Arc,,eldenring
Releases a giant golden arc with a swing of the arm,,eldenring
Obtained by looting a chest in the Ruins of Unte. The chest is inside a building in a flower area that is only accessible after using a Hefty Furnace Pot and throwing it at the head of the deactivated Furnace Golem that blocks the entrance so that it moves away. [ Elden Ring Map ],,eldenring
Summons a spiral of light that erupts at the enemy's feet,,eldenring
"Past the impenetrable thorns at the end of Belurat, Tower Settlement. It would be on a small altar that is directly in front of statue. [ Map Link ]",,eldenring
Summons a guardian spirit above the caster's head,,eldenring
"Given by Hornsent Grandam after defeating the Divine Beast Dancing Lion. Talk to her twice with the Divine Beast Head equipped, to receive this incantation.",,eldenring
Divine Bird Feathers,,eldenring
Spreads arms like wings and releases a flurry of feathers,,eldenring
Ancient Ruins of Rauh. Can be found the corpse in the middle of the lake. Go past the gazebo and look at the corpse in the middle of the water. Go towards it and then pick up the Divine Bird Feathers. [ See Shadow of the Erdtree Map ] [ Video Link ],,eldenring
Divine Beast Tornado,,eldenring
Summons a storm that launches a tornado forward,,eldenring
The Divine Beast Dancing Lion northeast from the Temple Town Ruins Site of Grace drops this incantation upon defeat. [See Shadow of the Erdtree Map],,eldenring
Launches a flame with a serpentine coil,,eldenring
"Shadow Keep: From the Storehouse site of grace, find the ladder and climb it up, pass the enemies, and move forward until you reach the balcony. You will find the item there. [ Map Link ]",,eldenring
Rain of Fire,,eldenring
Pelts foe with rain of fire from above,,eldenring
"From the West Rampart Site of Grace, take the bridge all the way. Use Torrent to avoid being trapped in the Rain of Fire. Defeat the Fire Knight at the end to obtain this and Salza's Hood. [ Map Link ]",,eldenring
Shapes Messmer's flame into a giant orb that soars at foe,,eldenring
Can be selected as one of the possible rewards when trading Remembrance of the Impaler with Enia at the Roundtable Hold.,,eldenring
Roar of Rugalea,,eldenring
Channels great red bear to emit a furious roar,,eldenring
"Dropped by a large bear northwest of the Ravine North Site of Grace, in the wooded area where there are many large bears. [ See Shadow of the Erdtree Map ]",,eldenring
Furious Blade of Ansbach,,eldenring
Cleaves through enemies with bloodflame blade summoned from side of the hand,,eldenring
"Complete Sir Ansbach's questline all the way through the end, and side with him when facing Leda, and then Promised Consort Radahn / Radahn, Consort of Miquella. After the fight is over, Sir Ansbach's body will be near the site of grace, alongside with his equipment and this Incantation. [ Map Link ]",,eldenring
Secrete sticky threads and twist them into two frontward flying spears,,eldenring
Servants of Rot,,eldenring
"From the Church of the Bud, Main Enterance grace, go North back into the cave and down the stairs, then take a right or left (it doesn't matter) and head behind the stairs, the incantation will be directly behind, guarded by one enemy. [ Map Link ] [ Video Link ]",,eldenring
Summons countless butterflies to scatter rot,,eldenring
Can be selected as one of the possible rewards when trading Remembrance of the Saint of the Bud with Enia at the Roundtable Hold.,,eldenring
Midra's Flame of Frenzy,,eldenring
Summons Lord of Frenzied Flame's head to spew frenzied flame,,eldenring
Can be selected as one of the possible rewards when trading Remembrance of the Lord of Frenzied Flame with Enia at the Roundtable Hold.,,eldenring
Spews ghostflame breath from above,,eldenring
3x Dragon Heart can be used at the Grand Altar of Dragon Communion to trade for this spell. [ See Shadow of the Erdtree Map ],,eldenring
Channels dread dragon to roar with a heatwave blast,,eldenring
Heart of Bayle can be used to at the Grand Altar of Dragon Communion to trade for Bayle's Flame Lightning or Bayle's Tyranny. [ See Shadow of the Erdtree Map ],,eldenring
Bayle's Flame Lightning,,eldenring
Channels dread dragon to strike with flame-lightning-infused talon bone,,eldenring
Nullifies falling damage.,,demonssouls
"Can be found at Swamp of Sorrow 5 - 2, to the left of the first fog gate, patrolled by the Cleaver wielding Black Phantom. Can be bought from Patches, the Hyena in The Nexus for 40000 souls.",,demonssouls
Clever Rat's Ring,,demonssouls
"When HP is below 30%, increases attack power by 50%.",,demonssouls
"Can be found at the Prison of Hope 3 - 1, middle of ballista hallway.",,demonssouls
Increases your Max HP in Soul Form by 40%.,,demonssouls
"Can be found at the Gates of Boletaria 1 - 1, in the middle of two portcullises at bottom of tower stairwell past the fog gate near the Blue Eye Knight at the top of the wall.",,demonssouls
Dull Rat's Ring,,demonssouls
"When HP is below 30%, increases defense by 50%.",,demonssouls
Can be acquired by rescuing Lord Rydell at the Prison of Hope 3 - 1.,,demonssouls
Eternal Warrior's Ring,,demonssouls
Increases stamina regeneration speed.,,demonssouls
"Dropped by Old King Doran, at the Boletarian Mausoleum in Gates of Boletaria 1 -1",,demonssouls
Increases all damage by 20% as Black Phantom.,,demonssouls
"Can be acquired as a reward from Mephistopheles for killing Yuria, the Witch.",,demonssouls
Recovers MP over time at 1mp/4secs.,,demonssouls
"Can be found at the Upper Latria 3 - 2, swamp area Treasure Trade a Brass Telescope with Sparkly the Crow Can be bought from Patches, the Hyena for 60000 souls Royalty class starts with this item equipped.",,demonssouls
Increases all damage by 20% as Blue Phantom.,,demonssouls
"Can be acquired by speaking with the Monumental, when your Character Tendency is Pure White.",,demonssouls
Becomes harder for Black Phantoms to detect.,,demonssouls
"Can be found at the Island's Edge 4 - 2, after going through the second fog gate, go up the stairs and follow the ledge around to the beam that leads into a small ledge on the opposite side. Dropped by Graverobber Blige.",,demonssouls
"Increases Sweet Spot damage by 15%, decreases damage for all other attacks.",,demonssouls
"Dropped by Body Form Executioner Miralda, at the Gates of Boletaria 1 - 1. In the room where you face Dragon God, behind the second ballista, the one on the left. You have to follow the narrow walkway on the right. At the end you will find it on a lootable corpse.",,demonssouls
Recovers HP over time at 4hp/sec.,,demonssouls
"Can be found at the Island's Edge 4 - 1, along the cliff path on the other side of the tower where you get Copper Key. Roll over the broken down tower walls above it should be, near where the two archers were. Can be found at the Swamp of Sorrow 5 - 2, hug the wall as you first enter the poison swamp, past the Mirdan Hammer, in the alcove Trade the Jade Hair Ornament with Sparkly the Crow at Island's Edge 4 - 1.",,demonssouls
Ring of Avarice,,demonssouls
20% More soul points from enemies.,,demonssouls
"Can be bought from Once Royal Mistress in the Prison of Hope 3 - 1, for 50000 souls Can be found at the Upper Latria 3 - 2, Below the boss tower after the heart is dropped",,demonssouls
Ring of Devout Prayer,,demonssouls
+1 miracle slot.,,demonssouls
"Trade Large Sword of Moonlight with Sparkly the Crow, at Island's Edge 4 - 2. Trade Vinland Crest with Selen Vinland at the Swamp of Sorrow 5 - 2. Dropped by Saint Urbain.",,demonssouls
Plague Resistance Ring,,demonssouls
Multiplies base disease resistance by 4.,,demonssouls
"Can be found at The Tunnel City 2 - 2. From the archstone. go right along the tunnel. Once you reach the end, turn right, go through the narrow passage. You will have to start dropping from scaffolding to scaffolding. On the third one, on your left side, you will find it on a lootable corpse. Can be found at the Upper Latria 3 - 2, in the swamp near the location of the Primeval Demon",,demonssouls
Flame Resistance Ring,,demonssouls
Add 40 points to Fire Resistance.,,demonssouls
"Can be found near the outdoor dragon nest at the Gates of Boletaria 1 - 1 Can be acquired as a gift from Patches, the Hyena if you manage to disable his trap in The Tunnel City 2 - 2.",,demonssouls
Gash Resistance Ring,,demonssouls
Multiplies base bleeding resistance by 4.,,demonssouls
"Can be found on a corpse in the tunnel under the bridge at The Lord's Path 1 - 2. Can be found in The Ritual Path 4 - 2, speak with Patches, the Hyena after rescuing Saint Urbain.",,demonssouls
Ring of Great Strength,,demonssouls
Increases equipment weight capacity by 50%.,,demonssouls
"At the Gates of Boletaria 1 - 1, under the dragon tail in the dragon nest area. Dropped by Biorr, of the Twin Fangs.",,demonssouls
Ring of Herculean Strength,,demonssouls
Raises item carry capacity.,,demonssouls
Can be acquired by giving Jade Hair Ornament to Stockpile Thomas Can be acquired by killing Stockpile Thomas.,,demonssouls
Ring Of Magical Dullness,,demonssouls
"Increases magic defense by 20%, while decreasing magic attack power by 40%.",,demonssouls
"Can be found at the Depraved Chasm 5 - 1, on one of the roofs near the first Fog Gate. Trade Phosphorescent Pole with Sparkly the Crow, at Island's Edge 4 - 1",,demonssouls
Ring Of Magical Nature,,demonssouls
Provides one more Magic slot.,,demonssouls
"Can be found at the Inner Ward 1 - 3, in the Tower where Yuria, the Witch is held.",,demonssouls
Ring Of Magical Sharpness,,demonssouls
"Increases magic attack by 20%, while decreasing magic defence power by 40%.",,demonssouls
"Can be found at the Prison of Hope 3 - 1, on the 4th floor, in the room with four iron maidens before you go down the stairs.",,demonssouls
Ring of Poison Resistance,,demonssouls
Multiplies base poison resistance by 4.,,demonssouls
"Can be found at the Gates of Boletaria 1 - 1, in the area near Executioner Miralda, on the stairs. Can be found at the Smithing Grounds 2 - 1, hidden area in the lava pit that becomes water logged.",,demonssouls
Ring of Sincere Prayer,,demonssouls
Increases miracle power by 50%. Increases miracle casting time by 10%.,,demonssouls
Can be acquired by killing Maiden Astraea at Sanctuary of the Lost 5 - 4.,,demonssouls
Ring of the Accursed,,demonssouls
Wielder becomes enemies' top attack priority.,,demonssouls
"Can be found at the Inner Ward 1 - 3, the tower where a Yuria, the Witch is held Dropped by Mephistopheles",,demonssouls
Reduces the rate of weapon attrition,,demonssouls
"Can be found at The Tunnel City, Dropped by Scirvir, the Wanderer Can be found in the Slug cave area at The Ritual Path 4 - 2.",,demonssouls
Becomes harder for enemies to detect,,demonssouls
"Can be found in a platform behind Ostrava, of Boletaria at the Boletarian Palace.",,demonssouls
Ring of Longevity,,demonssouls
Increases max HP by 5%.,,demonssouls
"Stockpile Thomas upon starting a new character in the Deluxe Edition. Trade Pure Bladestone with Sparkly the Crow, at Island's Edge 4 - 1.",,demonssouls
Raises item discovery.,,demonssouls
"Stockpile Thomas upon starting a new character in the Deluxe Edition. Starting gift for new characters. Trade Large Sword of Searching with Sparkly the Crow, at Island's Edge 4 - 1.",,demonssouls
Higher mobility in deep water.,,demonssouls
Behind a pillar near Prisoner Horde in the depths of Upper Latria 3 - 2. Requires Pure Black World Tendency.,,demonssouls
Ring of Uneven Scales,,demonssouls
"Raises maximum item burden, but lowers maximum equip burden.",,demonssouls
"Trade Gold Coin with Sparkly the Crow, at Island's Edge 4 - 1.",,demonssouls
Anti-air Deathblow Text,,sekiro
"Compendium on the shinobi Martial Art, 'Anti-air Deathblow'.",,sekiro
Unlocks the Anti-Air Deathblow Skill.,,sekiro
Dried aromatic wood from the Everblossom.,,sekiro
An incense ingredient sought by the Divine Heir for Immortal Severance.,,sekiro
"One who seek purification may impart the dragon tears and these flowers to the Divine Heir of the Dragon's Heritage, thus severing the shackles that bind the immortal bearer of Dragon's Blood.",,sekiro
Used in the Purification Ending.,,sekiro
Ashina Esoteric Text,,sekiro
A compendium of the Ashina Sword Style that allows one to learn 'Ashina Style' skills,,sekiro
Unlocks the Ashina Arts - Skill Tree,,sekiro
A bottle of Ashina sake given by Emma,,sekiro
"Can be given to The Sculptor, Lady Emma or Isshin.",,sekiro
An old text describing a black Mortal Blade.,,sekiro
A lore reference of the Black Blade.,,sekiro
Dancing dragon mask,,sekiro
A key item gained by collecting all three mask fragments,,sekiro
Allows the player to convert skill points into Attack Power,,sekiro
Divine Dragon's Tears,,sekiro
Gracious gift of tears can only be granted by the Mortal Blade,,sekiro
Tears received from the Divine Dragon.,,sekiro
An old note left by the surgeon Dosaku.,,sekiro
Found in the room behind Doujun.,,sekiro
Dragon's Tally Board,,sekiro
A tally board carved from a large piece of jade,,sekiro
Increases the stocks that can be purchased in merchants' shops.,,sekiro
Dragonrot Blood Sample,,sekiro
Blood sample of a Dragonrot victim. Contains stagnated blood.,,sekiro
To be given to Emma to create a cure for Dragonrot.,,sekiro
"A bottle of crystal-clear sake. Sake is a drink meant for sharing. A top-shelf sake brewed by the Ashina brew master with water from the Dragonspring. The pure water extracts every last bit of flavor from Ashina's finest rice. There are no words that can do the flavor justice. To understand, one must taste it for themselves.",,sekiro
Dried Serpent Viscera,,sekiro
"A dried, persimmon-like heart of a Great Serpent",,sekiro
Used in the Dragon's Homecoming Ending.,,sekiro
Eighth Prayer Necklace,,sekiro
"Loose prayer beads strung together in offering to a Sculptor's Idol. Lone Shadows are the Interior Ministry's most trusted agents. Each of leader Masatsuna Oribe's seventeen born has a specialty, from poison to shinobi hounds.",,sekiro
Increases maximum Vitality and Posture,,sekiro
Father's Bell Charm,,sekiro
A bell charm previously owned by the owl.,,sekiro
Used to return to Hirata Estate a second time.,,sekiro
Fifth Prayer Necklace,,sekiro
"Loose prayer beads strung together in offering to a Sculptor's Idol. The gun fort Sunken Valley is command by the Snake Eyes, an elite force of women able to pierce distant targets with might flint cannons and phenomenal vision.",,sekiro
Final Prayer Necklace,,sekiro
"Loose prayer beads strung together in offering to a Sculptor's Idol. Increases maximum Vitality and Posture. A prayer bead necklace befits the strong. The Seven Spears of Ashina were pivotal in Isshin's coup. He awarded the lance to none but his most loyal samurai. Yet now, only a few of the Seven remain.",,sekiro
First Prayer Necklace,,sekiro
"Loose prayer beads strung together in offering to a Sculptor's Idol. The ferocity of Ashina's army is renowned throughout then nation. Its generals are especially talented, every one of them accomplished in the Ashina sword style.",,sekiro
Flame Barrel Memo,,sekiro
"A tattered note written by Anayama. Seems to be from some years ago. 'Lucrative info #36 When we broke into the Hirata Estate, we found a barrel that spewed flame. The boys lit a roaring bonfire with it and made merry with the drink. Must have been a shinobi's tool.'",,sekiro
Hints as to where to find the Flame Vent shinobi tool.,,sekiro
Floating Passage Text,,sekiro
A compendium on the Floating Passage Combat Art that can be learned upon acquisition.,,sekiro
Unlocks a Combat Art,,sekiro
Fourth Prayer Necklace,,sekiro
"Loose prayer beads strung together in offering to a Sculptor's Idol. Only those who have master the Ashina blade may set foot inside the castle dojo. Isshin will often stop by unannounced, just to keep the students on their toes.",,sekiro
Fragrant Flower Note,,sekiro
"A note from Kuro, written by Takeru, former Heir of the Dragon's Heritage.",,sekiro
A lore note.,,sekiro
A note written by Tomoe.,,sekiro
Fresh Serpent Viscera,,sekiro
The persimmon-like heart of a Great Serpent,,sekiro
Tears that were shed by the Divine Child of Rejuvenation once she became the cradle. They are but frozen drops.,,sekiro
"By having Kuro drink both the Dragon Tears and Frozen Tears, the Cradling ritual can be performed.",,sekiro
A key to a samurai gatehouse located in the Ashina Reservoir,,sekiro
Unlocks the Samurai Gatehouse in the Ashina Reservoir,,sekiro
Seed from which healing waters continuously spring forth,,sekiro
Can be given to Emma to increase the maximum uses of the Healing Gourd,,sekiro
Great White Whisker,,sekiro
A priceless white whisker taken from the Great Colored Carp.,,sekiro
Used to free the Fish NPC from the Carp in Fountainhead Palace.,,sekiro
Gun Fort Shrine Key,,sekiro
A key to a shrine deep within the gun fort,,sekiro
Unlocks the shrine within the gun fort,,sekiro
Herb Catalogue Scrap,,sekiro
"A page torn from the Ashina Herb Catalogue, a compendium of flowers and herbs.",,sekiro
A lore reference depicted where to get Snap Seed.,,sekiro
Hidden Temple Key,,sekiro
A key to the Hidden Temple in the Hirata Estate,,sekiro
Unlocks the Hidden Temple in Hirata Estates,,sekiro
Holy Chapter: Dragon's Return,,sekiro
A passage describing a journey to enlightenment.,,sekiro
Holy Chapter: Infested,,sekiro
Immortal Severance Scrap,,sekiro
Part of the Book of Immortal Severance left behind by Takeru.,,sekiro
Immortal Severance Text,,sekiro
A book from Kuro on the art of severing ties with the Dragon's Heritage.,,sekiro
A note by Isshin in the watch tower.,,sekiro
"Charm received from Kuro. Placed on the Wolf's person in secret, after he lost his life in Hirata Estate and gained the power of Resurrection. The charm has protected the Wolf well, tempering his ordeals. To part with it would mean facing a path of hardship beyond that endured thus far.",,sekiro
"A katana given by Kuro, the Divine Heir",,sekiro
The Wolf's primary weapon.,,sekiro
Lotus of the Palace,,sekiro
A white lotus flower blooming in the depths of the Sunken Valley.,,sekiro
Mask Fragment: Dragon,,sekiro
A fragment of an old dancer's mask,,sekiro
Combine with Mask Fragment: Left and Mask Fragment: Right,,sekiro
Mask Fragment: Left,,sekiro
Combine with Mask Fragment: Right and Mask Fragment: Dragon,,sekiro
Mask Fragment: Right,,sekiro
Combine with Mask Fragment: Left and Mask Fragment: Dragon,,sekiro
Memory: Corrupted Monk,,sekiro
The battle memory of an extraordinary foe.,,sekiro
Commune with a Sculptor's Idol and confront memories of battle to permanently increase attack power.,,sekiro
Memory: Divine Dragon,,sekiro
Memory: Foster Father,,sekiro
Memory: Great Shinobi,,sekiro
Memory: Guardian Ape,,sekiro
Memory: Gyoubu Oniwa,,sekiro
Memory: Hatred Demon,,sekiro
Memory: Headless Ape,,sekiro
Memory: Isshin Ashina,,sekiro
Memory: Lady Butterfly,,sekiro
Memory: Saint Isshin,,sekiro
Memory: Screen Monkeys,,sekiro
Memory: True Monk,,sekiro
Alcohol created by dew pooled in a hollow tree,,sekiro
An odachi capable of slaying the undying,,sekiro
Used to defeat some Immortal Bosses.,,sekiro
Mushin Esoteric Text,,sekiro
A book given by Tengu containing the Mushin Arts.,,sekiro
Unlocks the Mushin Arts - Skill Tree,,sekiro
Nightjar Beacon Memo,,sekiro
A note on smoke signals used by Ashina shinobi.,,sekiro
Explains how to get to the top of Ashina Castle.,,sekiro
Ninth Prayer Necklace,,sekiro
"Robert's father came from afar across seas to the south, in search of the Undying. Repelling a thousand blades was a small price for the blessing of rejuvenation...",,sekiro
Okami's Ancient Text,,sekiro
An old note left by the Okami clan.,,sekiro
A letter thrown into a well.,,sekiro
A key item obtained during the game's prologue,,sekiro
An old diary entry written by Takeru's page.,,sekiro
A lore note,,sekiro
A loose prayer bead.,,sekiro
Used at any Sculptors Idol to increase maximum Vitality and Posture,,sekiro
A slimy bait resembling horns,,sekiro
Used to feed the Great Carp,,sekiro
Prosthetic Esoteric Text,,sekiro
A book of secrets that grants the ability to learn 'Prosthetic Style' skills,,sekiro
Unlocks the Prosthetic Arts Skill Tree,,sekiro
A description of 'rats' that have snuck into Ashina,,sekiro
Provides location of dwarf Shinobi ('Rats'),,sekiro
"The charm contains a Dragonrot victim's blood, which Emma managed to purify and solidify into a bloodstone.",,sekiro
Offered with a Dragon's Blood Droplet at a Sculptor's Idol to restore all afflicted with Dragonrot back to health.,,sekiro
Red Carp Eyes,,sekiro
"A carp that lived in the Mibu Village Pond. It has two red eyes. Carp with only eyes that are red cannot become 'masters'. Though they're considered incomplete creatures that lack the ideal number of scales, their eyes are said to be everlasting. The researcher Dojun in the Abandoned Dungeon wants these eyes to improve his 'procedure'.",,sekiro
Used in Doujun's quest line.,,sekiro
Red and White Pinwheel,,sekiro
A small pinwheel made from red and white paper,,sekiro
Given to Kotaro to complete his quest. Kotaro can then be recruited to upgrade Anayama the Peddler's shop.,,sekiro
Remnant: Corrupted Monk,,sekiro
"The battle memory of an extraordinary foe. Although distant, recollection of such a memory provided sustenance for the Wolf. The Corrupt Monk donned the mask of a fierce guardian deity. Her form was nebulous, appearing as if in a dream. What reason could there have been for guarding the Mibu Village cave entrance.",,sekiro
Increase attack power.,,sekiro
Remnant: Divine Dragon,,sekiro
"The battle memory of an extraordinary foe. Although distant, recollection of such a memory provided sustenance for the Wolf. The Divine Dragon of the Everblossom came from the west long ago, eventually making its way to this land. Some parts of Ashina are exceedingly old. Water coursing through her ancient rocks and soil allowed the Dragon to take root.",,sekiro
Remnant: Foster Father,,sekiro
"Owl took in the hungry cub on a whim and raised him as a shinobi. The process was so engrossing that he hoped they might enjoy a true battle to the death some day. He got his wish, if only in an old memory.",,sekiro
Remnant: Hatred Demon,,sekiro
"A man who failed to become Shura instead become a vessel for the flames of hatred. As fate would have it, he was bound stubbornly to this world. It wasn't until he became a demon that he was finally able to depart for the next.",,sekiro
"The battle memory of an extraordinary foe. Although distant, recollection of such a memory provided sustenance for the Wolf. Born a peasant, Genichiro Ashina was taken in by the Ashina after his mother's death. With his country on the brink of defeat, Genichiro took to the heretical arts and master the Lightning of Tomoe. Such heresy may be the key to saving her.",,sekiro
Remnant: Great Shinobi,,sekiro
"The battle memory of an extraordinary foe. Although distant, recollection of such a memory provided sustenance for the Wolf. The Great Shinobi Owl's unbridled ambition was to obtain the power of the Dragon's Heritage. Now is the time to let one's true name ring out across all of Japan. It was all for the sake of ambition.",,sekiro
Remnant: Guardian Ape,,sekiro
"The battle memory of an extraordinary foe. Although distant, recollection of such a memory provided sustenance for the Wolf. They say that an infested body is the mark of the undying, but such a long life would surely be quite lonesome for even an ape. Perhaps the echoing roar of the Guardian Ape was in fact a solicitation of sorts.",,sekiro
"The battle memory of an extraordinary foe. Although distant, recollection of such a memory provided sustenance for the Wolf. Gyoubu Oniwa once led a group of infamous bandits, but was defeated by Isshin, who was so captivated by his show of strength that he took him in as an Ashina warrior. Oniwa would later go on to become Genichiro Ashina's most trusted retainer.",,sekiro
Remnant: Headless Ape,,sekiro
"The battle memory of an extraordinary foe. Although distant, recollection of such a memory provided sustenance for the Wolf. At one time the Guardian Ape shared its den with a mate. Be he alone became infested, while others passed away. Now, even the flowers offered in tribute to her passing have withered to dust.",,sekiro
Remnant: Isshin Ashina,,sekiro
"The battle memory of an extraordinary foe. Although distant, recollection of such a memory provided sustenance for the Wolf. Isshin Ashina was a true master of the sword; no less so in his vale of years.",,sekiro
Remnant: Lady Butterfly,,sekiro
"The battle memory of an extraordinary foe. Although distant, recollection of such a memory provided sustenance for the Wolf. The Phantom Lady Butterfly was appointed by the Wolf's foster father as one of his mentors in the shinobi techniques. These mentors employed strict methods. The cultivation of shinobi techniques can only be achieved in the midst of battle.",,sekiro
Remnant: Saint Isshin,,sekiro
"The battle memory of an extraordinary foe. Although distant, recollection of such a memory provided sustenance for the Wolf. One who returns from the great beyond does so at the peak of their prosperity. Isshin coveted strength and all manner of techniques throughout his mortal struggle. He wished for war until his final hour, and that is precisely what he got.",,sekiro
Remnant: Screen Monkeys,,sekiro
"The battle memory of an extraordinary foe. Although distant, recollection of such a memory provided sustenance for the Wolf. The Halls of Illusion lie on the threshold betwixt life and death. Departed souls of the Divine Children drift and savvy, taking shelter in the monkeys of the temple. Such is why the Divine Child of Rejuvenation speaks of them as friends.",,sekiro
Remnant: True Monk,,sekiro
"The battle memory of an extraordinary foe. Although distant, recollection of such a memory provided sustenance for the Wolf. The Corrupted Monk was among the infested, standing over the Fountainhead Palace. Indeed, immortality would seem fitting quality for eternal watcher of the palace. Her true name was Priestess Yao.",,sekiro
Rice for Kuro,,sekiro
Intended to be a gift for Kuro.,,sekiro
Part of the Dragon's Homecoming Ending.,,sekiro
Rot Essence: Black Hat,,sekiro
The coughing and wheezing comes from a man who wants nothing more than to return to an abandoned place.,,sekiro
Reduces one's chances of receiving Unseen Aid,,sekiro
Rot Essence: Charmed One,,sekiro
The coughing and wheezing sounds of a man who is enamored with a beautiful melody.,,sekiro
Rot Essence: Crow Mob,,sekiro
The coughing and wheezing sounds of a man who takes great pride in memorializing the dead. He holds service somewhere in Ashina Outskirts.,,sekiro
Rot Essence: Faithful One,,sekiro
The coughing and wheezing sounds of an old woman of great faith. Keeping one's faith even when driven mad allows one to see certain things. Thank heavens...,,sekiro
Rot Essence: Info Broker,,sekiro
"The coughing and wheezing sounds of a man who makes his living dealing in information, yet cannot remove himself from compassion.",,sekiro
Rot Essence: Jail Mob,,sekiro
"The man who coughs seems to be one who frequently sees those gruesomely abandoned. Even so, he continues to make offerings to the dead.",,sekiro
Rot Essence: Lost Child,,sekiro
The coughing and wheezing sounds of one who seems to be a lost child in a large body.,,sekiro
Rot Essence: Pious Mob,,sekiro
"The coughing and wheezing sounds of a man who holds memorials for the dead, in a place where Buddha has been forgotten.",,sekiro
Rot Essence: Newcomer,,sekiro
"The coughing and wheezing comes from one who travels frequently, looking to expand his business.",,sekiro
Rot Essence: Sculptor,,sekiro
The man who coughs zealously sculpts statues of Buddha to avoid being consumed by the building flames.,,sekiro
Rot Essence: Surgeons,,sekiro
The coughing and wheezing are coming from a deeply troubled pair of researchers who are nonetheless tireless in their work.,,sekiro
Rot Essence: Thirsty One,,sekiro
The coughing and wheezing sounds of a man who is both frightened and thirsty.,,sekiro
Rot Essence: Wartorn Mob,,sekiro
"The coughing and wheezing sounds of one who is near death. The man who coughs has witnessed endless battles, making offerings to the dead in the battlefield outside Ashina Castle Gate.",,sekiro
Rot Essence: Toxic Mob,,sekiro
"He who coughs finds himself near poisonous pools, He works to make offerings to those Buddha cannot save.",,sekiro
Reduces one's chances of receiving Unseen Aid.,,sekiro
Rot Essence: Drunk Mob,,sekiro
"The coughing and wheezing sounds of a drunk who has forgotten the sincerity of offerings, yet offers them regardless.",,sekiro
Rot Essence: Fine Son,,sekiro
The coughing and wheezing sounds of a man thinking only of his sick mother.,,sekiro
Rot Essence: Timid Maid,,sekiro
The coughing and wheezing sounds of an old woman deeply worried about her beloved master.,,sekiro
Rotting Prisoner's Note,,sekiro
A note left by a dead and rotting man in the Abandoned Dungeon.,,sekiro
A memo detailing the whereabouts of a Kodachi short sword known as Sabimaru.,,sekiro
Hints as to where the Sabimaru Prosthetic tool can be found.,,sekiro
A pink-colored crystal created when an Oathbound breaks their connection with a Divine Heir.,,sekiro
Increases Resurrective Power to allow an additional resurrection.,,sekiro
Second Prayer Necklace,,sekiro
"Loose prayer beads strung together in offering to a Sculptor's Idol. In Ashina, there is a towering pink ogre of a man, said to have gone red-eyed and run amok before he was long shut away in a forsaken dungeon...",,sekiro
Secret Passage Key,,sekiro
The key to the secret passage that leads out of Ashina Castle.,,sekiro
Unlocks the secret passage located at the end of the moat in the Ashina Reservoir.,,sekiro
Senpou Esoteric Text,,sekiro
A book of secrets that grants the ability to learn 'Senpou Style' skills,,sekiro
Unlocks the Temple Arts - Skill Tree,,sekiro
Seventh Prayer Necklace,,sekiro
"Loose prayer beads strung together in offering to a Sculptor's Idol. An unrivaled sumo wrestler once served a great feudal lord. Dismissed after giving to drink, he fell to a life of brigandry. And so he was dubbed Juzou the Drunkard.",,sekiro
A stone found on an altar deep within the village of the water-dwellers.,,sekiro
Shinobi Esoteric Text,,sekiro
A book of secrets that grants the ability to learn 'Shinobi Style' skills,,sekiro
Unlocks the Shinobi Arts - Skill Tree,,sekiro
"The artificial arm of a Shinobi, passed down by the Sculptor.",,sekiro
The Wolf's secondary weapon used to load a variety of Prosthetic Tools,,sekiro
Sixth Prayer Necklace,,sekiro
"Loose prayer beads strung together in offering to a Sculptor's Idol. The Centipedes will seek out a leader, often changing names out of loyalty. Centipedes chiefs are known as 'Long-arms,' for their large talon-like weapons.",,sekiro
Surgeon's Bloody Letter,,sekiro
A worn and bloodstained letter from Dosaku.,,sekiro
Given by Doujun.,,sekiro
Surgeon's Stained Letter,,sekiro
"A tattered, blood-covered note written by Dosaku, the surgeon in the Abandoned Dungeon.",,sekiro
Third Prayer Necklace,,sekiro
"Loose prayer beads strung together in offering to a Sculptor's Idol. The bull was a fiery, rampaging beast and nothing more. In the last great war, the corpses of Ashina samurai piled high. Something had to be done.",,sekiro
Three-story Pagoda Memo,,sekiro
Memo describing the three-story pagoda.,,sekiro
Depicts where to find the Mist Raven Tool in Hirata Estate.,,sekiro
Treasure Carp Scale,,sekiro
A sparkling scale from a Treasure Carp,,sekiro
"Tradeable item to be given to the merchant, Pot Noble Harunaga.",,sekiro
Truly Precious Bait,,sekiro
This is truly precious bait.,,sekiro
Used to kill the Great Carp.,,sekiro
"A bottle of cloudy, unrefined sake",,sekiro
"Can Be Given to The Sculptor, Lady Emma or Isshin.",,sekiro
Valley Apparitions Memo,,sekiro
A note about apparitions in the sunken Valley.,,sekiro
A lore note about a Shichimen Warrior's appearance in the Great Ape's burrow.,,sekiro
Water of the Palace,,sekiro
"A cup filled with divine waters, a drink popular with nobles of the palace.",,sekiro
Give to the Noble in Mibu Village.,,sekiro
A small pinwheel made from white paper,,sekiro
Given to Kotaro to complete his quest. Kotaro can then be teleported by using Divine Abduction twice on him. Talking to him at the Illusion Hall rewards Taro Persimmon.,,sekiro
Young Lord's Bell Charm,,sekiro
Protects their holders through Buddha's divine protection,,sekiro
Transports Sekiro to Hirata Estates to an unknown period of time.,,sekiro
An Ashina trade promissory note. Matabei Anayama's last piece of product.,,sekiro
Discounts the cost of items by 10% when purchasing from Merchants.,,sekiro
Memory: Inner Genichiro,,sekiro
Memory: Inner Father,,sekiro
Memory: Inner Isshin,,sekiro
Remnant: Inner Genichiro,,sekiro
"The battle memory of an extraordinary foe. Although distant, recollection of such a memory provided sustenance for the Wolf.",,sekiro
Remnant: Inner Isshin,,sekiro
Remnant: Inner Father,,sekiro
